Timestamp,prompt_Open,prompt_High,prompt_Low,prompt_Close,prompt_Contract,prompt_days_till_expiry,next_Open,next_High,next_Low,next_Close,next_Contract,next_days_till_expiry
2023-06-25,30711.4,31939.0,30651.0,30880.3,BTCUSDT_230929,96.33333333333333,,,,,,
2023-06-26,30881.2,31080.0,30340.0,30688.1,BTCUSDT_230929,95.33333333333333,,,,,,
2023-06-27,30682.4,31492.2,30640.1,31201.8,BTCUSDT_230929,94.33333333333333,,,,,,
2023-06-28,31196.2,31211.5,30313.9,30574.8,BTCUSDT_230929,93.33333333333333,,,,,,
2023-06-29,30573.9,31358.2,30522.3,30998.1,BTCUSDT_230929,92.33333333333333,,,,,,
2023-06-30,30991.2,31849.2,30000.0,30994.5,BTCUSDT_230929,91.33333333333333,,,,,,
2023-07-01,30988.9,31195.8,30821.8,31133.1,BTCUSDT_230929,90.33333333333333,,,,,,
2023-07-02,31133.2,31359.8,30690.0,31178.1,BTCUSDT_230929,89.33333333333333,,,,,,
2023-07-03,31179.2,31978.9,31145.7,31730.8,BTCUSDT_230929,88.33333333333333,,,,,,
2023-07-04,31733.7,31908.8,31189.9,31314.1,BTCUSDT_230929,87.33333333333333,,,,,,
2023-07-05,31314.0,31436.4,30741.5,31053.2,BTCUSDT_230929,86.33333333333333,,,,,,
2023-07-06,31054.0,32139.1,30394.0,30441.5,BTCUSDT_230929,85.33333333333333,,,,,,
2023-07-07,30434.9,31020.9,30249.0,30910.8,BTCUSDT_230929,84.33333333333333,,,,,,
2023-07-08,30912.4,30959.1,30575.0,30826.0,BTCUSDT_230929,83.33333333333333,,,,,,
2023-07-09,30826.3,30994.1,30581.3,30696.4,BTCUSDT_230929,82.33333333333333,,,,,,
2023-07-10,30697.4,31604.0,30476.8,30941.0,BTCUSDT_230929,81.33333333333333,,,,,,
2023-07-11,30941.0,31362.7,30838.9,31184.4,BTCUSDT_230929,80.33333333333333,,,,,,
2023-07-12,31182.5,31560.0,30724.0,30910.5,BTCUSDT_230929,79.33333333333333,,,,,,
2023-07-13,30914.1,32376.0,30777.4,31984.4,BTCUSDT_230929,78.33333333333333,,,,,,
2023-07-14,31988.8,32170.7,30397.7,30824.2,BTCUSDT_230929,77.33333333333333,,,,,,
2023-07-15,30818.6,30907.7,30750.0,30794.7,BTCUSDT_230929,76.33333333333333,,,,,,
2023-07-16,30795.4,30936.9,30538.1,30736.8,BTCUSDT_230929,75.33333333333333,,,,,,
2023-07-17,30734.4,30844.7,30084.2,30590.0,BTCUSDT_230929,74.33333333333333,,,,,,
2023-07-18,30590.0,30712.3,29907.0,30308.3,BTCUSDT_230929,73.33333333333333,,,,,,
2023-07-19,30303.0,30646.8,30201.6,30352.1,BTCUSDT_230929,72.33333333333333,,,,,,
2023-07-20,30352.7,30870.6,30004.8,30260.1,BTCUSDT_230929,71.33333333333333,,,,,,
2023-07-21,30261.9,30526.7,30180.0,30344.7,BTCUSDT_230929,70.33333333333333,,,,,,
2023-07-22,30352.3,30453.6,30030.9,30208.1,BTCUSDT_230929,69.33333333333333,,,,,,
2023-07-23,30206.6,30777.0,30138.5,30501.5,BTCUSDT_230929,68.33333333333333,,,,,,
2023-07-24,30499.6,30518.7,29250.0,29579.5,BTCUSDT_230929,67.33333333333333,,,,,,
2023-07-25,29580.1,29782.1,29451.5,29632.4,BTCUSDT_230929,66.33333333333333,,,,,,
2023-07-26,29632.9,30108.3,29499.9,29763.3,BTCUSDT_230929,65.33333333333333,,,,,,
2023-07-27,29764.8,29994.3,29456.6,29613.9,BTCUSDT_230929,64.33333333333333,,,,,,
2023-07-28,29614.0,29944.6,29514.8,29703.6,BTCUSDT_230929,63.333333333333336,,,,,,
2023-07-29,29705.6,29799.0,29637.8,29736.4,BTCUSDT_230929,62.333333333333336,,,,,,
2023-07-30,29735.7,29838.8,29365.1,29645.5,BTCUSDT_230929,61.333333333333336,,,,,,
2023-07-31,29645.1,29910.0,29468.6,29593.3,BTCUSDT_230929,60.333333333333336,,,,,,
2023-08-01,29595.7,30117.9,28904.0,30086.0,BTCUSDT_230929,59.333333333333336,,,,,,
2023-08-02,30080.5,30428.8,29262.5,29571.3,BTCUSDT_230929,58.333333333333336,,,,,,
2023-08-03,29577.2,29839.8,29339.1,29577.1,BTCUSDT_230929,57.333333333333336,,,,,,
2023-08-04,29576.1,29724.9,29150.0,29494.0,BTCUSDT_230929,56.333333333333336,,,,,,
2023-08-05,29494.0,29549.2,29377.4,29473.0,BTCUSDT_230929,55.333333333333336,,,,,,
2023-08-06,29474.0,29594.5,29376.3,29471.0,BTCUSDT_230929,54.333333333333336,,,,,,
2023-08-07,29472.3,29670.2,29061.5,29581.7,BTCUSDT_230929,53.333333333333336,,,,,,
2023-08-08,29581.9,30541.3,29516.0,30074.9,BTCUSDT_230929,52.333333333333336,,,,,,
2023-08-09,30077.8,30459.4,29717.4,29925.9,BTCUSDT_230929,51.333333333333336,,,,,,
2023-08-10,29925.9,30080.0,29644.7,29795.5,BTCUSDT_230929,50.333333333333336,,,,,,
2023-08-11,29795.5,29902.8,29551.6,29760.8,BTCUSDT_230929,49.333333333333336,,,,,,
2023-08-12,29761.2,29817.1,29704.1,29756.4,BTCUSDT_230929,48.333333333333336,,,,,,
2023-08-13,29756.3,29791.2,29590.0,29615.4,BTCUSDT_230929,47.333333333333336,,,,,,
2023-08-14,29615.1,30016.3,29400.0,29743.0,BTCUSDT_230929,46.333333333333336,,,,,,
2023-08-15,29743.1,29823.1,29388.1,29504.7,BTCUSDT_230929,45.333333333333336,,,,,,
2023-08-16,29504.1,29574.8,29021.1,29023.5,BTCUSDT_230929,44.333333333333336,,,,,,
2023-08-17,29027.4,29082.7,24658.3,26861.0,BTCUSDT_230929,43.333333333333336,,,,,,
2023-08-18,26862.0,27054.4,25800.0,26259.1,BTCUSDT_230929,42.333333333333336,27367.0,27367.1,26140.6,26547.8,BTCUSDT_231229,133.33333333333334
2023-08-19,26259.5,26481.0,25991.9,26303.7,BTCUSDT_230929,41.333333333333336,26551.7,26840.8,26293.6,26676.0,BTCUSDT_231229,132.33333333333334
2023-08-20,26303.4,26482.2,26157.2,26368.6,BTCUSDT_230929,40.333333333333336,26676.2,26895.6,26563.7,26773.5,BTCUSDT_231229,131.33333333333334
2023-08-21,26369.7,26444.3,25974.9,26286.4,BTCUSDT_230929,39.333333333333336,26773.4,26873.5,26447.7,26735.8,BTCUSDT_231229,130.33333333333334
2023-08-22,26289.1,26307.1,25439.8,26232.3,BTCUSDT_230929,38.333333333333336,26744.9,26752.4,26000.1,26620.4,BTCUSDT_231229,129.33333333333334
2023-08-23,26229.1,26980.8,25954.2,26572.3,BTCUSDT_230929,37.333333333333336,26635.1,27429.0,26379.1,27025.3,BTCUSDT_231229,128.33333333333334
2023-08-24,26573.1,26721.6,25990.0,26306.9,BTCUSDT_230929,36.333333333333336,27012.3,27149.0,26437.7,26770.1,BTCUSDT_231229,127.33333333333333
2023-08-25,26306.9,26451.8,25900.0,26176.0,BTCUSDT_230929,35.333333333333336,26772.1,26895.0,26365.4,26632.2,BTCUSDT_231229,126.33333333333333
2023-08-26,26178.8,26242.6,26090.7,26121.7,BTCUSDT_230929,34.333333333333336,26634.3,26710.6,26551.0,26580.0,BTCUSDT_231229,125.33333333333333
2023-08-27,26120.2,26278.8,26074.4,26194.9,BTCUSDT_230929,33.333333333333336,26578.9,26750.0,26538.8,26640.4,BTCUSDT_231229,124.33333333333333
2023-08-28,26194.8,26346.6,25948.9,26208.5,BTCUSDT_230929,32.333333333333336,26640.2,26792.0,26414.7,26636.6,BTCUSDT_231229,123.33333333333333
2023-08-29,26202.7,28240.5,26005.0,27800.8,BTCUSDT_230929,31.333333333333332,26637.6,28709.4,26460.0,28222.0,BTCUSDT_231229,122.33333333333333
2023-08-30,27803.5,27861.3,27050.0,27384.0,BTCUSDT_230929,30.333333333333332,28221.9,28265.5,27505.1,27808.7,BTCUSDT_231229,121.33333333333333
2023-08-31,27384.1,27718.2,25704.2,26009.7,BTCUSDT_230929,29.333333333333332,27806.3,28098.0,26115.4,26428.6,BTCUSDT_231229,120.33333333333333
2023-09-01,26006.8,26229.3,25400.0,25877.7,BTCUSDT_230929,28.333333333333332,26429.0,26635.8,25824.1,26306.5,BTCUSDT_231229,119.33333333333333
2023-09-02,25881.3,26051.1,25811.3,25935.7,BTCUSDT_230929,27.333333333333332,26297.9,26464.9,26215.3,26342.7,BTCUSDT_231229,118.33333333333333
2023-09-03,25936.4,26214.8,25852.8,26033.0,BTCUSDT_230929,26.333333333333332,26342.7,26600.0,26250.0,26425.5,BTCUSDT_231229,117.33333333333333
2023-09-04,26032.6,26165.0,25661.4,25855.7,BTCUSDT_230929,25.333333333333332,26423.9,26544.0,26034.4,26240.0,BTCUSDT_231229,116.33333333333333
2023-09-05,25859.3,25946.9,25585.1,25829.3,BTCUSDT_230929,24.333333333333332,26239.7,26301.6,25990.0,26189.7,BTCUSDT_231229,115.33333333333333
2023-09-06,25830.8,26094.0,25400.0,25799.8,BTCUSDT_230929,23.333333333333332,26189.8,26450.6,25714.5,26141.1,BTCUSDT_231229,114.33333333333333
2023-09-07,25800.0,26499.9,25652.1,26301.7,BTCUSDT_230929,22.333333333333332,26145.4,26865.6,26000.1,26644.0,BTCUSDT_231229,113.33333333333333
2023-09-08,26301.3,26495.8,25687.6,25955.1,BTCUSDT_230929,21.333333333333332,26647.3,26842.3,26043.7,26245.1,BTCUSDT_231229,112.33333333333333
2023-09-09,25954.0,25986.5,25825.0,25942.9,BTCUSDT_230929,20.333333333333332,26248.0,26275.2,26138.0,26224.1,BTCUSDT_231229,111.33333333333333
2023-09-10,25947.9,26075.4,25562.0,25866.2,BTCUSDT_230929,19.333333333333332,26230.8,26387.6,25900.0,26160.6,BTCUSDT_231229,110.33333333333333
2023-09-11,25865.5,25938.3,24913.1,25186.6,BTCUSDT_230929,18.333333333333332,26162.7,26239.4,25209.2,25488.9,BTCUSDT_231229,109.33333333333333
2023-09-12,25186.7,26626.6,25159.2,25876.5,BTCUSDT_230929,17.333333333333332,25488.9,27200.0,25447.0,26179.1,BTCUSDT_231229,108.33333333333333
2023-09-13,25875.7,26438.1,25798.9,26253.6,BTCUSDT_230929,16.333333333333332,26180.2,26746.3,26088.6,26557.2,BTCUSDT_231229,107.33333333333333
2023-09-14,26254.1,26899.7,26153.8,26552.7,BTCUSDT_230929,15.333333333333334,26555.2,27200.0,26465.0,26850.1,BTCUSDT_231229,106.33333333333333
2023-09-15,26549.0,26928.5,26232.2,26630.1,BTCUSDT_230929,14.333333333333334,26851.1,27250.0,26550.0,26938.3,BTCUSDT_231229,105.33333333333333
2023-09-16,26628.1,26810.0,26466.0,26580.3,BTCUSDT_230929,13.333333333333334,26937.0,27130.4,26778.3,26890.7,BTCUSDT_231229,104.33333333333333
2023-09-17,26579.7,26640.6,26415.6,26535.8,BTCUSDT_230929,12.333333333333334,26882.8,26952.7,26723.6,26852.8,BTCUSDT_231229,103.33333333333333
2023-09-18,26535.4,27435.1,26366.6,26775.5,BTCUSDT_230929,11.333333333333334,26860.9,27721.2,26690.0,27080.6,BTCUSDT_231229,102.33333333333333
2023-09-19,26772.5,27511.8,26680.1,27204.0,BTCUSDT_230929,10.333333333333334,27068.5,27800.0,26971.5,27517.6,BTCUSDT_231229,101.33333333333333
2023-09-20,27215.6,27394.1,26762.4,27129.6,BTCUSDT_230929,9.333333333333334,27516.5,27700.0,27125.0,27443.2,BTCUSDT_231229,100.33333333333333
2023-09-21,27126.5,27164.7,26387.0,26579.4,BTCUSDT_230929,8.333333333333334,27441.6,27488.9,26700.0,26874.8,BTCUSDT_231229,99.33333333333333
2023-09-22,26575.3,26768.6,26477.6,26588.6,BTCUSDT_230929,7.333333333333333,26879.2,27068.0,26764.8,26888.3,BTCUSDT_231229,98.33333333333333
2023-09-23,26886.9,26960.0,26832.3,26887.9,BTCUSDT_231229,97.33333333333333,,,,,,
2023-09-24,26890.5,27039.9,26367.9,26539.1,BTCUSDT_231229,96.33333333333333,,,,,,
2023-09-25,26522.8,26741.0,26272.5,26585.7,BTCUSDT_231229,95.33333333333333,,,,,,
2023-09-26,26587.8,26685.9,26370.8,26518.6,BTCUSDT_231229,94.33333333333333,,,,,,
2023-09-27,26512.3,27180.7,26424.0,26665.8,BTCUSDT_231229,93.33333333333333,,,,,,
2023-09-28,26669.8,27639.0,26645.1,27348.7,BTCUSDT_231229,92.33333333333333,,,,,,
2023-09-29,27341.9,27586.7,26966.0,27236.3,BTCUSDT_231229,91.33333333333333,27738.4,28094.9,27338.2,27535.7,BTCUSDT_240329,182.33333333333334
2023-09-30,27236.6,27409.0,27212.9,27281.8,BTCUSDT_231229,90.33333333333333,27538.0,27750.0,27492.2,27613.8,BTCUSDT_240329,181.33333333333334
2023-10-01,27277.8,29000.0,27272.2,28340.7,BTCUSDT_231229,89.33333333333333,27613.8,28994.2,27603.2,28659.3,BTCUSDT_240329,180.33333333333334
2023-10-02,28340.7,28953.0,27606.0,27837.6,BTCUSDT_231229,88.33333333333333,28661.5,29279.3,27962.5,28181.8,BTCUSDT_240329,179.33333333333334
2023-10-03,27837.7,28010.1,27500.0,27776.5,BTCUSDT_231229,87.33333333333333,28184.4,28320.0,27807.0,28104.4,BTCUSDT_240329,178.33333333333334
2023-10-04,27760.9,28230.0,27541.0,28157.7,BTCUSDT_231229,86.33333333333333,28100.9,28542.8,27913.0,28487.0,BTCUSDT_240329,177.33333333333334
2023-10-05,28153.9,28488.0,27709.2,27765.9,BTCUSDT_231229,85.33333333333333,28487.1,28819.9,28040.6,28081.9,BTCUSDT_240329,176.33333333333334
2023-10-06,27764.4,28666.0,27513.8,28296.7,BTCUSDT_231229,84.33333333333333,28093.8,28984.9,27831.1,28600.5,BTCUSDT_240329,175.33333333333334
2023-10-07,28290.8,28379.6,28200.0,28313.8,BTCUSDT_231229,83.33333333333333,28606.0,28710.7,28521.7,28617.3,BTCUSDT_240329,174.33333333333334
2023-10-08,28302.7,28464.1,28009.2,28262.7,BTCUSDT_231229,82.33333333333333,28617.4,28762.4,28369.2,28573.8,BTCUSDT_240329,173.33333333333334
2023-10-09,28259.5,28329.0,27587.8,27923.6,BTCUSDT_231229,81.33333333333333,28570.0,28646.0,27929.6,28244.1,BTCUSDT_240329,172.33333333333334
2023-10-10,27923.9,28069.6,27613.5,27718.1,BTCUSDT_231229,80.33333333333333,28252.4,28396.8,27955.0,28041.6,BTCUSDT_240329,171.33333333333334
2023-10-11,27715.2,27812.6,26791.1,27167.6,BTCUSDT_231229,79.33333333333333,28053.4,28145.7,27064.4,27452.8,BTCUSDT_240329,170.33333333333334
2023-10-12,27160.9,27233.2,26840.0,27067.6,BTCUSDT_231229,78.33333333333333,27452.8,27532.1,27064.0,27320.5,BTCUSDT_240329,169.33333333333334
2023-10-13,27061.3,27417.6,26958.9,27137.6,BTCUSDT_231229,77.33333333333333,27320.6,27654.9,27221.2,27371.8,BTCUSDT_240329,168.33333333333334
2023-10-14,27138.8,27260.6,27063.1,27122.2,BTCUSDT_231229,76.33333333333333,27371.8,27498.1,27316.2,27357.8,BTCUSDT_240329,167.33333333333334
2023-10-15,27121.7,27553.4,27076.6,27411.9,BTCUSDT_231229,75.33333333333333,27357.2,27800.0,27316.8,27668.9,BTCUSDT_240329,166.33333333333334
2023-10-16,27416.4,30786.6,27359.8,28761.5,BTCUSDT_231229,74.33333333333333,27667.7,31194.7,27626.0,29038.0,BTCUSDT_240329,165.33333333333334
2023-10-17,28772.1,28884.0,28330.0,28653.6,BTCUSDT_231229,73.33333333333333,29038.0,29150.0,28600.0,28932.3,BTCUSDT_240329,164.33333333333334
2023-10-18,28651.9,29295.6,28390.1,28610.4,BTCUSDT_231229,72.33333333333333,28931.4,29530.0,28689.2,28856.8,BTCUSDT_240329,163.33333333333334
2023-10-19,28609.0,29200.0,28380.0,28984.9,BTCUSDT_231229,71.33333333333333,28847.4,29450.0,28671.8,29250.2,BTCUSDT_240329,162.33333333333334
2023-10-20,28985.4,30550.5,28853.2,29930.1,BTCUSDT_231229,70.33333333333333,29249.2,30835.5,29124.4,30188.6,BTCUSDT_240329,161.33333333333334
2023-10-21,29931.3,30657.7,29725.8,30171.2,BTCUSDT_231229,69.33333333333333,30192.4,30942.0,29991.1,30426.8,BTCUSDT_240329,160.33333333333334
2023-10-22,30165.9,30513.6,29876.0,30279.9,BTCUSDT_231229,68.33333333333333,30428.4,30809.3,30183.8,30530.0,BTCUSDT_240329,159.33333333333334
2023-10-23,30280.5,36313.8,30162.5,33414.4,BTCUSDT_231229,67.33333333333333,30553.2,36784.2,30426.1,33759.7,BTCUSDT_240329,158.33333333333334
2023-10-24,33439.1,35684.3,33192.8,34299.9,BTCUSDT_231229,66.33333333333333,33759.7,36000.0,33548.2,34632.4,BTCUSDT_240329,157.33333333333334
2023-10-25,34305.3,35567.9,34088.3,34908.9,BTCUSDT_231229,65.33333333333333,34585.5,35971.0,34432.4,35301.7,BTCUSDT_240329,156.33333333333334
2023-10-26,34918.9,35271.2,34191.6,34628.9,BTCUSDT_231229,64.33333333333333,35300.0,35645.1,34556.2,35014.2,BTCUSDT_240329,155.33333333333334
2023-10-27,34626.0,34726.5,33756.5,34344.0,BTCUSDT_231229,63.333333333333336,35014.3,35113.5,34250.0,34752.0,BTCUSDT_240329,154.33333333333334
2023-10-28,34343.2,34990.6,34317.4,34551.8,BTCUSDT_231229,62.333333333333336,34745.3,35449.3,34722.2,34994.8,BTCUSDT_240329,153.33333333333334
2023-10-29,34541.6,35257.8,34387.2,35005.4,BTCUSDT_231229,61.333333333333336,34993.9,35735.8,34841.8,35472.7,BTCUSDT_240329,152.33333333333334
2023-10-30,35006.2,35355.4,34516.0,34959.2,BTCUSDT_231229,60.333333333333336,35489.4,35890.0,35028.0,35474.9,BTCUSDT_240329,151.33333333333334
2023-10-31,34960.8,35218.7,34481.6,35135.1,BTCUSDT_231229,59.333333333333336,35464.1,35732.0,34985.9,35650.8,BTCUSDT_240329,150.33333333333334
2023-11-01,35127.4,36271.9,34532.4,35948.0,BTCUSDT_231229,58.333333333333336,35659.0,36788.1,35110.2,36574.6,BTCUSDT_240329,149.33333333333334
2023-11-02,35958.3,36561.1,34777.9,35442.0,BTCUSDT_231229,57.333333333333336,36588.7,37196.7,35380.9,36085.0,BTCUSDT_240329,148.33333333333334
2023-11-03,35453.1,35457.6,34605.0,35199.7,BTCUSDT_231229,56.333333333333336,36089.4,36090.5,35196.1,35853.6,BTCUSDT_240329,147.33333333333334
2023-11-04,35190.2,35744.1,35066.7,35548.8,BTCUSDT_231229,55.333333333333336,35853.0,36434.9,35707.9,36214.2,BTCUSDT_240329,146.33333333333334
2023-11-05,35550.1,35963.2,34777.6,35557.1,BTCUSDT_231229,54.333333333333336,36218.1,36696.0,35530.2,36274.9,BTCUSDT_240329,145.33333333333334
2023-11-06,35545.4,35826.9,35249.2,35589.1,BTCUSDT_231229,53.333333333333336,36267.1,36500.0,35931.8,36269.2,BTCUSDT_240329,144.33333333333334
2023-11-07,35585.0,36445.5,35017.4,35935.8,BTCUSDT_231229,52.333333333333336,36278.9,37228.0,35750.0,36697.5,BTCUSDT_240329,143.33333333333334
2023-11-08,35938.2,36679.9,35571.9,36141.5,BTCUSDT_231229,51.333333333333336,36720.4,37477.3,36375.1,36942.7,BTCUSDT_240329,142.33333333333334
2023-11-09,36141.6,38753.2,36052.2,37212.8,BTCUSDT_231229,50.333333333333336,36956.3,39518.4,36864.2,38069.7,BTCUSDT_240329,141.33333333333334
2023-11-10,37206.4,38079.3,36868.9,37861.1,BTCUSDT_231229,49.333333333333336,38063.5,38984.1,37696.8,38763.7,BTCUSDT_240329,140.33333333333334
2023-11-11,37864.1,37952.2,37099.6,37658.8,BTCUSDT_231229,48.333333333333336,38763.7,38820.8,37943.4,38595.1,BTCUSDT_240329,139.33333333333334
2023-11-12,37657.6,37763.9,37204.7,37604.6,BTCUSDT_231229,47.333333333333336,38574.7,38681.3,38060.4,38537.6,BTCUSDT_240329,138.33333333333334
2023-11-13,37602.6,37967.7,36827.9,36992.0,BTCUSDT_231229,46.333333333333336,38565.2,38939.3,37763.1,37916.7,BTCUSDT_240329,137.33333333333334
2023-11-14,36995.8,37299.9,35000.0,36057.0,BTCUSDT_231229,45.333333333333336,37900.1,38246.8,36005.0,36919.0,BTCUSDT_240329,136.33333333333334
2023-11-15,36043.0,38562.7,35886.7,38444.8,BTCUSDT_231229,44.333333333333336,36929.0,39465.5,36714.3,39368.4,BTCUSDT_240329,135.33333333333334
2023-11-16,38444.6,38513.2,35933.8,36656.7,BTCUSDT_231229,43.333333333333336,39339.6,39434.9,36815.9,37521.7,BTCUSDT_240329,134.33333333333334
2023-11-17,36649.0,37360.1,36266.6,37065.5,BTCUSDT_231229,42.333333333333336,37513.2,38190.0,37161.4,37935.3,BTCUSDT_240329,133.33333333333334
2023-11-18,37058.1,37310.9,36569.7,36979.4,BTCUSDT_231229,41.333333333333336,37940.0,38128.2,37406.2,37788.3,BTCUSDT_240329,132.33333333333334
2023-11-19,36993.9,37955.1,36783.1,37792.8,BTCUSDT_231229,40.333333333333336,37766.8,38778.8,37547.9,38630.0,BTCUSDT_240329,131.33333333333334
2023-11-20,37803.5,38172.8,36911.4,37846.8,BTCUSDT_231229,39.333333333333336,38630.0,39050.0,37750.0,38738.1,BTCUSDT_240329,130.33333333333334
2023-11-21,37840.6,38073.2,36023.1,36045.1,BTCUSDT_231229,38.333333333333336,38710.1,38962.9,36815.9,36815.9,BTCUSDT_240329,129.33333333333334
2023-11-22,36036.1,38229.1,35898.5,37771.4,BTCUSDT_231229,37.333333333333336,36815.9,39149.0,36709.2,38679.9,BTCUSDT_240329,128.33333333333334
2023-11-23,37779.4,38023.8,37192.4,37636.1,BTCUSDT_231229,36.333333333333336,38697.0,38905.4,38100.0,38531.9,BTCUSDT_240329,127.33333333333333
2023-11-24,37658.3,38800.0,37604.8,38054.0,BTCUSDT_231229,35.333333333333336,38535.8,39746.0,38500.0,38970.4,BTCUSDT_240329,126.33333333333333
2023-11-25,38062.1,38260.2,37937.4,38136.1,BTCUSDT_231229,34.333333333333336,38970.3,39098.7,38780.7,38995.5,BTCUSDT_240329,125.33333333333333
2023-11-26,38139.5,38171.5,37451.1,37806.7,BTCUSDT_231229,33.333333333333336,38984.0,39029.9,38319.2,38684.4,BTCUSDT_240329,124.33333333333333
2023-11-27,37806.7,37927.6,36987.7,37547.1,BTCUSDT_231229,32.333333333333336,38677.2,38803.8,37801.1,38343.3,BTCUSDT_240329,123.33333333333333
2023-11-28,37550.8,38730.8,37171.2,38130.9,BTCUSDT_231229,31.333333333333332,38363.9,39589.9,37965.5,38955.1,BTCUSDT_240329,122.33333333333333
2023-11-29,38131.0,38821.9,37846.5,38141.3,BTCUSDT_231229,30.333333333333332,38971.6,39638.1,38650.0,38958.7,BTCUSDT_240329,121.33333333333333
2023-11-30,38137.3,38435.7,37742.3,38007.6,BTCUSDT_231229,29.333333333333332,38958.6,39285.7,38600.4,38841.3,BTCUSDT_240329,120.33333333333333
2023-12-01,38015.7,39312.0,37886.3,38983.7,BTCUSDT_231229,28.333333333333332,38851.4,40261.1,38756.6,39872.0,BTCUSDT_240329,119.33333333333333
2023-12-02,38981.7,40187.1,38932.9,39773.5,BTCUSDT_231229,27.333333333333332,39872.0,41040.2,39831.4,40678.3,BTCUSDT_240329,118.33333333333333
2023-12-03,39772.5,40663.4,39585.2,40283.1,BTCUSDT_231229,26.333333333333332,40678.3,41600.0,40500.1,41217.7,BTCUSDT_240329,117.33333333333333
2023-12-04,40283.2,42774.0,40283.2,42303.7,BTCUSDT_231229,25.333333333333332,41241.6,43800.0,41241.6,43306.5,BTCUSDT_240329,116.33333333333333
2023-12-05,42300.0,44744.8,41700.0,44284.6,BTCUSDT_231229,24.333333333333332,43305.9,45860.0,42700.0,45389.9,BTCUSDT_240329,115.33333333333333
2023-12-06,44293.3,44542.5,43586.2,43997.7,BTCUSDT_231229,23.333333333333332,45413.3,45678.4,44673.7,45120.0,BTCUSDT_240329,114.33333333333333
2023-12-07,43980.8,44290.5,43049.1,43561.3,BTCUSDT_231229,22.333333333333332,45133.5,45418.0,44130.3,44601.5,BTCUSDT_240329,113.33333333333333
2023-12-08,43544.2,45039.1,43348.3,44464.3,BTCUSDT_231229,21.333333333333332,44613.2,46214.2,44445.7,45601.6,BTCUSDT_240329,112.33333333333333
2023-12-09,44467.3,44667.9,43828.0,43997.9,BTCUSDT_231229,20.333333333333332,45615.3,45825.7,44953.6,45145.6,BTCUSDT_240329,111.33333333333333
2023-12-10,43988.2,44356.0,43841.6,44075.8,BTCUSDT_231229,19.333333333333332,45120.1,45496.5,44980.2,45221.8,BTCUSDT_240329,110.33333333333333
2023-12-11,44074.7,44094.3,40440.2,41521.3,BTCUSDT_231229,18.333333333333332,45222.3,45230.6,41531.0,42632.0,BTCUSDT_240329,109.33333333333333
2023-12-12,41510.9,42335.2,40905.5,41714.9,BTCUSDT_231229,17.333333333333332,42630.5,43531.6,42021.0,42854.5,BTCUSDT_240329,108.33333333333333
2023-12-13,41727.6,43707.1,40756.7,43081.1,BTCUSDT_231229,16.333333333333332,42859.6,44888.0,41871.3,44249.1,BTCUSDT_240329,107.33333333333333
2023-12-14,43084.4,43575.3,41500.1,43159.3,BTCUSDT_231229,15.333333333333334,44240.6,44774.4,42601.0,44265.4,BTCUSDT_240329,106.33333333333333
2023-12-15,43157.6,43230.1,41806.0,42093.5,BTCUSDT_231229,14.333333333333334,44271.4,44349.9,42944.0,43212.8,BTCUSDT_240329,105.33333333333333
2023-12-16,42099.0,42904.8,41763.0,42443.2,BTCUSDT_231229,13.333333333333334,43213.9,44057.6,42939.4,43584.1,BTCUSDT_240329,104.33333333333333
2023-12-17,42430.3,42624.6,41400.2,41498.4,BTCUSDT_231229,12.333333333333334,43595.0,43817.5,42517.1,42676.6,BTCUSDT_240329,103.33333333333333
2023-12-18,41498.7,42901.2,40650.1,42780.6,BTCUSDT_231229,11.333333333333334,42650.2,44156.2,41801.9,44005.2,BTCUSDT_240329,102.33333333333333
2023-12-19,42783.1,43658.5,41916.1,42358.7,BTCUSDT_231229,10.333333333333334,44006.4,44906.5,43125.6,43598.1,BTCUSDT_240329,101.33333333333333
2023-12-20,42355.1,44451.5,42291.2,43817.2,BTCUSDT_231229,9.333333333333334,43622.4,45800.0,43565.4,45145.8,BTCUSDT_240329,100.33333333333333
2023-12-21,43823.9,44428.3,43442.8,44025.9,BTCUSDT_231229,8.333333333333334,45166.3,45796.2,44713.8,45437.4,BTCUSDT_240329,99.33333333333333
2023-12-22,44026.0,44626.8,43560.8,44128.5,BTCUSDT_231229,7.333333333333333,45437.4,46046.2,44944.8,45598.3,BTCUSDT_240329,98.33333333333333
2023-12-23,45605.9,45623.2,44826.7,45312.0,BTCUSDT_240329,97.33333333333333,,,,,,
2023-12-24,45311.9,45589.3,44057.6,44539.9,BTCUSDT_240329,96.33333333333333,,,,,,
2023-12-25,44524.1,45460.0,44228.7,45213.0,BTCUSDT_240329,95.33333333333333,,,,,,
2023-12-26,45226.4,45251.6,43200.0,44131.7,BTCUSDT_240329,94.33333333333333,,,,,,
2023-12-27,44136.7,45456.6,43711.6,45173.7,BTCUSDT_240329,93.33333333333333,,,,,,
2023-12-28,45168.9,45631.7,44006.5,44324.8,BTCUSDT_240329,92.33333333333333,,,,,,
2023-12-29,44323.0,44946.2,42935.0,43880.1,BTCUSDT_240329,91.33333333333333,43460.1,46243.3,43460.1,45187.0,BTCUSDT_240628,182.33333333333334
2023-12-30,43876.8,44597.2,43297.1,44153.4,BTCUSDT_240329,90.33333333333333,45173.8,45995.5,44525.2,45516.3,BTCUSDT_240628,181.33333333333334
2023-12-31,44158.0,45108.7,44007.5,44400.4,BTCUSDT_240329,89.33333333333333,45483.8,46416.2,45317.6,45724.9,BTCUSDT_240628,180.33333333333334
2024-01-01,44381.4,46528.1,44280.3,46488.7,BTCUSDT_240329,88.33333333333333,45728.6,48070.8,45613.3,48032.4,BTCUSDT_240628,179.33333333333334
2024-01-02,46496.3,48450.2,46451.9,47241.5,BTCUSDT_240329,87.33333333333333,48053.1,49788.9,48016.9,48709.0,BTCUSDT_240628,178.33333333333334
2024-01-03,47244.7,47774.0,41847.4,44427.0,BTCUSDT_240329,86.33333333333333,48736.9,49335.3,43613.2,45973.5,BTCUSDT_240628,177.33333333333334
2024-01-04,44405.6,46430.3,44200.0,45786.1,BTCUSDT_240329,85.33333333333333,45964.7,47943.9,45757.4,47289.8,BTCUSDT_240628,176.33333333333334
2024-01-05,45790.4,45899.2,43751.7,45446.1,BTCUSDT_240329,84.33333333333333,47323.6,47401.6,45098.0,46870.5,BTCUSDT_240628,175.33333333333334
2024-01-06,45448.0,45539.4,44547.8,45251.0,BTCUSDT_240329,83.33333333333333,46880.0,46977.6,45908.8,46552.0,BTCUSDT_240628,174.33333333333334
2024-01-07,45249.4,45847.6,44918.4,45285.2,BTCUSDT_240329,82.33333333333333,46559.0,47059.7,46169.1,46525.7,BTCUSDT_240628,173.33333333333334
2024-01-08,45267.2,48715.0,44418.9,48395.3,BTCUSDT_240329,81.33333333333333,46491.3,50000.0,45667.8,49660.0,BTCUSDT_240628,172.33333333333334
2024-01-09,48388.5,49593.5,46031.0,47494.8,BTCUSDT_240329,80.33333333333333,49662.9,51050.6,47263.6,48863.3,BTCUSDT_240628,171.33333333333334
2024-01-10,47490.9,49064.0,45362.2,47953.1,BTCUSDT_240329,79.33333333333333,48867.9,50499.9,46763.4,49396.7,BTCUSDT_240628,170.33333333333334
2024-01-11,47962.2,50235.5,46658.9,47449.5,BTCUSDT_240329,78.33333333333333,49399.9,51775.4,48131.4,48920.2,BTCUSDT_240628,169.33333333333334
2024-01-12,47444.3,47551.8,42153.5,43678.4,BTCUSDT_240329,77.33333333333333,48906.9,49046.5,43425.4,45081.9,BTCUSDT_240628,168.33333333333334
2024-01-13,43685.3,44223.8,43390.4,43715.4,BTCUSDT_240329,76.33333333333333,45077.1,45500.0,44650.4,45001.1,BTCUSDT_240628,167.33333333333334
2024-01-14,43707.7,43885.0,42500.2,42502.9,BTCUSDT_240329,75.33333333333333,44991.7,45185.0,43677.3,43707.7,BTCUSDT_240628,166.33333333333334
2024-01-15,42512.0,44185.6,42478.3,43306.3,BTCUSDT_240329,74.33333333333333,43671.9,45478.4,43660.9,44611.2,BTCUSDT_240628,165.33333333333334
2024-01-16,43310.1,44429.6,42864.1,43965.1,BTCUSDT_240329,73.33333333333333,44597.2,45740.6,44101.5,45268.8,BTCUSDT_240628,164.33333333333334
2024-01-17,43951.9,44043.1,43046.8,43640.7,BTCUSDT_240329,72.33333333333333,45268.0,45316.0,44319.3,44941.5,BTCUSDT_240628,163.33333333333334
2024-01-18,43652.2,43835.2,41473.6,42088.2,BTCUSDT_240329,71.33333333333333,44937.6,45064.6,42635.4,43210.5,BTCUSDT_240628,162.33333333333334
2024-01-19,42098.0,43000.0,40984.9,42468.5,BTCUSDT_240329,70.33333333333333,43203.5,44071.4,42052.3,43582.6,BTCUSDT_240628,161.33333333333334
2024-01-20,42461.3,42648.2,42241.1,42465.8,BTCUSDT_240329,69.33333333333333,43565.7,43825.5,43330.4,43646.4,BTCUSDT_240628,160.33333333333334
2024-01-21,42470.2,42659.5,42273.8,42354.8,BTCUSDT_240329,68.33333333333333,43641.3,43877.9,43462.7,43559.6,BTCUSDT_240628,159.33333333333334
2024-01-22,42344.2,42469.1,40087.0,40222.0,BTCUSDT_240329,67.33333333333333,43563.5,43691.8,41000.0,41226.3,BTCUSDT_240628,158.33333333333334
2024-01-23,40220.0,40894.2,39192.6,40570.7,BTCUSDT_240329,66.33333333333333,41214.7,41903.6,40111.4,41653.9,BTCUSDT_240628,157.33333333333334
2024-01-24,40569.1,41235.2,40149.8,40756.2,BTCUSDT_240329,65.33333333333333,41662.4,42463.6,41270.0,41952.0,BTCUSDT_240628,156.33333333333334
2024-01-25,40757.3,41000.0,40222.3,40624.3,BTCUSDT_240329,64.33333333333333,41932.6,42206.3,41361.2,41856.4,BTCUSDT_240628,155.33333333333334
2024-01-26,40614.4,42917.5,40479.6,42452.3,BTCUSDT_240329,63.333333333333336,41842.1,43960.2,41610.6,43398.5,BTCUSDT_240628,154.33333333333334
2024-01-27,42452.1,42863.8,42052.1,42772.8,BTCUSDT_240329,62.333333333333336,43399.5,43803.3,42976.4,43742.5,BTCUSDT_240628,153.33333333333334
2024-01-28,42770.3,43528.4,42236.0,42672.0,BTCUSDT_240329,61.333333333333336,43742.5,44525.3,43236.0,43685.1,BTCUSDT_240628,152.33333333333334
2024-01-29,42677.5,43976.6,42435.0,43961.1,BTCUSDT_240329,60.333333333333336,43685.3,45055.2,43467.9,44990.5,BTCUSDT_240628,151.33333333333334
2024-01-30,43951.9,44547.5,43319.0,43587.2,BTCUSDT_240329,59.333333333333336,45002.9,45555.0,44304.7,44623.8,BTCUSDT_240628,150.33333333333334
2024-01-31,43584.6,44390.6,42837.2,43160.0,BTCUSDT_240329,58.333333333333336,44594.9,45499.3,43944.0,44226.7,BTCUSDT_240628,149.33333333333334
2024-02-01,43160.1,43847.0,42412.0,43613.2,BTCUSDT_240329,57.333333333333336,44239.1,44870.0,43409.0,44628.7,BTCUSDT_240628,148.33333333333334
2024-02-02,43613.2,44047.0,43103.1,43757.8,BTCUSDT_240329,56.333333333333336,44632.1,45067.9,44100.7,44759.7,BTCUSDT_240628,147.33333333333334
2024-02-03,43757.7,43957.5,43415.9,43539.9,BTCUSDT_240329,55.333333333333336,44759.6,44937.4,44415.7,44557.6,BTCUSDT_240628,146.33333333333334
2024-02-04,43535.4,43632.8,42690.0,43073.2,BTCUSDT_240329,54.333333333333336,44559.9,44636.6,43624.8,44112.8,BTCUSDT_240628,145.33333333333334
2024-02-05,43079.0,44080.2,42746.1,43162.9,BTCUSDT_240329,53.333333333333336,44111.2,45165.4,43769.7,44251.1,BTCUSDT_240628,144.33333333333334
2024-02-06,43159.8,43897.5,43014.5,43585.2,BTCUSDT_240329,52.333333333333336,44240.9,44954.5,44088.0,44662.9,BTCUSDT_240628,143.33333333333334
2024-02-07,43592.8,44917.0,43281.2,44889.1,BTCUSDT_240329,51.333333333333336,44663.1,45994.9,44355.0,45978.0,BTCUSDT_240628,142.33333333333334
2024-02-08,44886.0,46178.3,44852.9,45821.8,BTCUSDT_240329,50.333333333333336,45974.1,47307.0,45974.1,46952.4,BTCUSDT_240628,141.33333333333334
2024-02-09,45828.5,48843.7,45784.5,47725.2,BTCUSDT_240329,49.333333333333336,46954.4,50129.2,46890.0,48873.6,BTCUSDT_240628,140.33333333333334
2024-02-10,47717.2,48784.0,47425.7,48355.7,BTCUSDT_240329,48.333333333333336,48893.0,49949.0,48541.5,49488.5,BTCUSDT_240628,139.33333333333334
2024-02-11,48341.5,49229.7,48148.9,48993.5,BTCUSDT_240329,47.333333333333336,49479.0,50433.2,49310.9,50171.1,BTCUSDT_240628,138.33333333333334
2024-02-12,48999.4,51140.9,48384.0,50678.0,BTCUSDT_240329,46.333333333333336,50174.9,52500.0,49578.5,51926.1,BTCUSDT_240628,137.33333333333334
2024-02-13,50683.3,51160.0,48946.4,50361.2,BTCUSDT_240329,45.333333333333336,51926.1,52412.1,50201.4,51711.4,BTCUSDT_240628,136.33333333333334
2024-02-14,50359.5,52868.0,49873.2,52540.0,BTCUSDT_240329,44.333333333333336,51713.9,54307.0,51208.4,54012.4,BTCUSDT_240628,135.33333333333334
2024-02-15,52565.7,53555.0,52050.1,52652.7,BTCUSDT_240329,43.333333333333336,54006.4,55271.5,53699.2,54322.5,BTCUSDT_240628,134.33333333333334
2024-02-16,52651.0,53387.6,52327.3,52899.3,BTCUSDT_240329,42.333333333333336,54329.9,55064.5,53947.2,54610.3,BTCUSDT_240628,133.33333333333334
2024-02-17,52888.5,52949.6,51343.0,52445.2,BTCUSDT_240329,41.333333333333336,54616.4,54641.7,52887.9,54080.4,BTCUSDT_240628,132.33333333333334
2024-02-18,52443.7,53214.5,51936.0,52922.2,BTCUSDT_240329,40.333333333333336,54087.3,54986.6,53560.7,54652.6,BTCUSDT_240628,131.33333333333334
2024-02-19,52949.6,53317.3,52472.9,52552.1,BTCUSDT_240329,39.333333333333336,54686.1,55142.8,54077.8,54283.6,BTCUSDT_240628,130.33333333333334
2024-02-20,52550.7,53857.1,51449.6,52998.7,BTCUSDT_240329,38.333333333333336,54268.0,55715.3,53164.0,54817.1,BTCUSDT_240628,129.33333333333334
2024-02-21,53006.3,53114.4,51159.4,52496.9,BTCUSDT_240329,37.333333333333336,54829.1,55000.0,53002.7,54332.3,BTCUSDT_240628,128.33333333333334
2024-02-22,52505.6,52760.0,51559.8,51937.5,BTCUSDT_240329,36.333333333333336,54333.4,54585.9,53358.0,53745.2,BTCUSDT_240628,127.33333333333333
2024-02-23,51940.1,52189.6,51117.0,51364.4,BTCUSDT_240329,35.333333333333336,53740.3,54031.5,52948.0,53178.7,BTCUSDT_240628,126.33333333333333
2024-02-24,51366.4,52389.9,51200.3,52241.5,BTCUSDT_240329,34.333333333333336,53182.4,54243.9,52980.3,54080.0,BTCUSDT_240628,125.33333333333333
2024-02-25,52241.9,52763.6,51993.3,52469.4,BTCUSDT_240329,33.333333333333336,54087.9,54579.9,53853.4,54278.7,BTCUSDT_240628,124.33333333333333
2024-02-26,52471.0,55766.2,51591.6,55310.6,BTCUSDT_240329,32.333333333333336,54287.3,57815.7,53467.0,57284.2,BTCUSDT_240628,123.33333333333333
2024-02-27,55304.2,58545.9,55287.6,57947.6,BTCUSDT_240329,31.333333333333332,57284.2,60913.3,57274.6,60087.5,BTCUSDT_240628,122.33333333333333
2024-02-28,57948.2,65286.8,57561.1,63328.3,BTCUSDT_240329,30.333333333333332,60087.6,67749.9,59736.7,65722.3,BTCUSDT_240628,121.33333333333333
2024-02-29,63316.9,64729.0,61210.8,62117.3,BTCUSDT_240329,29.333333333333332,65727.2,67199.4,63554.0,64518.0,BTCUSDT_240628,120.33333333333333
2024-03-01,62110.8,64092.4,61767.2,63330.4,BTCUSDT_240329,28.333333333333332,64509.2,66603.3,64126.2,65640.0,BTCUSDT_240628,119.33333333333333
2024-03-02,63327.4,63389.9,62500.0,62994.9,BTCUSDT_240329,27.333333333333332,65634.5,65836.5,64952.8,65508.9,BTCUSDT_240628,118.33333333333333
2024-03-03,62989.4,64430.2,62347.9,64268.7,BTCUSDT_240329,26.333333333333332,65508.9,67186.3,65011.9,67009.5,BTCUSDT_240628,117.33333333333333
2024-03-04,64257.8,69949.6,63361.3,69669.5,BTCUSDT_240329,25.333333333333332,67012.2,72999.0,66289.1,72676.2,BTCUSDT_240628,116.33333333333333
2024-03-05,69656.5,71020.6,60364.6,65054.8,BTCUSDT_240329,24.333333333333332,72681.9,74224.2,63000.0,68113.3,BTCUSDT_240628,115.33333333333333
2024-03-06,65020.4,68909.4,63883.3,67215.0,BTCUSDT_240329,23.333333333333332,68081.2,72169.1,66547.0,70467.7,BTCUSDT_240628,114.33333333333333
2024-03-07,67216.7,69352.9,66676.2,68115.5,BTCUSDT_240329,22.333333333333332,70487.9,72216.0,69500.0,70897.3,BTCUSDT_240628,113.33333333333333
2024-03-08,68110.8,71660.3,67357.1,69276.2,BTCUSDT_240329,21.333333333333332,70912.6,74823.2,70196.8,72245.8,BTCUSDT_240628,112.33333333333333
2024-03-09,69294.1,69807.6,69012.0,69557.4,BTCUSDT_240329,20.333333333333332,72248.4,72764.7,71930.0,72616.6,BTCUSDT_240628,111.33333333333333
2024-03-10,69549.5,71329.3,69444.3,70319.6,BTCUSDT_240329,19.333333333333332,72616.4,74857.6,72515.7,73729.3,BTCUSDT_240628,110.33333333333333
2024-03-11,70317.3,74391.6,68296.0,73582.4,BTCUSDT_240329,18.333333333333332,73729.1,77981.0,71250.0,77209.7,BTCUSDT_240628,109.33333333333333
2024-03-12,73573.0,74583.2,69756.3,72622.8,BTCUSDT_240329,17.333333333333332,77200.0,78269.7,72011.8,76411.7,BTCUSDT_240628,108.33333333333333
2024-03-13,72629.0,75000.0,72500.9,73950.0,BTCUSDT_240329,16.333333333333332,76426.1,79152.7,76288.7,77980.9,BTCUSDT_240628,107.33333333333333
2024-03-14,73949.9,74756.7,69300.0,72319.0,BTCUSDT_240329,15.333333333333334,77989.4,78999.0,73003.1,76243.0,BTCUSDT_240628,106.33333333333333
2024-03-15,72318.3,73410.6,66178.0,70256.1,BTCUSDT_240329,14.333333333333334,76253.8,77419.6,70001.1,74204.6,BTCUSDT_240628,105.33333333333333
2024-03-16,70278.6,70831.6,65300.0,65869.6,BTCUSDT_240329,13.333333333333334,74179.9,74911.3,68750.0,69362.6,BTCUSDT_240628,104.33333333333333
2024-03-17,65845.4,69561.8,65050.0,68992.6,BTCUSDT_240329,12.333333333333334,69358.8,73759.2,68800.0,73250.0,BTCUSDT_240628,103.33333333333333
2024-03-18,69014.4,69545.7,67062.3,68001.1,BTCUSDT_240329,11.333333333333334,73264.2,73768.8,70858.2,71792.3,BTCUSDT_240628,102.33333333333333
2024-03-19,67999.3,68532.2,61846.4,62262.7,BTCUSDT_240329,10.333333333333334,71770.3,72431.3,65173.4,65513.0,BTCUSDT_240628,101.33333333333333
2024-03-20,62258.2,68520.2,61028.1,68219.9,BTCUSDT_240329,9.333333333333334,65491.1,72618.3,64120.5,72296.2,BTCUSDT_240628,100.33333333333333
2024-03-21,68214.6,68588.0,64834.4,65811.7,BTCUSDT_240329,8.333333333333334,72314.4,72745.2,68555.5,69550.0,BTCUSDT_240628,99.33333333333333
2024-03-22,65803.4,66885.3,62420.8,63989.4,BTCUSDT_240329,7.333333333333333,69549.9,70699.9,65845.4,67423.0,BTCUSDT_240628,98.33333333333333
2024-03-23,67424.9,69823.0,66700.1,67605.0,BTCUSDT_240628,97.33333333333333,,,,,,
2024-03-24,67548.1,71572.5,67361.5,71172.0,BTCUSDT_240628,96.33333333333333,,,,,,
2024-03-25,71180.2,75716.6,70218.7,74227.8,BTCUSDT_240628,95.33333333333333,,,,,,
2024-03-26,74212.4,76201.5,73583.3,74354.9,BTCUSDT_240628,94.33333333333333,,,,,,
2024-03-27,74350.5,76351.2,72644.1,73702.5,BTCUSDT_240628,93.33333333333333,,,,,,
2024-03-28,73703.2,76097.1,73015.8,75163.8,BTCUSDT_240628,92.33333333333333,,,,,,
2024-03-29,75157.8,75282.1,73396.9,74258.9,BTCUSDT_240628,91.33333333333333,70115.5,79098.7,70115.5,77521.9,BTCUSDT_240927,182.33333333333334
2024-03-30,74266.6,74940.0,74115.1,74146.5,BTCUSDT_240628,90.33333333333333,77535.6,78872.6,77372.1,78028.5,BTCUSDT_240927,181.33333333333334
2024-03-31,74155.8,77284.8,74127.3,77179.4,BTCUSDT_240628,89.33333333333333,78021.6,81502.7,78001.2,81330.4,BTCUSDT_240927,180.33333333333334
2024-04-01,77177.6,77177.6,72639.3,74225.5,BTCUSDT_240628,88.33333333333333,81324.1,81340.1,76300.0,77353.4,BTCUSDT_240927,179.33333333333334
2024-04-02,74212.1,74245.4,67943.2,68897.1,BTCUSDT_240628,87.33333333333333,77335.8,77386.5,70839.8,71899.2,BTCUSDT_240927,178.33333333333334
2024-04-03,68901.9,70173.0,67676.9,69142.1,BTCUSDT_240628,86.33333333333333,71900.2,73400.0,70558.0,72164.6,BTCUSDT_240927,177.33333333333334
2024-04-04,69127.9,72842.2,68220.9,71800.1,BTCUSDT_240628,85.33333333333333,72120.8,76207.9,71189.3,75082.0,BTCUSDT_240927,176.33333333333334
2024-04-05,71804.5,72084.3,69014.7,70971.3,BTCUSDT_240628,84.33333333333333,75070.8,75554.6,72248.3,74317.9,BTCUSDT_240927,175.33333333333334
2024-04-06,70972.9,72523.4,70571.2,71728.5,BTCUSDT_240628,83.33333333333333,74338.2,75780.7,73784.7,75021.9,BTCUSDT_240927,174.33333333333334
2024-04-07,71737.4,73363.3,71654.6,72301.3,BTCUSDT_240628,82.33333333333333,75035.1,76734.1,74939.4,75635.4,BTCUSDT_240927,173.33333333333334
2024-04-08,72289.4,76888.4,71948.2,75572.5,BTCUSDT_240628,81.33333333333333,75617.4,80430.0,75339.3,78799.4,BTCUSDT_240927,172.33333333333334
2024-04-09,75572.5,75710.1,71303.3,72238.0,BTCUSDT_240628,80.33333333333333,78809.0,78954.3,74867.2,75919.0,BTCUSDT_240927,171.33333333333334
2024-04-10,72198.1,74286.0,70517.0,73738.6,BTCUSDT_240628,79.33333333333333,75821.4,77869.5,74081.3,77321.4,BTCUSDT_240927,170.33333333333334
2024-04-11,73728.2,74466.4,72436.1,72927.8,BTCUSDT_240628,78.33333333333333,77325.4,77975.0,76036.7,76235.2,BTCUSDT_240927,169.33333333333334
2024-04-12,72934.0,74245.7,67366.5,69231.8,BTCUSDT_240628,77.33333333333333,76246.8,77686.5,70300.0,72636.2,BTCUSDT_240927,168.33333333333334
2024-04-13,69227.8,70107.0,60300.0,65425.9,BTCUSDT_240628,76.33333333333333,72629.0,73321.3,62670.9,68084.7,BTCUSDT_240927,167.33333333333334
2024-04-14,65391.6,67586.8,63703.1,67379.8,BTCUSDT_240628,75.33333333333333,68098.0,70170.1,66200.0,70027.8,BTCUSDT_240927,166.33333333333334
2024-04-15,67356.6,68950.5,63800.0,65038.9,BTCUSDT_240628,74.33333333333333,70022.6,71536.8,66177.6,67474.4,BTCUSDT_240927,165.33333333333334
2024-04-16,65066.0,65958.9,63054.6,65407.4,BTCUSDT_240628,73.33333333333333,67484.6,68145.4,65379.9,67655.1,BTCUSDT_240927,164.33333333333334
2024-04-17,65400.0,66200.6,60870.5,62593.6,BTCUSDT_240628,72.33333333333333,67652.1,68600.0,62693.5,64348.7,BTCUSDT_240927,163.33333333333334
2024-04-18,62593.9,65637.4,62126.6,64918.2,BTCUSDT_240628,71.33333333333333,64320.8,67519.3,63861.4,66744.7,BTCUSDT_240927,162.33333333333334
2024-04-19,64924.5,67082.9,60834.7,65010.8,BTCUSDT_240628,70.33333333333333,66755.1,68750.0,62457.5,66538.9,BTCUSDT_240927,161.33333333333334
2024-04-20,65009.0,66750.0,64256.2,66264.4,BTCUSDT_240628,69.33333333333333,66542.0,68360.8,65812.1,67965.8,BTCUSDT_240927,160.33333333333334
2024-04-21,66264.6,67136.5,65522.7,66314.4,BTCUSDT_240628,68.33333333333333,67971.1,68879.6,67288.9,68083.8,BTCUSDT_240927,159.33333333333334
2024-04-22,66317.5,68782.3,66026.3,68338.5,BTCUSDT_240628,67.33333333333333,68084.2,70899.0,67645.8,70475.8,BTCUSDT_240927,158.33333333333334
2024-04-23,68317.8,68725.7,67342.6,67892.2,BTCUSDT_240628,66.33333333333333,70463.1,70876.4,69332.9,70023.6,BTCUSDT_240927,157.33333333333334
2024-04-24,67891.6,68589.9,64925.4,65656.9,BTCUSDT_240628,65.33333333333333,70020.3,70771.6,67024.6,67826.1,BTCUSDT_240927,156.33333333333334
2024-04-25,65656.1,66579.3,64037.2,65734.2,BTCUSDT_240628,64.33333333333333,67806.9,68635.0,65986.3,67835.5,BTCUSDT_240927,155.33333333333334
2024-04-26,65742.6,66100.0,64494.9,64961.8,BTCUSDT_240628,63.333333333333336,67829.6,68148.2,66558.4,67001.4,BTCUSDT_240927,154.33333333333334
2024-04-27,64957.7,65127.7,63453.9,64606.5,BTCUSDT_240628,62.333333333333336,67005.9,67155.0,65400.0,66531.0,BTCUSDT_240927,153.33333333333334
2024-04-28,64594.5,65589.1,63861.1,64182.2,BTCUSDT_240628,61.333333333333336,66565.9,67552.9,65742.1,66099.1,BTCUSDT_240927,152.33333333333334
2024-04-29,64195.6,65309.7,62821.4,64944.2,BTCUSDT_240628,60.333333333333336,66079.3,67007.0,64500.0,66623.3,BTCUSDT_240927,151.33333333333334
2024-04-30,64947.3,65877.2,60000.0,61563.1,BTCUSDT_240628,59.333333333333336,66634.6,67563.1,61333.1,62941.2,BTCUSDT_240927,150.33333333333334
2024-05-01,61563.1,61752.1,57025.8,59073.8,BTCUSDT_240628,58.333333333333336,62940.7,63139.6,58036.2,60082.8,BTCUSDT_240927,149.33333333333334
2024-05-02,59072.2,60480.0,57672.9,59851.6,BTCUSDT_240628,57.333333333333336,60085.2,61647.5,58744.7,60970.6,BTCUSDT_240927,148.33333333333334
2024-05-03,59855.3,64233.5,59573.1,63749.9,BTCUSDT_240628,56.333333333333336,60966.5,65760.6,60713.8,65296.8,BTCUSDT_240927,147.33333333333334
2024-05-04,63749.8,65510.6,63448.2,64819.0,BTCUSDT_240628,55.333333333333336,65296.8,67143.0,65000.0,66483.2,BTCUSDT_240927,146.33333333333334
2024-05-05,64830.4,65695.0,63845.7,65000.3,BTCUSDT_240628,54.333333333333336,66480.6,67094.2,65428.1,66518.2,BTCUSDT_240927,145.33333333333334
2024-05-06,65018.8,66543.0,63632.0,64134.5,BTCUSDT_240628,53.333333333333336,66528.1,68099.9,65200.0,65774.5,BTCUSDT_240927,144.33333333333334
2024-05-07,64128.9,65400.2,63125.9,63190.5,BTCUSDT_240628,52.333333333333336,65780.8,67139.4,64836.7,64920.9,BTCUSDT_240927,143.33333333333334
2024-05-08,63183.7,63920.8,61725.1,62040.9,BTCUSDT_240628,51.333333333333336,64867.8,65611.1,63285.7,63656.8,BTCUSDT_240927,142.33333333333334
2024-05-09,62045.2,64278.2,61479.8,63897.2,BTCUSDT_240628,50.333333333333336,63637.2,65961.5,63056.0,65526.6,BTCUSDT_240927,141.33333333333334
2024-05-10,63892.3,64257.6,60896.7,61510.4,BTCUSDT_240628,49.333333333333336,65528.7,65855.1,62448.9,63006.1,BTCUSDT_240927,140.33333333333334
2024-05-11,61511.9,62281.3,61211.8,61560.2,BTCUSDT_240628,48.333333333333336,63021.5,63741.8,62655.6,63034.6,BTCUSDT_240927,139.33333333333334
2024-05-12,61564.0,62603.4,61341.0,62218.0,BTCUSDT_240628,47.333333333333336,63038.7,64094.4,62800.0,63708.0,BTCUSDT_240927,138.33333333333334
2024-05-13,62230.8,64242.0,61461.1,63693.9,BTCUSDT_240628,46.333333333333336,63723.9,65777.4,62962.9,65218.9,BTCUSDT_240927,137.33333333333334
2024-05-14,63689.0,63856.3,61778.4,62259.4,BTCUSDT_240628,45.333333333333336,65214.2,65367.3,63386.3,63782.8,BTCUSDT_240927,136.33333333333334
2024-05-15,62259.4,67216.1,62021.3,66971.3,BTCUSDT_240628,44.333333333333336,63776.1,68971.4,63547.9,68666.0,BTCUSDT_240927,135.33333333333334
2024-05-16,66965.0,67538.3,65335.2,65987.7,BTCUSDT_240628,43.333333333333336,68667.1,69476.3,66970.9,67694.9,BTCUSDT_240927,134.33333333333334
2024-05-17,65987.8,68244.9,65846.0,67790.5,BTCUSDT_240628,42.333333333333336,67701.9,70085.3,67530.9,69557.2,BTCUSDT_240927,133.33333333333334
2024-05-18,67794.3,68200.0,67378.2,67710.4,BTCUSDT_240628,41.333333333333336,69559.9,70006.0,69200.0,69606.2,BTCUSDT_240927,132.33333333333334
2024-05-19,67707.2,68560.9,66633.7,67040.5,BTCUSDT_240628,40.333333333333336,69598.1,70539.7,68553.8,68970.0,BTCUSDT_240927,131.33333333333334
2024-05-20,67035.0,72546.8,66820.1,72340.8,BTCUSDT_240628,39.333333333333336,68972.9,74999.9,68757.7,74781.1,BTCUSDT_240927,130.33333333333334
2024-05-21,72355.3,72954.4,70128.1,71131.4,BTCUSDT_240628,38.333333333333336,74807.7,75425.2,72530.0,73572.2,BTCUSDT_240927,129.33333333333334
2024-05-22,71127.8,71691.8,69649.3,70150.0,BTCUSDT_240628,37.333333333333336,73581.6,74222.7,72253.3,72667.4,BTCUSDT_240927,128.33333333333334
2024-05-23,70150.1,71049.4,67000.1,68845.3,BTCUSDT_240628,36.333333333333336,72667.4,73711.1,69363.2,71427.9,BTCUSDT_240927,127.33333333333333
2024-05-24,68838.0,70088.6,67428.0,69367.1,BTCUSDT_240628,35.333333333333336,71420.8,72711.5,69895.4,71961.7,BTCUSDT_240927,126.33333333333333
2024-05-25,69372.8,70332.2,69308.1,70052.4,BTCUSDT_240628,34.333333333333336,71959.0,72856.4,71831.7,72592.6,BTCUSDT_240927,125.33333333333333
2024-05-26,70051.1,70323.5,68853.6,69229.3,BTCUSDT_240628,33.333333333333336,72617.5,72856.3,71013.4,71705.8,BTCUSDT_240927,124.33333333333333
2024-05-27,69229.4,71492.4,68976.6,70188.1,BTCUSDT_240628,32.333333333333336,71696.9,74068.1,71471.4,72747.7,BTCUSDT_240927,123.33333333333333
2024-05-28,70189.0,70359.7,68000.6,69181.9,BTCUSDT_240628,31.333333333333332,72747.6,72991.1,70350.6,71688.7,BTCUSDT_240927,122.33333333333333
2024-05-29,69188.4,69703.7,67766.6,68280.7,BTCUSDT_240628,30.333333333333332,71708.0,72307.0,70365.2,70883.2,BTCUSDT_240927,121.33333333333333
2024-05-30,68273.4,70127.0,67715.7,68939.7,BTCUSDT_240628,29.333333333333332,70878.5,72868.8,70234.3,71589.9,BTCUSDT_240927,120.33333333333333
2024-05-31,68949.7,69636.5,67207.3,68116.7,BTCUSDT_240628,28.333333333333332,71582.9,72170.9,69716.5,70684.9,BTCUSDT_240927,119.33333333333333
2024-06-01,68128.6,68474.9,67981.5,68336.0,BTCUSDT_240628,27.333333333333332,70699.0,71017.7,70543.3,70897.4,BTCUSDT_240927,118.33333333333333
2024-06-02,68336.0,69130.0,67856.7,68355.4,BTCUSDT_240628,26.333333333333332,70897.7,71691.0,70414.2,70935.2,BTCUSDT_240927,117.33333333333333
2024-06-03,68379.9,71000.0,68217.0,69420.9,BTCUSDT_240628,25.333333333333332,70918.9,73642.1,70745.5,72032.7,BTCUSDT_240927,116.33333333333333
2024-06-04,69423.1,71670.2,69154.2,71119.9,BTCUSDT_240628,24.333333333333332,72040.2,74199.9,71702.0,73611.9,BTCUSDT_240927,115.33333333333333
2024-06-05,71110.7,72360.6,70978.0,71617.0,BTCUSDT_240628,23.333333333333332,73590.9,75019.7,73468.2,74276.8,BTCUSDT_240927,114.33333333333333
2024-06-06,71621.8,72241.1,70629.8,71345.9,BTCUSDT_240628,22.333333333333332,74241.3,74878.9,73075.2,73963.3,BTCUSDT_240927,113.33333333333333
2024-06-07,71340.7,72608.7,68685.2,69861.2,BTCUSDT_240628,21.333333333333332,73957.2,75334.6,71500.0,72460.0,BTCUSDT_240927,112.33333333333333
2024-06-08,69861.1,70089.7,69638.8,69793.9,BTCUSDT_240628,20.333333333333332,72460.0,72690.0,72234.9,72360.0,BTCUSDT_240927,111.33333333333333
2024-06-09,69791.3,70341.1,69560.1,70135.7,BTCUSDT_240628,19.333333333333332,72359.9,72936.9,72158.6,72724.2,BTCUSDT_240927,110.33333333333333
2024-06-10,70140.9,70628.1,69607.5,69958.9,BTCUSDT_240628,18.333333333333332,72742.3,73231.1,72161.8,72544.1,BTCUSDT_240927,109.33333333333333
2024-06-11,69963.3,70016.8,66235.8,67620.3,BTCUSDT_240628,17.333333333333332,72536.3,72602.2,68182.8,69775.2,BTCUSDT_240927,108.33333333333333
2024-06-12,67625.9,70414.1,67201.7,68622.6,BTCUSDT_240628,16.333333333333332,69768.9,72622.8,69346.6,70745.0,BTCUSDT_240927,107.33333333333333
2024-06-13,68620.0,68749.9,66588.0,67110.9,BTCUSDT_240628,15.333333333333334,70742.0,70915.0,68626.6,69222.5,BTCUSDT_240927,106.33333333333333
2024-06-14,67127.1,67675.0,65293.2,66295.7,BTCUSDT_240628,14.333333333333334,69238.2,69784.8,67291.5,68353.9,BTCUSDT_240927,105.33333333333333
2024-06-15,66293.6,66769.6,66085.0,66441.6,BTCUSDT_240628,13.333333333333334,68351.8,68774.1,68170.9,68534.2,BTCUSDT_240927,104.33333333333333
2024-06-16,66443.5,67220.0,66256.0,66928.7,BTCUSDT_240628,12.333333333333334,68536.3,69363.4,68349.8,69074.3,BTCUSDT_240927,103.33333333333333
2024-06-17,66924.5,67492.4,65214.5,66669.7,BTCUSDT_240628,11.333333333333334,69057.5,69847.1,67437.2,68957.6,BTCUSDT_240927,102.33333333333333
2024-06-18,66662.1,66755.0,64103.0,65333.6,BTCUSDT_240628,10.333333333333334,68957.6,69043.8,65976.2,67299.3,BTCUSDT_240927,101.33333333333333
2024-06-19,65337.4,65902.6,64788.9,65098.7,BTCUSDT_240628,9.333333333333334,67298.5,67992.6,66776.1,67121.5,BTCUSDT_240927,100.33333333333333
2024-06-20,65084.9,66634.4,64673.7,64987.0,BTCUSDT_240628,8.333333333333334,67111.9,68686.2,66617.6,66883.1,BTCUSDT_240927,99.33333333333333
2024-06-21,64978.0,65183.5,63496.1,64238.9,BTCUSDT_240628,7.333333333333333,66875.5,67095.4,65335.8,66166.0,BTCUSDT_240927,98.33333333333333
2024-06-22,66179.5,66558.2,65909.4,66219.3,BTCUSDT_240927,97.33333333333333,,,,,,
2024-06-23,66217.1,66492.5,65074.0,65133.4,BTCUSDT_240927,96.33333333333333,,,,,,
2024-06-24,65121.7,65290.0,60153.0,62082.2,BTCUSDT_240927,95.33333333333333,,,,,,
2024-06-25,62098.0,64384.5,62042.0,63675.7,BTCUSDT_240927,94.33333333333333,,,,,,
2024-06-26,63684.6,64402.4,62468.4,62645.0,BTCUSDT_240927,93.33333333333333,,,,,,
2024-06-27,62642.7,64246.6,62400.0,63459.9,BTCUSDT_240927,92.33333333333333,,,,,,
2024-06-28,63459.9,64024.3,61734.9,62138.3,BTCUSDT_240927,91.33333333333333,64435.0,65888.0,63555.0,63949.3,BTCUSDT_241227,182.33333333333334
2024-06-29,62138.3,62994.2,62108.8,62705.2,BTCUSDT_240927,90.33333333333333,63947.6,64808.3,63915.9,64457.5,BTCUSDT_241227,181.33333333333334
2024-06-30,62700.5,64884.6,62366.9,64620.3,BTCUSDT_240927,89.33333333333333,64448.2,66733.6,64165.7,66514.6,BTCUSDT_241227,180.33333333333334
2024-07-01,64630.6,65746.8,64310.4,64704.8,BTCUSDT_240927,88.33333333333333,66522.4,67628.9,66110.0,66587.0,BTCUSDT_241227,179.33333333333334
2024-07-02,64690.0,65099.9,63377.5,63695.1,BTCUSDT_240927,87.33333333333333,66542.4,66860.0,65247.8,65594.1,BTCUSDT_241227,178.33333333333334
2024-07-03,63705.8,63889.7,60608.1,61569.3,BTCUSDT_240927,86.33333333333333,65594.1,65770.9,62208.3,63175.3,BTCUSDT_241227,177.33333333333334
2024-07-04,61572.4,61883.3,57936.3,58274.3,BTCUSDT_240927,85.33333333333333,63178.3,63481.8,59368.7,59757.3,BTCUSDT_241227,176.33333333333334
2024-07-05,58253.5,58730.2,54119.7,57892.8,BTCUSDT_240927,84.33333333333333,59747.3,60219.5,55671.0,59450.1,BTCUSDT_241227,175.33333333333334
2024-07-06,57882.3,59810.4,57236.8,59539.0,BTCUSDT_240927,83.33333333333333,59445.0,61435.6,58750.0,61146.5,BTCUSDT_241227,174.33333333333334
2024-07-07,59549.4,59749.6,56875.7,57033.2,BTCUSDT_240927,82.33333333333333,61161.7,61373.3,58440.2,58599.6,BTCUSDT_241227,173.33333333333334
2024-07-08,57019.5,59517.9,55362.4,57945.4,BTCUSDT_240927,81.33333333333333,58616.6,61104.5,56843.9,59512.8,BTCUSDT_241227,172.33333333333334
2024-07-09,57923.7,59543.4,57455.8,59269.1,BTCUSDT_240927,80.33333333333333,59530.4,61234.2,59084.0,60899.6,BTCUSDT_241227,171.33333333333334
2024-07-10,59266.8,60760.3,58302.9,58962.0,BTCUSDT_240927,79.33333333333333,60862.5,62410.2,59937.5,60585.0,BTCUSDT_241227,170.33333333333334
2024-07-11,58911.4,60846.8,58227.4,58438.5,BTCUSDT_240927,78.33333333333333,60588.8,62586.0,59851.7,60106.9,BTCUSDT_241227,169.33333333333334
2024-07-12,58445.1,59735.2,57606.5,59079.8,BTCUSDT_240927,77.33333333333333,60116.4,61340.0,59250.0,60713.3,BTCUSDT_241227,168.33333333333334
2024-07-13,59112.2,61123.8,58946.2,60466.9,BTCUSDT_240927,76.33333333333333,60729.9,62862.6,60546.5,62153.1,BTCUSDT_241227,167.33333333333334
2024-07-14,60437.7,62834.6,60437.7,62204.1,BTCUSDT_240927,75.33333333333333,62153.3,64633.2,62146.2,64106.8,BTCUSDT_241227,166.33333333333334
2024-07-15,62184.4,66389.1,62052.4,66204.1,BTCUSDT_240927,74.33333333333333,64091.0,68339.0,63901.3,68155.8,BTCUSDT_241227,165.33333333333334
2024-07-16,66220.5,66930.0,63795.8,66523.5,BTCUSDT_240927,73.33333333333333,68141.7,68850.0,65656.8,68439.0,BTCUSDT_241227,164.33333333333334
2024-07-17,66523.6,67664.3,65308.5,65512.7,BTCUSDT_240927,72.33333333333333,68475.3,69716.4,67249.9,67478.7,BTCUSDT_241227,163.33333333333334
2024-07-18,65515.1,66589.5,64565.0,65389.4,BTCUSDT_240927,71.33333333333333,67477.8,68593.0,66594.8,67393.1,BTCUSDT_241227,162.33333333333334
2024-07-19,65396.8,68954.8,64676.8,68145.7,BTCUSDT_240927,70.33333333333333,67398.5,71076.1,66674.3,70234.9,BTCUSDT_241227,161.33333333333334
2024-07-20,68137.9,69198.4,67660.0,68671.4,BTCUSDT_240927,69.33333333333333,70227.2,71333.7,69767.8,70815.2,BTCUSDT_241227,160.33333333333334
2024-07-21,68677.6,70000.0,67241.9,69797.4,BTCUSDT_240927,68.33333333333333,70803.1,72150.0,69334.5,71986.1,BTCUSDT_241227,159.33333333333334
2024-07-22,69789.9,70163.0,68030.5,69003.8,BTCUSDT_240927,67.33333333333333,71985.8,72317.0,70120.3,71139.0,BTCUSDT_241227,158.33333333333334
2024-07-23,69005.0,69247.0,66777.8,67266.4,BTCUSDT_240927,66.33333333333333,71128.2,71378.8,68754.0,69286.5,BTCUSDT_241227,157.33333333333334
2024-07-24,67260.4,68411.1,66266.2,66647.8,BTCUSDT_240927,65.33333333333333,69271.3,70500.0,67937.6,68664.2,BTCUSDT_241227,156.33333333333334
2024-07-25,66636.9,67386.1,64513.4,66997.7,BTCUSDT_240927,64.33333333333333,68637.1,69396.2,66425.7,69004.9,BTCUSDT_241227,155.33333333333334
2024-07-26,66997.7,69506.6,66929.0,69178.3,BTCUSDT_240927,63.333333333333336,69008.9,71492.5,68927.5,71189.9,BTCUSDT_241227,154.33333333333334
2024-07-27,69195.6,70759.5,67819.6,69191.9,BTCUSDT_240927,62.333333333333336,71185.2,72888.8,69802.5,71167.9,BTCUSDT_241227,153.33333333333334
2024-07-28,69174.5,69591.4,68318.1,69506.9,BTCUSDT_240927,61.333333333333336,71178.3,71621.9,70320.3,71514.4,BTCUSDT_241227,152.33333333333334
2024-07-29,69506.8,71500.0,67577.6,67945.4,BTCUSDT_240927,60.333333333333336,71514.7,73650.0,69720.1,70124.9,BTCUSDT_241227,151.33333333333334
2024-07-30,67936.3,68261.4,66417.6,67385.5,BTCUSDT_240927,59.333333333333336,70057.9,70300.0,68452.0,69416.9,BTCUSDT_241227,150.33333333333334
2024-07-31,67389.2,68059.3,65666.0,65704.1,BTCUSDT_240927,58.333333333333336,69412.0,70043.2,67500.1,67547.2,BTCUSDT_241227,149.33333333333334
2024-08-01,65718.2,66531.0,63090.4,66268.5,BTCUSDT_240927,57.333333333333336,67551.4,68149.0,64656.4,67906.4,BTCUSDT_241227,148.33333333333334
2024-08-02,66287.8,66522.5,61938.1,62222.4,BTCUSDT_240927,56.333333333333336,67925.5,68186.3,63300.0,63496.6,BTCUSDT_241227,147.33333333333334
2024-08-03,62224.1,62930.3,60555.1,61427.5,BTCUSDT_240927,55.333333333333336,63489.3,64393.4,61900.5,62858.8,BTCUSDT_241227,146.33333333333334
2024-08-04,61407.9,61838.8,57815.0,58828.6,BTCUSDT_240927,54.333333333333336,62838.9,63288.8,59000.0,60093.0,BTCUSDT_241227,145.33333333333334
2024-08-05,58830.0,58975.8,49063.4,54578.1,BTCUSDT_240927,53.333333333333336,60105.0,60253.7,50306.4,55920.6,BTCUSDT_241227,144.33333333333334
2024-08-06,54580.1,57683.9,54504.9,56615.0,BTCUSDT_240927,52.333333333333336,55915.8,59149.9,55818.3,58040.1,BTCUSDT_241227,143.33333333333334
2024-08-07,56597.2,58360.5,55112.0,55577.9,BTCUSDT_240927,51.333333333333336,57996.1,59804.3,56536.3,57109.0,BTCUSDT_241227,142.33333333333334
2024-08-08,55670.2,63481.4,55284.3,62323.5,BTCUSDT_240927,50.333333333333336,57102.9,65035.3,56720.0,63902.7,BTCUSDT_241227,141.33333333333334
2024-08-09,62321.0,62386.8,60107.5,61477.3,BTCUSDT_240927,49.333333333333336,63892.8,63952.8,61647.4,63033.0,BTCUSDT_241227,140.33333333333334
2024-08-10,61478.2,62107.3,60871.4,61600.5,BTCUSDT_240927,48.333333333333336,63017.0,63740.0,62354.1,63152.9,BTCUSDT_241227,139.33333333333334
2024-08-11,61591.0,62616.7,58857.7,59319.8,BTCUSDT_240927,47.333333333333336,63151.0,64286.0,60400.0,60820.9,BTCUSDT_241227,138.33333333333334
2024-08-12,59324.2,61300.0,58185.6,59925.0,BTCUSDT_240927,46.333333333333336,60820.6,62758.0,59598.6,61410.6,BTCUSDT_241227,137.33333333333334
2024-08-13,59925.0,62171.3,58956.5,61184.4,BTCUSDT_240927,45.333333333333336,61411.1,63706.7,60404.4,62700.8,BTCUSDT_241227,136.33333333333334
2024-08-14,61169.2,62393.4,58910.3,59197.5,BTCUSDT_240927,44.333333333333336,62706.4,64040.1,60387.8,60663.3,BTCUSDT_241227,135.33333333333334
2024-08-15,59195.7,60382.1,56559.7,58013.8,BTCUSDT_240927,43.333333333333336,60662.7,61831.3,57956.0,59414.0,BTCUSDT_241227,134.33333333333334
2024-08-16,58006.0,60296.4,57560.2,59357.0,BTCUSDT_240927,42.333333333333336,59412.3,61671.1,58941.6,60732.8,BTCUSDT_241227,133.33333333333334
2024-08-17,59357.0,60183.5,59278.1,59948.7,BTCUSDT_240927,41.333333333333336,60737.6,61620.1,60653.6,61404.0,BTCUSDT_241227,132.33333333333334
2024-08-18,59951.4,60788.9,58844.8,58849.3,BTCUSDT_240927,40.333333333333336,61406.0,62183.4,60216.1,60236.8,BTCUSDT_241227,131.33333333333334
2024-08-19,58850.0,60001.3,58195.6,59838.1,BTCUSDT_240927,39.333333333333336,60241.9,61357.1,59571.3,61172.1,BTCUSDT_241227,130.33333333333334
2024-08-20,59845.7,61900.1,58913.2,59392.6,BTCUSDT_240927,38.333333333333336,61166.9,63300.0,60357.3,60790.4,BTCUSDT_241227,129.33333333333334
2024-08-21,59380.4,62255.8,59129.8,61560.1,BTCUSDT_240927,37.333333333333336,60757.9,63653.8,60498.5,62924.0,BTCUSDT_241227,128.33333333333334
2024-08-22,61566.1,61845.6,60103.3,60736.6,BTCUSDT_240927,36.333333333333336,62924.7,63160.0,61450.0,62066.2,BTCUSDT_241227,127.33333333333333
2024-08-23,60753.9,65411.3,60700.1,64402.4,BTCUSDT_240927,35.333333333333336,62093.9,66901.5,62052.2,65851.0,BTCUSDT_241227,126.33333333333333
2024-08-24,64402.2,64872.9,63903.7,64519.5,BTCUSDT_240927,34.333333333333336,65865.3,66366.3,65336.7,65951.0,BTCUSDT_241227,125.33333333333333
2024-08-25,64509.4,65400.0,64089.0,64534.4,BTCUSDT_240927,33.333333333333336,65951.1,66899.9,65537.0,66069.9,BTCUSDT_241227,124.33333333333333
2024-08-26,64528.7,64779.4,63113.1,63161.0,BTCUSDT_240927,32.333333333333336,66071.7,66332.1,64507.8,64569.3,BTCUSDT_241227,123.33333333333333
2024-08-27,63148.0,63543.1,58179.5,59702.0,BTCUSDT_240927,31.333333333333332,64551.8,65005.1,59252.3,60835.0,BTCUSDT_241227,122.33333333333333
2024-08-28,59711.6,60499.9,58106.9,59270.3,BTCUSDT_240927,30.333333333333332,60845.6,61686.0,59252.0,60455.1,BTCUSDT_241227,121.33333333333333
2024-08-29,59297.8,61436.3,58948.5,59621.8,BTCUSDT_240927,29.333333333333332,60472.7,62686.5,60102.7,60789.9,BTCUSDT_241227,120.33333333333333
2024-08-30,59584.3,60180.5,57897.5,59360.8,BTCUSDT_240927,28.333333333333332,60758.5,61342.5,59089.7,60519.8,BTCUSDT_241227,119.33333333333333
2024-08-31,59371.2,59699.8,58970.0,59207.0,BTCUSDT_240927,27.333333333333332,60528.5,60880.4,60109.0,60342.1,BTCUSDT_241227,118.33333333333333
2024-09-01,59200.6,59318.7,57400.2,57523.8,BTCUSDT_240927,26.333333333333332,60326.0,60471.7,58500.0,58572.1,BTCUSDT_241227,117.33333333333333
2024-09-02,57502.9,59667.6,57320.6,59377.9,BTCUSDT_240927,25.333333333333332,58534.7,60799.1,58398.8,60500.2,BTCUSDT_241227,116.33333333333333
2024-09-03,59385.6,60072.6,57600.0,57685.1,BTCUSDT_240927,24.333333333333332,60507.6,61248.8,58682.6,58786.1,BTCUSDT_241227,115.33333333333333
2024-09-04,57673.4,58745.8,55753.2,58168.4,BTCUSDT_240927,23.333333333333332,58763.8,59852.2,56797.5,59256.9,BTCUSDT_241227,114.33333333333333
2024-09-05,58166.1,58534.6,55818.7,56357.4,BTCUSDT_240927,22.333333333333332,59264.9,59650.0,56830.4,57377.4,BTCUSDT_241227,113.33333333333333
2024-09-06,56344.1,57224.0,52686.4,54146.2,BTCUSDT_240927,21.333333333333332,57371.8,58216.6,53700.0,55135.2,BTCUSDT_241227,112.33333333333333
2024-09-07,54144.2,55020.5,53921.5,54335.8,BTCUSDT_240927,20.333333333333332,55134.9,55980.3,54880.1,55297.5,BTCUSDT_241227,111.33333333333333
2024-09-08,54332.4,55527.6,53787.7,55047.3,BTCUSDT_240927,19.333333333333332,55298.4,57018.8,54702.5,56017.2,BTCUSDT_241227,110.33333333333333
2024-09-09,55053.1,58436.7,54760.2,57264.0,BTCUSDT_240927,18.333333333333332,56029.8,59431.0,55725.0,58243.1,BTCUSDT_241227,109.33333333333333
2024-09-10,57249.3,58247.2,56565.6,57836.6,BTCUSDT_240927,17.333333333333332,58239.6,59275.2,57578.2,58853.7,BTCUSDT_241227,108.33333333333333
2024-09-11,57842.2,58157.9,55694.0,57500.2,BTCUSDT_240927,16.333333333333332,58853.6,59247.3,56740.5,58498.9,BTCUSDT_241227,107.33333333333333
2024-09-12,57478.1,58744.2,57472.7,58270.2,BTCUSDT_240927,15.333333333333334,58499.9,59811.8,58494.2,59329.9,BTCUSDT_241227,106.33333333333333
2024-09-13,58271.8,60792.9,57800.0,60637.1,BTCUSDT_240927,14.333333333333334,59325.0,61938.7,58817.2,61800.0,BTCUSDT_241227,105.33333333333333
2024-09-14,60659.9,60774.2,59561.9,60134.1,BTCUSDT_240927,13.333333333333334,61790.2,61889.9,60657.1,61269.5,BTCUSDT_241227,104.33333333333333
2024-09-15,60135.1,60579.6,58821.7,59263.8,BTCUSDT_240927,12.333333333333334,61266.5,61628.1,59872.0,60294.7,BTCUSDT_241227,103.33333333333333
2024-09-16,59253.4,59343.8,57593.9,58318.0,BTCUSDT_240927,11.333333333333334,60281.9,60380.3,58554.0,59311.0,BTCUSDT_241227,102.33333333333333
2024-09-17,58310.5,61486.4,57723.4,60410.0,BTCUSDT_240927,10.333333333333334,59314.8,62528.9,58700.0,61396.5,BTCUSDT_241227,101.33333333333333
2024-09-18,60396.5,61899.9,59250.0,61861.4,BTCUSDT_240927,9.333333333333334,61397.1,63047.0,60247.3,62977.4,BTCUSDT_241227,100.33333333333333
2024-09-19,61880.2,63996.0,61678.1,63060.7,BTCUSDT_240927,8.333333333333334,62992.8,65160.4,62815.0,64211.8,BTCUSDT_241227,99.33333333333333
2024-09-20,63057.1,64294.8,62450.0,63307.5,BTCUSDT_240927,7.333333333333333,64208.5,65408.6,63571.3,64456.5,BTCUSDT_241227,98.33333333333333
2024-09-21,64448.4,64799.7,63971.3,64599.6,BTCUSDT_241227,97.33333333333333,,,,,,
2024-09-22,64612.3,65215.7,63523.6,64760.6,BTCUSDT_241227,96.33333333333333,,,,,,
2024-09-23,64763.5,66001.0,63734.8,64485.2,BTCUSDT_241227,95.33333333333333,,,,,,
2024-09-24,64485.2,65833.0,63810.0,65427.0,BTCUSDT_241227,94.33333333333333,,,,,,
2024-09-25,65412.9,65985.8,64094.3,64321.4,BTCUSDT_241227,93.33333333333333,,,,,,
2024-09-26,64312.8,67000.0,63826.1,66304.2,BTCUSDT_241227,92.33333333333333,,,,,,
2024-09-27,66295.9,67753.1,65941.7,67079.0,BTCUSDT_241227,91.33333333333333,73818.6,77421.7,66800.0,68761.0,BTCUSDT_250328,182.33333333333334
2024-09-28,67079.0,67606.0,66678.0,67156.2,BTCUSDT_241227,90.33333333333333,68801.4,69425.7,68241.0,68879.6,BTCUSDT_250328,181.33333333333334
2024-09-29,67160.9,67436.0,66700.0,66903.1,BTCUSDT_241227,89.33333333333333,68874.7,69106.2,68298.5,68624.0,BTCUSDT_250328,180.33333333333334
2024-09-30,66890.6,66900.7,63949.7,64459.0,BTCUSDT_241227,88.33333333333333,68635.8,68643.0,65225.5,65698.9,BTCUSDT_250328,179.33333333333334
2024-10-01,64458.9,65261.3,61112.1,61866.9,BTCUSDT_241227,87.33333333333333,65699.5,66589.9,62307.7,63051.2,BTCUSDT_250328,178.33333333333334
2024-10-02,61858.5,63436.3,61000.0,61711.6,BTCUSDT_241227,86.33333333333333,63029.7,64494.2,62066.5,62824.0,BTCUSDT_250328,177.33333333333334
2024-10-03,61711.6,62542.8,60888.0,61788.3,BTCUSDT_241227,85.33333333333333,62816.6,63696.8,62009.4,62962.4,BTCUSDT_250328,176.33333333333334
2024-10-04,61787.6,63584.6,61500.5,63153.5,BTCUSDT_241227,84.33333333333333,62965.6,64842.3,62673.5,64341.2,BTCUSDT_250328,175.33333333333334
2024-10-05,63157.9,63484.6,62765.1,63139.6,BTCUSDT_241227,83.33333333333333,64350.7,64652.7,63942.6,64327.6,BTCUSDT_250328,174.33333333333334
2024-10-06,63154.6,64186.0,62895.0,63992.3,BTCUSDT_241227,82.33333333333333,64336.7,65472.6,64074.1,65232.2,BTCUSDT_250328,173.33333333333334
2024-10-07,63989.6,65690.9,63223.1,63340.0,BTCUSDT_241227,81.33333333333333,65239.0,66991.4,64495.2,64541.8,BTCUSDT_250328,172.33333333333334
2024-10-08,63333.6,64349.9,62916.7,63216.8,BTCUSDT_241227,80.33333333333333,64534.9,65638.7,64142.4,64472.7,BTCUSDT_250328,171.33333333333334
2024-10-09,63215.1,63624.1,61278.5,61639.8,BTCUSDT_241227,79.33333333333333,64473.0,64896.5,62555.6,62841.6,BTCUSDT_250328,170.33333333333334
2024-10-10,61650.4,62338.7,59866.1,61283.0,BTCUSDT_241227,78.33333333333333,62856.3,63568.2,60949.9,62426.1,BTCUSDT_250328,169.33333333333334
2024-10-11,61281.5,64584.8,61055.9,63657.1,BTCUSDT_241227,77.33333333333333,62426.2,65851.7,62308.8,64911.2,BTCUSDT_250328,168.33333333333334
2024-10-12,63659.6,64571.3,63550.8,64257.7,BTCUSDT_241227,76.33333333333333,64912.6,65861.1,64835.2,65548.4,BTCUSDT_250328,167.33333333333334
2024-10-13,64263.5,64364.7,63100.2,63955.0,BTCUSDT_241227,75.33333333333333,65540.1,65644.2,64370.4,65246.6,BTCUSDT_250328,166.33333333333334
2024-10-14,63962.9,67800.0,63538.1,67361.9,BTCUSDT_241227,74.33333333333333,65253.2,69282.5,64792.8,68768.7,BTCUSDT_250328,165.33333333333334
2024-10-15,67361.3,69213.1,65858.0,68237.7,BTCUSDT_241227,73.33333333333333,68780.1,70679.1,67172.3,69543.7,BTCUSDT_250328,164.33333333333334
2024-10-16,68244.4,69666.0,67876.7,68774.5,BTCUSDT_241227,72.33333333333333,69568.0,70984.1,69099.0,70048.5,BTCUSDT_250328,163.33333333333334
2024-10-17,68775.7,69129.1,67787.9,68517.6,BTCUSDT_241227,71.33333333333333,70047.2,70370.4,69050.5,69786.1,BTCUSDT_250328,162.33333333333334
2024-10-18,68506.6,70250.0,68288.5,69620.3,BTCUSDT_241227,70.33333333333333,69789.3,71620.0,69553.9,71011.4,BTCUSDT_250328,161.33333333333334
2024-10-19,69634.5,69945.9,69152.8,69513.4,BTCUSDT_241227,69.33333333333333,71019.9,71277.9,70525.0,70921.6,BTCUSDT_250328,160.33333333333334
2024-10-20,69535.1,70748.1,69228.3,70345.2,BTCUSDT_241227,68.33333333333333,70922.7,72155.2,70610.0,71764.1,BTCUSDT_250328,159.33333333333334
2024-10-21,70343.5,70868.7,67973.8,68549.2,BTCUSDT_241227,67.33333333333333,71764.3,72290.4,69282.1,69984.5,BTCUSDT_250328,158.33333333333334
2024-10-22,68548.5,69058.3,67717.4,68610.0,BTCUSDT_241227,66.33333333333333,69984.5,70470.9,69141.1,70031.0,BTCUSDT_250328,157.33333333333334
2024-10-23,68646.0,68648.1,66303.5,67807.7,BTCUSDT_241227,65.33333333333333,70060.0,70077.0,67566.7,69329.3,BTCUSDT_250328,156.33333333333334
2024-10-24,67809.4,70110.2,67670.0,69467.6,BTCUSDT_241227,64.33333333333333,69326.4,71584.5,69186.3,70984.8,BTCUSDT_250328,155.33333333333334
2024-10-25,69457.5,70047.5,66666.0,67817.7,BTCUSDT_241227,63.333333333333336,70969.1,71500.0,68234.8,69386.6,BTCUSDT_250328,154.33333333333334
2024-10-26,67812.0,68561.0,67531.3,68196.3,BTCUSDT_241227,62.333333333333336,69380.2,70126.5,69113.2,69778.1,BTCUSDT_250328,153.33333333333334
2024-10-27,68233.7,69550.0,68038.9,69239.1,BTCUSDT_241227,61.333333333333336,69786.1,71141.9,69619.4,70835.0,BTCUSDT_250328,152.33333333333334
2024-10-28,69245.0,71644.1,68770.6,71234.9,BTCUSDT_241227,60.333333333333336,70860.3,73301.3,70368.3,72914.4,BTCUSDT_250328,151.33333333333334
2024-10-29,71237.5,75066.8,71018.9,74185.7,BTCUSDT_241227,59.333333333333336,72916.3,77060.4,72706.3,76204.4,BTCUSDT_250328,150.33333333333334
2024-10-30,74185.9,74413.8,72857.8,73736.6,BTCUSDT_241227,58.333333333333336,76204.5,76410.6,74915.0,75797.4,BTCUSDT_250328,149.33333333333334
2024-10-31,73739.3,74086.8,70913.0,71546.8,BTCUSDT_241227,57.333333333333336,75755.6,76083.9,72900.0,73553.9,BTCUSDT_250328,148.33333333333334
2024-11-01,71551.2,72915.3,69949.8,70656.7,BTCUSDT_241227,56.333333333333336,73552.2,75012.7,71944.1,72666.3,BTCUSDT_250328,147.33333333333334
2024-11-02,70641.9,71060.0,70046.7,70445.5,BTCUSDT_241227,55.333333333333336,72644.1,73085.6,71671.2,72227.3,BTCUSDT_250328,146.33333333333334
2024-11-03,70454.8,70488.7,68451.8,69791.1,BTCUSDT_241227,54.333333333333336,72230.0,72240.1,70187.8,71558.0,BTCUSDT_250328,145.33333333333334
2024-11-04,69781.7,70591.6,67771.4,68810.5,BTCUSDT_241227,53.333333333333336,71570.5,72466.8,69541.6,70590.9,BTCUSDT_250328,144.33333333333334
2024-11-05,68807.3,71568.0,68403.2,70367.4,BTCUSDT_241227,52.333333333333336,70562.0,73402.0,70199.4,72178.7,BTCUSDT_250328,143.33333333333334
2024-11-06,70369.3,77698.4,70269.8,76832.6,BTCUSDT_241227,51.333333333333336,72161.2,79485.8,72092.9,78687.1,BTCUSDT_250328,142.33333333333334
2024-11-07,76834.3,78234.9,75671.7,77189.3,BTCUSDT_241227,50.333333333333336,78687.1,80386.9,77502.0,79354.4,BTCUSDT_250328,141.33333333333334
2024-11-08,77205.1,78562.1,76873.0,77784.8,BTCUSDT_241227,49.333333333333336,79379.7,80729.3,78956.9,79904.6,BTCUSDT_250328,140.33333333333334
2024-11-09,77789.4,78256.3,76976.6,78003.1,BTCUSDT_241227,48.333333333333336,79906.8,80423.1,79100.1,80172.1,BTCUSDT_250328,139.33333333333334
2024-11-10,78009.3,83200.0,77814.8,81963.2,BTCUSDT_241227,47.333333333333336,80216.0,85747.7,79992.3,84465.6,BTCUSDT_250328,138.33333333333334
2024-11-11,81971.3,91500.0,81802.4,90474.4,BTCUSDT_241227,46.333333333333336,84463.8,94283.4,84273.8,93279.9,BTCUSDT_250328,137.33333333333334
2024-11-12,90465.1,91999.9,87059.7,89596.0,BTCUSDT_241227,45.333333333333336,93287.9,94969.7,89860.5,92207.4,BTCUSDT_250328,136.33333333333334
2024-11-13,89524.6,95100.0,87594.6,92018.2,BTCUSDT_241227,44.333333333333336,92140.9,98132.2,90218.5,94997.8,BTCUSDT_250328,135.33333333333334
2024-11-14,91979.2,93408.2,88054.0,88747.6,BTCUSDT_241227,43.333333333333336,94998.6,96550.6,90879.1,91574.9,BTCUSDT_250328,134.33333333333334
2024-11-15,88776.3,93436.3,88484.9,92557.0,BTCUSDT_241227,42.333333333333336,91603.9,96424.2,91400.0,95573.4,BTCUSDT_250328,133.33333333333334
2024-11-16,92541.2,93324.8,91596.9,92108.8,BTCUSDT_241227,41.333333333333336,95582.6,96368.4,94725.2,95264.2,BTCUSDT_250328,132.33333333333334
2024-11-17,92154.6,93048.5,90217.6,91485.1,BTCUSDT_241227,40.333333333333336,95287.8,96211.9,93290.3,94527.3,BTCUSDT_250328,131.33333333333334
2024-11-18,91502.2,94319.6,90909.1,92056.7,BTCUSDT_241227,39.333333333333336,94552.7,97619.9,94040.5,95324.3,BTCUSDT_250328,130.33333333333334
2024-11-19,92056.1,95626.7,91930.9,93939.3,BTCUSDT_241227,38.333333333333336,95289.1,99067.0,95178.8,97279.9,BTCUSDT_250328,129.33333333333334
2024-11-20,93942.7,96477.7,93000.0,95852.9,BTCUSDT_241227,37.333333333333336,97280.0,99928.9,96339.0,99175.0,BTCUSDT_250328,128.33333333333334
2024-11-21,95856.6,100647.4,95600.0,99962.2,BTCUSDT_241227,36.333333333333336,99182.9,104208.1,98929.7,103479.3,BTCUSDT_250328,127.33333333333333
2024-11-22,99962.1,101232.5,98764.6,100462.7,BTCUSDT_241227,35.333333333333336,103479.3,104834.3,102314.2,104032.4,BTCUSDT_250328,126.33333333333333
2024-11-23,100464.6,100489.0,98652.1,99265.1,BTCUSDT_241227,34.333333333333336,104032.5,104114.9,102292.8,102927.9,BTCUSDT_250328,125.33333333333333
2024-11-24,99244.8,100212.6,97228.1,99424.9,BTCUSDT_241227,33.333333333333336,102917.3,103967.2,100800.4,103077.3,BTCUSDT_250328,124.33333333333333
2024-11-25,99454.3,100475.4,94022.0,94442.4,BTCUSDT_241227,32.333333333333336,103106.9,104198.2,97406.7,97600.0,BTCUSDT_250328,123.33333333333333
2024-11-26,94399.0,96425.1,92050.1,93262.8,BTCUSDT_241227,31.333333333333332,97600.1,99747.8,95230.3,96398.0,BTCUSDT_250328,122.33333333333333
2024-11-27,93262.8,98599.6,93092.4,97255.8,BTCUSDT_241227,30.333333333333332,96414.4,101980.1,96234.5,100635.6,BTCUSDT_250328,121.33333333333333
2024-11-28,97217.5,98000.0,95945.5,97172.3,BTCUSDT_241227,29.333333333333332,100616.0,101392.8,99300.0,100391.3,BTCUSDT_250328,120.33333333333333
2024-11-29,97180.8,100211.9,96827.9,98923.0,BTCUSDT_241227,28.333333333333332,100406.3,103741.5,100140.0,102232.8,BTCUSDT_250328,119.33333333333333
2024-11-30,98934.8,98936.1,97531.2,97848.9,BTCUSDT_241227,27.333333333333332,102243.6,102257.5,100988.7,101356.3,BTCUSDT_250328,118.33333333333333
2024-12-01,97875.5,99249.9,97100.0,98690.0,BTCUSDT_241227,26.333333333333332,101364.7,102854.2,100547.2,102270.8,BTCUSDT_250328,117.33333333333333
2024-12-02,98656.4,99628.5,95617.9,97062.6,BTCUSDT_241227,25.333333333333332,102237.1,103221.4,99095.4,100588.1,BTCUSDT_250328,116.33333333333333
2024-12-03,97063.7,97571.4,94642.1,97116.9,BTCUSDT_241227,24.333333333333332,100556.5,101202.1,98040.0,100730.0,BTCUSDT_250328,115.33333333333333
2024-12-04,97108.6,100367.9,95800.0,99920.4,BTCUSDT_241227,23.333333333333332,100710.7,104088.0,99411.1,103554.9,BTCUSDT_250328,114.33333333333333
2024-12-05,99908.0,105800.0,92553.9,98217.3,BTCUSDT_241227,22.333333333333332,103539.7,109689.2,96000.0,101745.3,BTCUSDT_250328,113.33333333333333
2024-12-06,98232.1,103220.2,97566.0,101031.0,BTCUSDT_241227,21.333333333333332,101747.8,107074.5,101093.0,104756.2,BTCUSDT_250328,112.33333333333333
2024-12-07,101035.1,101780.0,100049.2,100971.5,BTCUSDT_241227,20.333333333333332,104762.0,105563.5,103808.0,104729.2,BTCUSDT_250328,111.33333333333333
2024-12-08,100978.4,102657.9,99707.1,102360.0,BTCUSDT_241227,19.333333333333332,104734.5,106440.9,103534.0,106203.7,BTCUSDT_250328,110.33333333333333
2024-12-09,102364.0,102464.5,95132.0,98200.0,BTCUSDT_241227,18.333333333333332,106191.1,106276.9,98500.0,101712.1,BTCUSDT_250328,109.33333333333333
2024-12-10,98189.5,99135.9,94970.4,97369.8,BTCUSDT_241227,17.333333333333332,101715.3,102700.0,98331.6,100812.2,BTCUSDT_250328,108.33333333333333
2024-12-11,97382.2,102715.3,96406.3,101924.3,BTCUSDT_241227,16.333333333333332,100811.9,106200.0,99735.0,105419.5,BTCUSDT_250328,107.33333333333333
2024-12-12,101951.8,103392.7,100009.7,100710.6,BTCUSDT_241227,15.333333333333334,105450.0,107237.0,103672.7,104316.2,BTCUSDT_250328,106.33333333333333
2024-12-13,100706.6,102549.7,99869.0,102030.0,BTCUSDT_241227,14.333333333333334,104322.3,106274.4,103500.0,105817.5,BTCUSDT_250328,105.33333333333333
2024-12-14,102033.3,103281.3,101114.9,101955.3,BTCUSDT_241227,13.333333333333334,105815.9,107344.0,104865.0,105652.3,BTCUSDT_250328,104.33333333333333
2024-12-15,101954.9,105905.6,101748.4,105115.2,BTCUSDT_241227,12.333333333333334,105669.2,109979.3,105501.9,109180.9,BTCUSDT_250328,103.33333333333333
2024-12-16,105116.6,108349.7,103842.0,106534.9,BTCUSDT_241227,11.333333333333334,109202.0,112500.0,108000.0,110500.3,BTCUSDT_250328,102.33333333333333
2024-12-17,106535.0,108888.0,105709.5,106557.8,BTCUSDT_241227,10.333333333333334,110488.7,112761.3,109660.5,110420.5,BTCUSDT_250328,101.33333333333333
2024-12-18,106547.2,106920.2,100301.8,100548.2,BTCUSDT_241227,9.333333333333334,110401.3,110850.0,103822.3,104035.9,BTCUSDT_250328,100.33333333333333
2024-12-19,100541.1,103140.0,95979.2,97732.4,BTCUSDT_241227,8.333333333333334,104051.1,106752.2,99329.8,101322.2,BTCUSDT_250328,99.33333333333333
2024-12-20,97736.7,98454.5,92454.2,97980.0,BTCUSDT_241227,7.333333333333333,101314.6,101730.2,95450.1,101222.4,BTCUSDT_250328,98.33333333333333
2024-12-21,101206.8,102950.0,99681.7,100575.4,BTCUSDT_250328,97.33333333333333,,,,,,
2024-12-22,100584.6,100730.8,97371.2,98348.9,BTCUSDT_250328,96.33333333333333,,,,,,
2024-12-23,98358.3,99768.8,95612.6,98184.1,BTCUSDT_250328,95.33333333333333,,,,,,
2024-12-24,98198.1,102817.2,96726.7,101907.9,BTCUSDT_250328,94.33333333333333,,,,,,
2024-12-25,101900.1,102800.0,100866.2,102647.7,BTCUSDT_250328,93.33333333333333,,,,,,
2024-12-26,102663.2,103254.5,98238.2,98732.1,BTCUSDT_250328,92.33333333333333,,,,,,
2024-12-27,98724.2,100548.1,96500.0,97314.4,BTCUSDT_250328,91.33333333333333,95862.1,103780.1,90997.0,100176.7,BTCUSDT_250627,182.33333333333334
2024-12-28,97303.3,98836.3,97140.6,98302.4,BTCUSDT_250328,90.33333333333333,100141.8,101817.6,99958.6,101297.3,BTCUSDT_250627,181.33333333333334
2024-12-29,98304.1,98340.0,96112.7,96832.4,BTCUSDT_250328,89.33333333333333,101306.8,101429.9,99025.9,99841.9,BTCUSDT_250627,180.33333333333334
2024-12-30,96833.4,98069.9,94455.7,95750.6,BTCUSDT_250328,88.33333333333333,99833.1,101067.4,97346.0,98697.2,BTCUSDT_250627,179.33333333333334
2024-12-31,95784.9,99365.7,95032.1,96660.2,BTCUSDT_250328,87.33333333333333,98693.8,102378.7,97841.9,99591.4,BTCUSDT_250627,178.33333333333334
2025-01-01,96656.5,98261.1,95937.9,97700.9,BTCUSDT_250328,86.33333333333333,99610.9,101269.4,98822.0,100650.3,BTCUSDT_250627,177.33333333333334
2025-01-02,97706.6,101241.5,97511.0,100330.6,BTCUSDT_250328,85.33333333333333,100675.4,104283.7,100481.2,103374.3,BTCUSDT_250627,176.33333333333334
2025-01-03,100373.3,102185.0,99375.1,101371.0,BTCUSDT_250328,84.33333333333333,103383.3,105539.0,102285.6,104663.2,BTCUSDT_250627,175.33333333333334
2025-01-04,101379.4,101800.0,100674.5,101239.6,BTCUSDT_250328,83.33333333333333,104671.7,105106.4,103918.2,104578.2,BTCUSDT_250627,174.33333333333334
2025-01-05,101238.3,101694.8,100159.4,101193.3,BTCUSDT_250328,82.33333333333333,104597.8,105067.5,103549.1,104473.0,BTCUSDT_250627,173.33333333333334
2025-01-06,101203.4,105400.0,100791.8,105088.5,BTCUSDT_250328,81.33333333333333,104561.6,108853.4,104070.6,108500.0,BTCUSDT_250627,172.33333333333334
2025-01-07,105088.4,105575.0,98710.6,99541.8,BTCUSDT_250328,80.33333333333333,108512.3,109030.7,101916.8,102661.3,BTCUSDT_250627,171.33333333333334
2025-01-08,99534.9,99878.9,94759.9,97487.8,BTCUSDT_250328,79.33333333333333,102693.5,103070.9,97744.1,100630.6,BTCUSDT_250627,170.33333333333334
2025-01-09,97393.2,97812.6,93616.8,94953.7,BTCUSDT_250328,78.33333333333333,100620.9,100985.9,96531.7,97939.3,BTCUSDT_250627,169.33333333333334
2025-01-10,94950.8,98204.6,94590.3,96968.8,BTCUSDT_250328,77.33333333333333,97935.6,101503.9,97623.0,100035.4,BTCUSDT_250627,168.33333333333334
2025-01-11,96936.5,97143.8,96047.6,96707.1,BTCUSDT_250328,76.33333333333333,100017.8,100165.6,99100.0,99678.9,BTCUSDT_250627,167.33333333333334
2025-01-12,96707.1,97540.0,95812.6,96590.9,BTCUSDT_250328,75.33333333333333,99700.8,100621.4,98766.6,99551.7,BTCUSDT_250627,166.33333333333334
2025-01-13,96658.4,98054.9,91000.0,96646.7,BTCUSDT_250328,74.33333333333333,99564.4,100958.6,94004.2,99572.5,BTCUSDT_250627,165.33333333333334
2025-01-14,96665.4,99532.6,96462.4,98701.1,BTCUSDT_250328,73.33333333333333,99584.9,102669.9,99363.3,101718.4,BTCUSDT_250627,164.33333333333334
2025-01-15,98722.7,103093.8,98647.3,102866.3,BTCUSDT_250328,72.33333333333333,101745.9,106333.0,101668.1,106082.9,BTCUSDT_250627,163.33333333333334
2025-01-16,102858.9,103262.7,99666.6,102444.4,BTCUSDT_250328,71.33333333333333,106086.6,106468.5,102650.1,105576.0,BTCUSDT_250627,162.33333333333334
2025-01-17,102444.5,108389.7,102390.5,106640.8,BTCUSDT_250328,70.33333333333333,105576.1,111637.5,105552.4,109861.1,BTCUSDT_250627,161.33333333333334
2025-01-18,106624.8,107466.3,104722.9,106967.8,BTCUSDT_250328,69.33333333333333,109857.1,110488.1,107903.3,110158.4,BTCUSDT_250627,160.33333333333334
2025-01-19,106956.0,109002.3,101906.9,103761.0,BTCUSDT_250328,68.33333333333333,110149.7,112399.9,105077.3,107140.6,BTCUSDT_250627,159.33333333333334
2025-01-20,103763.9,112524.5,101862.6,104642.0,BTCUSDT_250328,67.33333333333333,107140.9,116208.3,105193.8,107708.0,BTCUSDT_250627,158.33333333333334
2025-01-21,104535.5,109620.8,102434.5,108529.8,BTCUSDT_250328,66.33333333333333,107677.7,113176.1,105566.8,112084.9,BTCUSDT_250627,157.33333333333334
2025-01-22,108537.3,108876.8,105567.8,105891.3,BTCUSDT_250328,65.33333333333333,112104.4,112434.3,108868.1,109186.0,BTCUSDT_250627,156.33333333333334
2025-01-23,105882.0,109024.2,103215.6,106171.9,BTCUSDT_250328,64.33333333333333,109202.5,112310.5,106340.3,109276.6,BTCUSDT_250627,155.33333333333334
2025-01-24,106176.0,109249.6,104927.7,106938.7,BTCUSDT_250328,63.333333333333336,109292.6,112561.1,108057.0,110170.9,BTCUSDT_250627,154.33333333333334
2025-01-25,106951.5,107450.2,106155.5,106742.0,BTCUSDT_250328,62.333333333333336,110185.5,110766.2,109397.1,110004.8,BTCUSDT_250627,153.33333333333334
2025-01-26,106742.0,107550.9,104440.2,104624.2,BTCUSDT_250328,61.333333333333336,110004.8,110821.7,107426.4,107735.5,BTCUSDT_250627,152.33333333333334
2025-01-27,104624.1,105317.1,99500.0,103934.5,BTCUSDT_250328,60.333333333333336,107723.0,108475.7,102323.0,107348.9,BTCUSDT_250627,151.33333333333334
2025-01-28,103915.3,105638.9,102035.5,103079.7,BTCUSDT_250328,59.333333333333336,107312.7,108781.9,105141.8,106241.7,BTCUSDT_250627,150.33333333333334
2025-01-29,103082.7,106651.4,103082.6,105575.1,BTCUSDT_250328,58.333333333333336,106242.7,109728.7,106242.6,108551.1,BTCUSDT_250627,149.33333333333334
2025-01-30,105572.3,108292.1,105114.5,106372.0,BTCUSDT_250328,57.333333333333336,108561.5,111328.8,108145.3,109436.1,BTCUSDT_250627,148.33333333333334
2025-01-31,106428.4,107723.9,103223.9,104123.7,BTCUSDT_250328,56.333333333333336,109477.7,110700.0,106060.2,106993.1,BTCUSDT_250627,147.33333333333334
2025-02-01,104128.7,104456.2,101941.6,102337.0,BTCUSDT_250328,55.333333333333336,107027.3,107399.9,104704.5,105092.7,BTCUSDT_250627,146.33333333333334
2025-02-02,102336.1,103183.4,97655.1,99229.9,BTCUSDT_250328,54.333333333333336,105087.4,106019.1,100126.0,101708.0,BTCUSDT_250627,145.33333333333334
2025-02-03,99221.3,103912.2,92542.2,102703.8,BTCUSDT_250328,53.333333333333336,101716.2,106540.6,94789.4,105387.7,BTCUSDT_250627,144.33333333333334
2025-02-04,102703.3,103090.5,97291.6,98969.6,BTCUSDT_250328,52.333333333333336,105387.4,105799.8,99544.0,101370.7,BTCUSDT_250627,143.33333333333334
2025-02-05,98992.4,100289.5,97300.1,97743.7,BTCUSDT_250328,51.333333333333336,101380.8,102743.8,99562.6,100067.8,BTCUSDT_250627,142.33333333333334
2025-02-06,97753.1,100331.7,96764.3,97685.2,BTCUSDT_250328,50.333333333333336,100056.9,102625.1,99093.0,100060.7,BTCUSDT_250627,141.33333333333334
2025-02-07,97670.9,101287.6,96613.6,97532.3,BTCUSDT_250328,49.333333333333336,100054.7,103566.2,98800.0,99766.4,BTCUSDT_250627,140.33333333333334
2025-02-08,97525.2,97906.6,96639.2,97424.1,BTCUSDT_250328,48.333333333333336,99759.8,100173.3,98807.4,99606.1,BTCUSDT_250627,139.33333333333334
2025-02-09,97423.3,98294.7,95611.0,97435.6,BTCUSDT_250328,47.333333333333336,99644.7,100469.9,97770.6,99641.0,BTCUSDT_250627,138.33333333333334
2025-02-10,97425.1,99326.6,96169.5,98372.0,BTCUSDT_250328,46.333333333333336,99640.6,101478.1,98360.4,100472.8,BTCUSDT_250627,137.33333333333334
2025-02-11,98368.4,99469.1,95743.5,96676.6,BTCUSDT_250328,45.333333333333336,100472.0,101665.9,97701.7,98709.4,BTCUSDT_250627,136.33333333333334
2025-02-12,96694.9,99033.0,94862.3,98765.1,BTCUSDT_250328,44.333333333333336,98706.8,101221.9,96800.0,100966.5,BTCUSDT_250627,135.33333333333334
2025-02-13,98754.4,98998.2,96005.0,97446.9,BTCUSDT_250328,43.333333333333336,100951.5,101236.8,98050.4,99526.8,BTCUSDT_250627,134.33333333333334
2025-02-14,97458.8,99695.3,97072.8,98351.5,BTCUSDT_250328,42.333333333333336,99593.2,101771.8,99147.8,100427.7,BTCUSDT_250627,133.33333333333334
2025-02-15,98326.7,98811.2,98063.7,98415.5,BTCUSDT_250328,41.333333333333336,100417.3,100893.2,100150.4,100457.0,BTCUSDT_250627,132.33333333333334
2025-02-16,98405.4,98551.6,96870.5,96968.7,BTCUSDT_250328,40.333333333333336,100443.3,100589.8,98829.6,98909.8,BTCUSDT_250627,131.33333333333334
2025-02-17,96926.2,97729.0,95859.6,96449.9,BTCUSDT_250328,39.333333333333336,98894.1,99570.9,97710.0,98286.7,BTCUSDT_250627,130.33333333333334
2025-02-18,96443.0,97395.6,93960.5,96274.5,BTCUSDT_250328,38.333333333333336,98293.1,99240.1,95793.7,98137.9,BTCUSDT_250627,129.33333333333334
2025-02-19,96286.1,97526.7,95647.2,97202.3,BTCUSDT_250328,37.333333333333336,98149.9,99292.7,97512.4,99083.2,BTCUSDT_250627,128.33333333333334
2025-02-20,97202.5,99364.8,96968.7,98929.5,BTCUSDT_250328,36.333333333333336,99084.3,101250.7,98853.4,100778.9,BTCUSDT_250627,127.33333333333333
2025-02-21,98937.3,100165.8,95330.7,96723.9,BTCUSDT_250328,35.333333333333336,100790.5,102117.9,97219.4,98657.8,BTCUSDT_250627,126.33333333333333
2025-02-22,96732.8,97586.0,96293.7,97104.1,BTCUSDT_250328,34.333333333333336,98663.8,99492.0,98200.0,99019.2,BTCUSDT_250627,125.33333333333333
2025-02-23,97095.1,97185.7,95791.7,96818.1,BTCUSDT_250328,33.333333333333336,99014.2,99122.6,97663.0,98713.7,BTCUSDT_250627,124.33333333333333
2025-02-24,96824.4,97055.2,91787.1,92029.4,BTCUSDT_250328,32.333333333333336,98758.0,98968.0,93457.0,93671.2,BTCUSDT_250627,123.33333333333333
2025-02-25,91994.5,93034.2,86532.3,89200.1,BTCUSDT_250328,31.333333333333332,93678.9,94828.8,88086.7,90842.5,BTCUSDT_250627,122.33333333333333
2025-02-26,89212.8,89927.2,82654.9,84650.2,BTCUSDT_250328,30.333333333333332,90855.5,91627.3,84113.5,86236.1,BTCUSDT_250627,121.33333333333333
2025-02-27,84695.4,87540.0,83169.5,85209.5,BTCUSDT_250328,29.333333333333332,86295.5,89186.9,84777.1,86845.6,BTCUSDT_250627,120.33333333333333
2025-02-28,85210.4,85600.4,78696.0,84811.3,BTCUSDT_250328,28.333333333333332,86845.6,87087.5,80042.4,86309.7,BTCUSDT_250627,119.33333333333333
2025-03-01,84817.5,87103.1,84312.3,86521.3,BTCUSDT_250328,27.333333333333332,86316.2,88642.1,85817.7,88030.9,BTCUSDT_250627,118.33333333333333
2025-03-02,86503.6,95335.0,85473.5,94602.1,BTCUSDT_250328,26.333333333333332,88045.5,97021.3,86975.1,96243.0,BTCUSDT_250627,117.33333333333333
2025-03-03,94615.3,94724.4,85486.8,86578.4,BTCUSDT_250328,25.333333333333332,96232.3,96357.4,86745.9,87920.9,BTCUSDT_250627,116.33333333333333
2025-03-04,86632.2,89289.0,81818.9,87552.5,BTCUSDT_250328,24.333333333333332,87998.1,90651.5,83109.7,88912.4,BTCUSDT_250627,115.33333333333333
2025-03-05,87555.6,91384.5,86647.7,90908.3,BTCUSDT_250328,23.333333333333332,88894.5,92725.3,87987.0,92318.2,BTCUSDT_250627,114.33333333333333
2025-03-06,90950.6,93114.6,88125.0,90210.2,BTCUSDT_250328,22.333333333333332,92318.1,94563.5,89558.2,91695.1,BTCUSDT_250627,113.33333333333333
2025-03-07,90289.0,91607.9,84915.2,87091.7,BTCUSDT_250328,21.333333333333332,91689.6,93068.0,86271.2,88444.7,BTCUSDT_250627,112.33333333333333
2025-03-08,87091.0,87200.3,85501.2,86424.9,BTCUSDT_250328,20.333333333333332,88376.8,88579.2,86778.5,87830.9,BTCUSDT_250627,111.33333333333333
2025-03-09,86460.5,86760.8,80181.5,80906.5,BTCUSDT_250328,19.333333333333332,87821.8,88148.4,81528.2,82260.7,BTCUSDT_250627,110.33333333333333
2025-03-10,80954.6,84241.0,77669.0,78774.5,BTCUSDT_250328,18.333333333333332,82324.1,85679.7,79080.1,80204.5,BTCUSDT_250627,109.33333333333333
2025-03-11,78803.7,82461.2,76820.0,81307.8,BTCUSDT_250328,17.333333333333332,80196.2,83889.0,78200.0,82674.9,BTCUSDT_250627,108.33333333333333
