Timestamp,spot_open,spot_high,spot_low,spot_close,perp_open,perp_high,perp_low,perp_close,funding_rate,funding_markPrice,funding_annualized
2024-04-02,0.3,0.913,0.3,0.775,0.619,0.91,0.593,0.772,-0.00027199500000000003,0.779111565,-0.297834525
2024-04-03,0.775,1.32,0.703,1.134,0.772,1.305,0.703,1.134,-0.00039663,0.9610207000000001,-0.43430984999999994
2024-04-04,1.134,1.168,0.907,0.97,1.134,1.167,0.911,0.971,-8.546333333333334e-05,1.0428684733333333,-0.09358235000000001
2024-04-05,0.97,1.069,0.861,1.018,0.971,1.064,0.861,1.016,-0.00040147833333333336,0.9411371133333333,-0.439618775
2024-04-06,1.018,1.194,0.962,1.089,1.016,1.195,0.963,1.089,-0.00051233,1.085823095,-0.56100135
2024-04-07,1.089,1.271,1.059,1.19,1.09,1.271,1.061,1.19,4.66e-05,1.17920691,0.051027
2024-04-08,1.191,1.36,1.07,1.293,1.19,1.358,1.076,1.294,9.718333333333334e-05,1.18445987,0.10641575000000002
2024-04-09,1.293,1.405,1.192,1.241,1.294,1.409,1.195,1.241,8.249666666666667e-05,1.28933042,0.09033385000000001
2024-04-10,1.241,1.51,1.223,1.461,1.241,1.506,1.223,1.457,-0.00038341833333333333,1.3587365083333334,-0.41984307499999995
2024-04-11,1.461,1.523,1.35,1.372,1.456,1.524,1.352,1.371,-0.00024858333333333335,1.433081718333333,-0.27219875000000004
2024-04-12,1.372,1.484,1.08,1.278,1.372,1.481,1.06,1.276,6.198166666666667e-05,1.3720329466666668,0.067869925
2024-04-13,1.278,1.341,0.904,1.046,1.277,1.342,0.905,1.047,5e-05,1.2121010766666667,0.05475000000000001
2024-04-14,1.047,1.22,0.986,1.209,1.046,1.221,0.987,1.208,3.451e-05,1.0922253683333334,0.03778845
2024-04-15,1.209,1.218,1.021,1.057,1.207,1.208,1.021,1.055,-0.00039734499999999996,1.1477468350000002,-0.43509277499999993
2024-04-16,1.056,1.08,0.891,0.979,1.055,1.078,0.893,0.978,-0.00014462666666666666,1.00340017,-0.15836619999999998
2024-04-17,0.98,1.059,0.904,0.925,0.978,1.055,0.903,0.923,-0.0006888333333333334,0.972432155,-0.7542725
2024-04-18,0.924,0.95,0.819,0.913,0.923,0.95,0.818,0.912,-0.000412145,0.9029901283333334,-0.451298775
2024-04-19,0.913,1.044,0.816,0.968,0.911,1.042,0.815,0.968,-9.508833333333333e-05,0.9564971333333334,-0.104121725
2024-04-20,0.969,1.121,0.948,1.083,0.967,1.12,0.947,1.083,-0.00010408666666666667,1.01094086,-0.11397490000000002
2024-04-21,1.082,1.108,1.025,1.05,1.083,1.107,1.025,1.049,3.253e-05,1.0745540916666665,0.03562035
2024-04-22,1.05,1.1,1.026,1.05,1.05,1.1,1.026,1.047,-0.00010173833333333334,1.0554193283333333,-0.11140347500000002
2024-04-23,1.05,1.068,0.931,0.939,1.048,1.066,0.93,0.938,-0.0003762866666666667,0.995980025,-0.41203389999999995
2024-04-24,0.938,0.985,0.86,0.874,0.938,0.984,0.859,0.874,5e-05,0.9351801399999999,0.05475000000000001
2024-04-25,0.874,0.906,0.833,0.871,0.873,0.907,0.833,0.871,5e-05,0.8711746033333334,0.05475000000000001
2024-04-26,0.871,0.887,0.812,0.824,0.871,0.886,0.81,0.824,5e-05,0.84410221,0.05475000000000001
2024-04-27,0.824,0.847,0.77,0.84,0.823,0.847,0.76,0.84,5e-05,0.8157267166666666,0.05475000000000001
2024-04-28,0.841,0.896,0.832,0.849,0.84,0.895,0.831,0.848,-8.683666666666666e-05,0.8557500633333334,-0.09508615000000001
2024-04-29,0.848,0.944,0.775,0.926,0.849,0.944,0.774,0.926,1.7241666666666665e-05,0.8362996316666665,0.018879624999999997
2024-04-30,0.926,0.939,0.792,0.814,0.927,0.939,0.791,0.814,1.775666666666667e-05,0.8564063366666667,0.01944355
2024-05-01,0.814,0.831,0.735,0.798,0.814,0.831,0.73,0.799,-9.994833333333332e-05,0.7901612233333334,-0.10944342499999998
2024-05-02,0.799,0.832,0.765,0.798,0.799,0.832,0.765,0.797,1.496e-05,0.8016477716666667,0.016381200000000002
2024-05-03,0.797,0.878,0.783,0.852,0.796,0.877,0.782,0.852,-0.00018334833333333333,0.8150818033333334,-0.20076642500000003
2024-05-04,0.852,0.875,0.82,0.828,0.852,0.876,0.822,0.827,5e-05,0.840208245,0.05475000000000001
2024-05-05,0.828,0.832,0.795,0.812,0.827,0.832,0.794,0.813,5e-05,0.810154555,0.05475000000000001
2024-05-06,0.813,0.936,0.81,0.892,0.812,0.935,0.81,0.892,5e-05,0.8752030550000001,0.05475000000000001
2024-05-07,0.892,1.005,0.856,0.92,0.892,1.005,0.855,0.918,4.950833333333333e-05,0.9064998366666667,0.054211625
2024-05-08,0.92,0.953,0.855,0.874,0.918,0.951,0.8536,0.8727,-7.679166666666667e-05,0.9074804733333334,-0.084086875
2024-05-09,0.874,0.911,0.849,0.893,0.8728,0.9087,0.8514,0.8936,4.315166666666667e-05,0.8771198366666667,0.047251075000000003
2024-05-10,0.894,0.938,0.824,0.847,0.8936,0.9367,0.8234,0.847,2.2916666666666667e-05,0.8869548933333333,0.025093749999999998
2024-05-11,0.847,0.872,0.838,0.842,0.847,0.8712,0.837,0.8407,1.1761666666666671e-05,0.854277485,0.012879025000000006
2024-05-12,0.841,0.854,0.819,0.83,0.8407,0.8522,0.8186,0.83,-0.00013775833333333333,0.8413425183333333,-0.150845375
2024-05-13,0.83,0.836,0.755,0.768,0.83,0.8356,0.7551,0.7673,-1.8061666666666667e-05,0.79930448,-0.019777525
2024-05-14,0.767,0.774,0.672,0.693,0.7672,0.773,0.6713,0.6931,-6.2505e-05,0.732247745,-0.068442975
2024-05-15,0.694,0.749,0.666,0.734,0.6931,0.749,0.6652,0.7344,-8.950000000000001e-05,0.7047770016666667,-0.0980025
2024-05-16,0.735,0.754,0.653,0.671,0.7343,0.7486,0.6529,0.6707,4.1705e-05,0.7091587983333333,0.045666975
2024-05-17,0.672,0.749,0.669,0.719,0.6708,0.7483,0.6684,0.7191,3.9035e-05,0.7060013500000001,0.042743325
2024-05-18,0.72,0.795,0.703,0.754,0.7191,0.7932,0.708,0.7533,-0.0006106299999999999,0.7465361366666666,-0.6686398499999999
2024-05-19,0.753,0.758,0.697,0.713,0.7533,0.7569,0.6968,0.7121,-0.000330705,0.7313841316666667,-0.362121975
2024-05-20,0.713,0.849,0.69,0.832,0.7121,0.8487,0.69,0.8328,-0.00012260166666666668,0.7336641133333334,-0.13424882500000002
2024-05-21,0.833,0.902,0.82,0.886,0.8328,0.8999,0.82,0.8865,-4.6871666666666654e-05,0.8599141066666668,-0.05132447499999998
2024-05-22,0.886,0.896,0.803,0.853,0.8865,0.8963,0.8021,0.8516,-0.00024142666666666666,0.8532029133333333,-0.2643622
2024-05-23,0.853,0.909,0.831,0.866,0.8516,0.9097,0.8299,0.8665,-0.0006654183333333332,0.8560663116666666,-0.728633075
2024-05-24,0.866,0.92,0.832,0.851,0.8664,0.9189,0.8295,0.8507,-0.000738225,0.8676988150000001,-0.808356375
2024-05-25,0.852,0.952,0.846,0.912,0.8508,0.952,0.8449,0.9121,5.4145e-05,0.904502725,0.059288775
2024-05-26,0.913,0.972,0.902,0.921,0.9121,0.973,0.9015,0.9194,4.597e-05,0.9255646233333333,0.05033715
2024-05-27,0.922,0.956,0.891,0.921,0.9194,0.9552,0.8905,0.9205,-0.000506585,0.9202923,-0.5547105750000001
2024-05-28,0.921,0.927,0.859,0.894,0.9205,0.9272,0.8655,0.8942,-0.000209475,0.9016349666666666,-0.229375125
2024-05-29,0.893,0.908,0.833,0.837,0.8943,0.9083,0.8319,0.8362,2.2865000000000002e-05,0.8689389916666667,0.025037175000000002
2024-05-30,0.837,0.902,0.813,0.871,0.8363,0.898,0.8125,0.8706,-0.0003946116666666667,0.85198822,-0.4320997750000001
2024-05-31,0.872,0.909,0.86,0.878,0.8705,0.9097,0.8596,0.8779,3.8400000000000005e-06,0.8799358116666666,0.004204800000000001
2024-06-01,0.879,0.939,0.873,0.91,0.878,0.9399,0.8735,0.9109,8.339333333333333e-05,0.8947867916666666,0.09131569999999999
2024-06-02,0.911,0.935,0.878,0.92,0.9109,0.9357,0.879,0.9206,8.544e-05,0.90906237,0.0935568
2024-06-03,0.921,1.042,0.903,1.027,0.9206,1.0333,0.9041,1.0227,8.517000000000001e-05,0.9506021633333334,0.09326115000000001
2024-06-04,1.027,1.082,0.938,0.978,1.0227,1.0764,0.938,0.9779,-0.0008521783333333334,0.9899063300000001,-0.9331352749999999
2024-06-05,0.977,0.996,0.934,0.979,0.9779,0.9962,0.933,0.9782,4.657e-05,0.9696960250000001,0.05099415
2024-06-06,0.98,1.008,0.94,0.952,0.9783,1.0072,0.9381,0.9504,2.4685e-05,0.9721844599999999,0.027030075000000004
2024-06-07,0.952,0.966,0.791,0.885,0.9504,0.9655,0.77,0.885,-0.001018145,0.9408066483333334,-1.114868775
2024-06-08,0.885,0.891,0.814,0.831,0.8849,0.89,0.8127,0.8299,-0.0002723166666666667,0.8553076166666668,-0.29818675000000006
2024-06-09,0.831,0.84,0.81,0.831,0.8299,0.8396,0.81,0.8301,-8.236166666666666e-05,0.824170005,-0.09018602499999999
2024-06-10,0.831,0.831,0.769,0.771,0.83,0.8303,0.7689,0.7707,-6.788333333333333e-06,0.8050333466666667,-0.007433225
2024-06-11,0.771,0.775,0.7,0.71,0.7708,0.7757,0.7015,0.7092,4.479833333333334e-05,0.7412996783333333,0.049054175000000005
2024-06-12,0.709,0.798,0.684,0.731,0.7093,0.7871,0.6843,0.73,1.4619999999999999e-05,0.7234395566666666,0.0160089
2024-06-13,0.731,0.731,0.677,0.697,0.73,0.73,0.676,0.6963,3.556e-05,0.7031285783333333,0.03893819999999999
2024-06-14,0.697,0.735,0.661,0.71,0.6964,0.734,0.65,0.7092,-0.000280865,0.7046918999999999,-0.307547175
2024-06-15,0.71,0.75,0.695,0.748,0.7091,0.7499,0.6944,0.7479,1.6166666666666665e-05,0.7236144016666667,0.017702499999999996
2024-06-16,0.749,0.777,0.724,0.767,0.7479,0.7749,0.724,0.7656,-0.00013529833333333333,0.748742285,-0.14815167499999998
2024-06-17,0.767,0.773,0.666,0.676,0.7656,0.7727,0.6601,0.6752,-1.9034999999999996e-05,0.7169873350000001,-0.020843324999999996
2024-06-18,0.676,0.677,0.554,0.627,0.6753,0.677,0.5401,0.6268,-0.0007191133333333332,0.6143962799999999,-0.7874290999999999
2024-06-19,0.628,0.687,0.621,0.635,0.6268,0.685,0.6217,0.6335,-0.0005368116666666666,0.6418654316666667,-0.5878087750000001
2024-06-20,0.635,0.668,0.6,0.613,0.6336,0.6675,0.5831,0.6129,-0.00016718666666666666,0.6333920716666667,-0.1830694
2024-06-21,0.613,0.626,0.594,0.6,0.6129,0.6262,0.5937,0.5993,-2.2496666666666668e-05,0.6113253200000001,-0.02463385
2024-06-22,0.6,0.611,0.585,0.602,0.5993,0.61,0.5851,0.6013,-5.3275e-05,0.5980335066666667,-0.058336125
2024-06-23,0.602,0.612,0.558,0.568,0.6013,0.6119,0.5569,0.568,-4.770833333333333e-05,0.5955298933333334,-0.052240625
2024-06-24,0.568,0.573,0.513,0.558,0.568,0.5727,0.51,0.5581,-7.488166666666666e-05,0.5521614266666667,-0.08199542499999998
2024-06-25,0.558,0.59,0.547,0.573,0.558,0.5891,0.5475,0.5723,-0.00019915000000000002,0.5662695016666667,-0.21806925000000005
2024-06-26,0.573,0.594,0.543,0.559,0.5723,0.5925,0.542,0.5589,-0.00024703,0.57064076,-0.27049785000000004
2024-06-27,0.56,0.593,0.542,0.56,0.5588,0.592,0.5424,0.5602,-0.00021329,0.5598890866666667,-0.23355255
2024-06-28,0.561,0.574,0.507,0.513,0.5602,0.574,0.5066,0.5119,-0.000106915,0.5509738883333334,-0.11707192500000001
2024-06-29,0.513,0.529,0.487,0.489,0.5119,0.5282,0.4866,0.4886,-0.0007335866666666667,0.5146778766666666,-0.8032774
2024-06-30,0.489,0.541,0.483,0.533,0.4886,0.5398,0.4825,0.5321,-0.00037161833333333337,0.50241121,-0.406922075
2024-07-01,0.533,0.556,0.503,0.505,0.5321,0.5552,0.5027,0.5045,-0.0002524516666666667,0.5241331083333334,-0.276434575
2024-07-02,0.506,0.532,0.495,0.514,0.5046,0.5215,0.4953,0.513,-0.000353745,0.5030191216666666,-0.387350775
2024-07-03,0.514,0.517,0.453,0.461,0.513,0.5164,0.4521,0.4599,-0.00013773,0.48019726999999995,-0.15081435
2024-07-04,0.461,0.469,0.401,0.406,0.46,0.4678,0.4,0.4061,-4.559333333333332e-05,0.4451324083333333,-0.04992469999999999
2024-07-05,0.407,0.407,0.343,0.379,0.4061,0.4066,0.341,0.3777,-0.00047496499999999994,0.37578325,-0.5200866749999999
2024-07-06,0.379,0.419,0.368,0.413,0.3777,0.4187,0.3677,0.4124,-0.0007203533333333332,0.383393735,-0.7887869
2024-07-07,0.413,0.426,0.375,0.377,0.4124,0.4262,0.3749,0.3775,-1.5963333333333334e-05,0.4062984916666667,-0.01747985
2024-07-08,0.378,0.413,0.349,0.404,0.3775,0.4127,0.3488,0.4035,-0.000160745,0.38516311666666664,-0.17601577499999999
2024-07-09,0.404,0.425,0.396,0.423,0.4034,0.4249,0.396,0.4225,-0.000239115,0.40731135166666665,-0.26183092500000005
2024-07-10,0.423,0.443,0.407,0.415,0.4226,0.4425,0.4069,0.4146,-0.0002482883333333333,0.4211929283333333,-0.271875725
2024-07-11,0.416,0.434,0.39,0.394,0.4146,0.4332,0.3902,0.3935,-0.0003053216666666667,0.41217201333333336,-0.334327225
2024-07-12,0.394,0.403,0.374,0.396,0.3935,0.4023,0.3739,0.3963,-3.137e-05,0.3899458583333333,-0.034350149999999996
2024-07-13,0.397,0.407,0.387,0.4,0.3962,0.4053,0.3868,0.3992,-3.267833333333333e-05,0.39654981166666664,-0.03578277499999999
2024-07-14,0.4,0.405,0.38,0.399,0.3992,0.4039,0.3796,0.3993,-0.000229705,0.39137715,-0.251526975
2024-07-15,0.4,0.496,0.397,0.481,0.3993,0.4942,0.3975,0.4794,-2.4410000000000002e-05,0.4250683233333333,-0.02672895
2024-07-16,0.481,0.497,0.445,0.464,0.4794,0.4954,0.4452,0.4635,-0.00025660833333333334,0.46669183666666664,-0.280986125
2024-07-17,0.464,0.487,0.452,0.457,0.4634,0.4866,0.4518,0.4576,-1.1694999999999997e-05,0.470071505,-0.012806024999999995
2024-07-18,0.458,0.497,0.451,0.49,0.4576,0.4962,0.4504,0.4896,-9.967333333333333e-05,0.46616261666666664,-0.10914229999999998
2024-07-19,0.49,0.514,0.457,0.487,0.4896,0.5131,0.4564,0.4866,-0.00045063666666666667,0.47827404833333337,-0.49344715000000006
2024-07-20,0.488,0.508,0.478,0.502,0.4867,0.5083,0.477,0.5012,-0.0002641166666666667,0.49517678499999995,-0.28920775000000004
2024-07-21,0.502,0.502,0.455,0.491,0.5012,0.5013,0.453,0.4906,-0.000432995,0.4844933166666667,-0.47412952499999994
2024-07-22,0.491,0.495,0.429,0.434,0.4907,0.4942,0.4284,0.4333,-0.00021335333333333335,0.46701352833333337,-0.2336219
2024-07-23,0.434,0.458,0.414,0.457,0.4333,0.4586,0.4137,0.4553,-0.00013551333333333332,0.43301235666666665,-0.1483871
2024-07-24,0.457,0.517,0.442,0.454,0.4553,0.5167,0.441,0.4538,-0.0005046483333333334,0.47178253333333336,-0.552589925
2024-07-25,0.455,0.455,0.413,0.428,0.4539,0.4546,0.413,0.428,-7.6455e-05,0.43691791333333335,-0.083718225
2024-07-26,0.429,0.473,0.423,0.464,0.428,0.473,0.4233,0.464,-6.694333333333333e-05,0.4448947716666667,-0.07330295
2024-07-27,0.465,0.48,0.445,0.468,0.464,0.4798,0.4444,0.4683,-3.7533333333333335e-05,0.4567362,-0.041099000000000004
2024-07-28,0.469,0.469,0.44,0.448,0.4683,0.4683,0.4403,0.4482,-0.00013771833333333335,0.45582496,-0.15080157500000002
2024-07-29,0.449,0.476,0.437,0.439,0.4482,0.4758,0.4368,0.4396,-0.00010726000000000001,0.45539966000000004,-0.1174497
2024-07-30,0.44,0.448,0.405,0.411,0.4396,0.4478,0.4053,0.4114,-7.2705e-05,0.43422156333333334,-0.079611975
2024-07-31,0.412,0.418,0.392,0.399,0.4114,0.418,0.3915,0.3988,-0.00033200166666666665,0.40839174333333333,-0.363541825
2024-08-01,0.4,0.407,0.364,0.396,0.3989,0.4059,0.3638,0.3957,-0.0005610333333333333,0.3934458283333333,-0.6143315
2024-08-02,0.396,0.399,0.349,0.352,0.3957,0.3989,0.3489,0.3515,-0.00012421666666666666,0.3788399683333333,-0.13601724999999998
2024-08-03,0.351,0.356,0.31,0.313,0.3515,0.3556,0.3104,0.3127,-0.00018804666666666665,0.34199650833333334,-0.2059111
2024-08-04,0.313,0.325,0.276,0.292,0.3128,0.3244,0.2766,0.2918,-8.759666666666666e-05,0.31090184000000004,-0.09591834999999999
2024-08-05,0.292,0.294,0.226,0.261,0.2918,0.2944,0.2258,0.2602,-0.0002291616666666667,0.2607445233333333,-0.250932025
2024-08-06,0.261,0.29,0.26,0.276,0.2602,0.2898,0.2597,0.2754,-0.0006551483333333334,0.27398411333333333,-0.7173874250000001
2024-08-07,0.276,0.288,0.256,0.261,0.2753,0.2874,0.2565,0.2613,-0.00029391666666666666,0.2745077166666667,-0.32183875
2024-08-08,0.262,0.315,0.258,0.312,0.2612,0.3144,0.2578,0.3119,-2.3841666666666662e-05,0.27855734666666665,-0.026106624999999994
2024-08-09,0.313,0.315,0.299,0.312,0.3119,0.3148,0.2989,0.3117,-7.857166666666667e-05,0.30661304,-0.08603597500000001
2024-08-10,0.312,0.335,0.302,0.32,0.3117,0.3349,0.3024,0.3194,-2.0896666666666666e-05,0.3106063783333333,-0.022881850000000002
2024-08-11,0.32,0.327,0.292,0.294,0.3195,0.3268,0.292,0.2933,-0.00020933,0.3141895466666667,-0.22921635
2024-08-12,0.294,0.344,0.291,0.329,0.2934,0.344,0.2917,0.3293,-0.00011305333333333334,0.31227937666666666,-0.1237934
2024-08-13,0.33,0.347,0.311,0.341,0.3293,0.3469,0.3108,0.3402,-6.841166666666666e-05,0.32405950499999997,-0.074910775
2024-08-14,0.341,0.344,0.318,0.324,0.3402,0.3439,0.318,0.3242,-8.8095e-05,0.33320415166666667,-0.09646402500000001
2024-08-15,0.325,0.336,0.296,0.305,0.3243,0.3357,0.2961,0.304,-9.265666666666667e-05,0.3171399916666667,-0.10145905000000001
2024-08-16,0.305,0.31,0.286,0.3,0.304,0.3099,0.2864,0.2993,-0.0003453033333333333,0.2991696383333333,-0.37810714999999995
2024-08-17,0.3,0.305,0.29,0.299,0.2993,0.3045,0.2899,0.2986,-0.00046567,0.2972539966666667,-0.50990865
2024-08-18,0.299,0.306,0.29,0.291,0.2985,0.3052,0.2899,0.291,-0.0004099966666666667,0.296940665,-0.44894635000000005
2024-08-19,0.292,0.297,0.272,0.289,0.291,0.2962,0.2721,0.2877,-0.00036556666666666664,0.2864107866666667,-0.4002955
2024-08-20,0.289,0.305,0.283,0.294,0.2878,0.3046,0.2837,0.2935,-0.00023125333333333332,0.293241755,-0.2532224
2024-08-21,0.294,0.308,0.283,0.304,0.2934,0.3082,0.2825,0.3036,-2.945666666666667e-05,0.29432301666666666,-0.03225505000000001
2024-08-22,0.304,0.31,0.297,0.305,0.3037,0.3091,0.2965,0.3044,3.065166666666667e-05,0.303153955,0.033563575000000005
2024-08-23,0.305,0.365,0.304,0.359,0.3045,0.3649,0.304,0.3598,-0.00014298166666666667,0.32261044499999997,-0.15656492500000002
2024-08-24,0.36,0.385,0.356,0.37,0.3599,0.3848,0.3565,0.3693,5e-05,0.36676607,0.05475000000000001
2024-08-25,0.37,0.37,0.345,0.348,0.3694,0.37,0.3472,0.3485,5e-05,0.357288375,0.05475000000000001
2024-08-26,0.349,0.355,0.309,0.313,0.3486,0.3546,0.3095,0.3121,1.2966666666666666e-05,0.33362216499999997,0.0141985
2024-08-27,0.313,0.319,0.266,0.273,0.3121,0.3189,0.2652,0.2721,-6.217166666666667e-05,0.30201811,-0.068077975
2024-08-28,0.273,0.286,0.248,0.254,0.2721,0.286,0.2486,0.2541,-0.0005170316666666667,0.26806915000000003,-0.566149675
2024-08-29,0.255,0.26,0.236,0.242,0.2541,0.2601,0.2363,0.2417,-9.838166666666667e-05,0.2515059333333333,-0.107727925
2024-08-30,0.242,0.246,0.225,0.241,0.2416,0.2455,0.2258,0.2413,7.758333333333338e-06,0.23806083166666667,0.008495375000000006
2024-08-31,0.242,0.246,0.232,0.238,0.2413,0.2456,0.2323,0.2374,5e-05,0.24070222333333333,0.05475000000000001
2024-09-01,0.238,0.241,0.218,0.223,0.2374,0.2404,0.2182,0.222,4.641166666666667e-05,0.23636787333333334,0.050820775
2024-09-02,0.223,0.243,0.217,0.238,0.2219,0.2432,0.2176,0.2386,-4.0186666666666666e-05,0.22919114666666665,-0.0440044
2024-09-03,0.239,0.244,0.218,0.219,0.2386,0.244,0.218,0.2192,-6.760166666666666e-05,0.23242752333333336,-0.07402382499999999
2024-09-04,0.22,0.228,0.204,0.221,0.2192,0.2278,0.204,0.2214,-1.9913333333333335e-05,0.21736893166666668,-0.0218051
2024-09-05,0.222,0.225,0.205,0.208,0.2215,0.2246,0.2051,0.2073,-2.3241666666666668e-05,0.21358278500000002,-0.025449625000000003
2024-09-06,0.208,0.217,0.194,0.205,0.2072,0.2171,0.1937,0.2043,3.917333333333333e-05,0.20900527666666666,0.0428948
2024-09-07,0.205,0.213,0.203,0.211,0.2043,0.213,0.2034,0.211,1.2031666666666667e-05,0.20907286,0.013174675
2024-09-08,0.211,0.225,0.209,0.22,0.2109,0.2252,0.2089,0.2201,2.6953333333333335e-05,0.21359265666666669,0.029513900000000003
2024-09-09,0.221,0.238,0.215,0.235,0.22,0.2379,0.215,0.2343,1.4956666666666667e-05,0.223258435,0.01637755
2024-09-10,0.235,0.236,0.225,0.228,0.2344,0.2349,0.226,0.2279,-2.5275000000000004e-05,0.23100227166666665,-0.027676125000000003
2024-09-11,0.228,0.229,0.206,0.212,0.228,0.2287,0.2066,0.2115,2.143333333333333e-05,0.2188126,0.023469499999999997
2024-09-12,0.212,0.218,0.202,0.212,0.2115,0.2179,0.202,0.2117,-0.00019377999999999998,0.2084198416666667,-0.21218909999999996
2024-09-13,0.212,0.224,0.205,0.22,0.2117,0.2235,0.2054,0.2195,4.081166666666667e-05,0.21246863666666668,0.044688775
2024-09-14,0.22,0.227,0.218,0.223,0.2196,0.2269,0.218,0.2223,5e-05,0.22197972333333335,0.05475000000000001
2024-09-15,0.223,0.231,0.209,0.212,0.2222,0.2305,0.2094,0.2119,2.0271666666666668e-05,0.22362906166666666,0.022197475
2024-09-16,0.213,0.219,0.206,0.209,0.2119,0.2184,0.2062,0.2093,4.358666666666667e-05,0.21194461499999998,0.047727399999999996
2024-09-17,0.21,0.231,0.205,0.227,0.2093,0.2308,0.2051,0.2276,-1.3248333333333333e-05,0.21665077666666666,-0.014506924999999999
2024-09-18,0.228,0.243,0.218,0.242,0.2277,0.2427,0.218,0.2425,5e-05,0.22693745833333334,0.05475000000000001
2024-09-19,0.243,0.255,0.24,0.248,0.2426,0.2551,0.2404,0.2482,5e-05,0.24882364,0.05475000000000001
2024-09-20,0.249,0.266,0.241,0.26,0.2482,0.2661,0.2415,0.2601,5e-05,0.25610288166666667,0.05475000000000001
2024-09-21,0.261,0.29,0.252,0.289,0.2602,0.2897,0.251,0.2882,-4.8223333333333336e-05,0.26408866999999997,-0.052804550000000006
2024-09-22,0.289,0.305,0.261,0.275,0.2881,0.3043,0.261,0.274,1.5935000000000002e-05,0.2746722316666667,0.017448825
2024-09-23,0.275,0.297,0.266,0.281,0.274,0.296,0.266,0.281,-7.231833333333333e-05,0.2803271666666667,-0.079188575
2024-09-24,0.282,0.3303,0.274,0.3223,0.2811,0.33,0.2738,0.3224,5.491666666666666e-06,0.29788555333333333,0.006013374999999999
2024-09-25,0.3224,0.342,0.3064,0.3131,0.3224,0.3414,0.3063,0.3128,1.3703333333333335e-05,0.317153805,0.015005150000000002
2024-09-26,0.3131,0.3792,0.3074,0.364,0.3128,0.378,0.3072,0.3635,-0.00024944,0.34213274,-0.2731368
2024-09-27,0.364,0.377,0.3441,0.3596,0.3636,0.3763,0.3457,0.3595,-1.7375e-05,0.356381345,-0.019025624999999997
2024-09-28,0.3596,0.3739,0.3476,0.369,0.3594,0.3737,0.3475,0.3688,4.598166666666667e-05,0.35970061,0.050349925000000004
2024-09-29,0.369,0.3988,0.3484,0.3881,0.3689,0.3984,0.3482,0.3881,5e-05,0.3702430966666667,0.05475000000000001
2024-09-30,0.3882,0.4224,0.3644,0.3668,0.3881,0.422,0.3634,0.3667,6.236666666666668e-06,0.3929271183333333,0.006829150000000002
2024-10-01,0.3668,0.3968,0.3402,0.3542,0.3667,0.3968,0.34,0.3541,5e-05,0.37436286,0.05475000000000001
2024-10-02,0.3541,0.3833,0.3195,0.3205,0.3541,0.383,0.3201,0.3203,2.8743333333333337e-05,0.35283779,0.03147395000000001
2024-10-03,0.3204,0.3337,0.273,0.2794,0.3203,0.3335,0.273,0.2792,-1.4346666666666668e-05,0.30078296,-0.0157096
2024-10-04,0.2795,0.3217,0.2779,0.3096,0.2792,0.3213,0.2776,0.3094,-0.00010116333333333334,0.29090444,-0.11077385000000001
2024-10-05,0.3096,0.3219,0.2742,0.2863,0.3093,0.3215,0.274,0.286,-0.000111215,0.29574515166666665,-0.121780425
2024-10-06,0.2863,0.3026,0.2826,0.2946,0.2861,0.3025,0.2825,0.2945,-0.00021926166666666664,0.2876050983333333,-0.24009152499999997
2024-10-07,0.2945,0.3138,0.2827,0.2841,0.2944,0.3131,0.2824,0.284,-0.00023975000000000003,0.2971762866666667,-0.26252625
2024-10-08,0.2842,0.2911,0.2685,0.2826,0.2841,0.291,0.2681,0.2824,-5.471166666666667e-05,0.2819671683333333,-0.05990927500000001
2024-10-09,0.2826,0.2896,0.2645,0.2671,0.2824,0.2893,0.2641,0.2668,-0.00022412,0.28078413166666666,-0.2454114
2024-10-10,0.2671,0.2819,0.2559,0.2708,0.2668,0.2789,0.2555,0.2708,-0.00034709166666666664,0.27052500333333335,-0.38006537500000004
2024-10-11,0.2708,0.3466,0.2683,0.3431,0.2707,0.3463,0.268,0.3431,4.882166666666667e-05,0.2919636466666667,0.053459725
2024-10-12,0.3432,0.3488,0.3231,0.3294,0.3431,0.3489,0.3227,0.3292,5e-05,0.3342753333333333,0.05475000000000001
2024-10-13,0.3294,0.3688,0.323,0.357,0.3293,0.3689,0.3227,0.3567,4.4823333333333335e-05,0.336722005,0.04908155
2024-10-14,0.3571,0.435,0.3471,0.4098,0.3567,0.4351,0.3469,0.4095,-0.000116405,0.3927657883333333,-0.127463475
2024-10-15,0.4099,0.4638,0.4013,0.4284,0.4096,0.463,0.4012,0.4276,-5.903000000000001e-05,0.42096787500000005,-0.06463785000000001
2024-10-16,0.4284,0.4504,0.3823,0.3978,0.4277,0.45,0.3821,0.3977,3.185e-05,0.41254922666666666,0.03487575
2024-10-17,0.3979,0.41,0.3735,0.3758,0.3978,0.4098,0.3734,0.3757,-2.2650000000000016e-06,0.3945418733333333,-0.002480175000000002
2024-10-18,0.3758,0.4409,0.3649,0.4136,0.3757,0.4399,0.365,0.4132,-0.0004368516666666666,0.40241312166666665,-0.47835257499999995
2024-10-19,0.4135,0.4224,0.3931,0.4014,0.4132,0.422,0.3927,0.4011,-0.000210745,0.40533212,-0.230765775
2024-10-20,0.4015,0.4169,0.3869,0.4124,0.4011,0.4159,0.3864,0.4122,-0.00012803166666666666,0.40037304166666665,-0.140194675
2024-10-21,0.4125,0.4349,0.3873,0.3901,0.4122,0.4345,0.3873,0.3899,-6.4635e-05,0.402913885,-0.070775325
2024-10-22,0.39,0.397,0.3752,0.3868,0.39,0.3969,0.3751,0.3866,5e-05,0.387381655,0.05475000000000001
2024-10-23,0.3869,0.3897,0.3543,0.3688,0.3867,0.3898,0.3545,0.3687,5e-05,0.37391713666666665,0.05475000000000001
2024-10-24,0.3689,0.3993,0.3655,0.3909,0.3687,0.3991,0.3653,0.3906,5e-05,0.38058745,0.05475000000000001
2024-10-25,0.391,0.3951,0.325,0.3509,0.3907,0.3949,0.3158,0.3505,4.5266666666666665e-05,0.38084523,0.049567
2024-10-26,0.3509,0.3658,0.3425,0.3576,0.3505,0.3638,0.3418,0.3575,-0.000201945,0.3533356916666666,-0.22112977499999997
2024-10-27,0.3577,0.3739,0.3453,0.3622,0.3576,0.3734,0.3451,0.362,-9.007999999999999e-05,0.35339971166666667,-0.09863759999999999
2024-10-28,0.3623,0.3775,0.33,0.3717,0.362,0.3775,0.3284,0.3715,-0.00036497833333333334,0.342295345,-0.39965127500000003
2024-10-29,0.3717,0.3975,0.3668,0.3809,0.3715,0.3958,0.3664,0.3805,-9.764166666666668e-05,0.3824662966666667,-0.10691762500000002
2024-10-30,0.3809,0.4061,0.3607,0.3617,0.3804,0.4053,0.3601,0.3615,-0.00015495000000000003,0.37777481333333335,-0.16967025000000002
2024-10-31,0.3617,0.384,0.347,0.3628,0.3615,0.3799,0.3463,0.3625,-0.00042466666666666667,0.3590074383333333,-0.46501
2024-11-01,0.3627,0.3962,0.3486,0.3693,0.3625,0.3959,0.3481,0.3687,-0.0003949733333333333,0.3641267516666667,-0.4324958
2024-11-02,0.3692,0.3837,0.354,0.3627,0.3686,0.3832,0.3532,0.3617,-0.0006080066666666667,0.36308312,-0.6657673
2024-11-03,0.3624,0.3694,0.3165,0.3371,0.3617,0.3687,0.3165,0.3368,-0.0004695433333333334,0.34503170166666663,-0.51414995
2024-11-04,0.3372,0.3591,0.3226,0.3295,0.3369,0.359,0.3225,0.3294,-0.00014605333333333334,0.3429536933333333,-0.1599284
2024-11-05,0.3295,0.3629,0.3225,0.3513,0.3294,0.363,0.3222,0.3512,1.4810000000000002e-05,0.3424108666666667,0.01621695
2024-11-06,0.3513,0.4886,0.3513,0.4856,0.3512,0.4893,0.3511,0.4849,5e-05,0.4032736383333333,0.05475000000000001
2024-11-07,0.4857,0.554,0.4815,0.5082,0.4849,0.5499,0.4814,0.508,-9.351333333333334e-05,0.5070916266666666,-0.10239710000000002
2024-11-08,0.5084,0.5375,0.474,0.4957,0.508,0.5371,0.4741,0.4954,-0.000223645,0.497646835,-0.24489127499999996
2024-11-09,0.4957,0.58,0.4854,0.5494,0.4954,0.5686,0.485,0.5484,-0.00026665500000000003,0.5064704216666667,-0.2919872250000001
2024-11-10,0.5494,0.5881,0.5245,0.5548,0.5486,0.5883,0.5243,0.5544,-0.00017589500000000002,0.5605699716666667,-0.19260502500000004
2024-11-11,0.5549,0.6743,0.5452,0.6353,0.5543,0.6729,0.5449,0.6344,-0.00014110999999999998,0.5967253499999999,-0.15451544999999997
2024-11-12,0.635,0.6359,0.5547,0.5911,0.6343,0.6351,0.5561,0.5918,-5.116500000000001e-05,0.6088159066666666,-0.05602567500000001
2024-11-13,0.5913,0.65,0.5207,0.5899,0.5918,0.6502,0.5208,0.5904,5.2145e-05,0.5708262949999999,0.057098775000000004
2024-11-14,0.5902,0.6055,0.5267,0.5383,0.5903,0.6048,0.5273,0.5386,0.00010165,0.5661811616666667,0.11130675000000001
2024-11-15,0.5382,0.6023,0.5225,0.5362,0.5386,0.6034,0.5229,0.5365,7.744166666666666e-05,0.5490820666666667,0.08479862499999999
2024-11-16,0.5362,0.577,0.5226,0.5538,0.5366,0.5771,0.5231,0.5543,8.174833333333334e-05,0.5494648533333333,0.08951442500000001
2024-11-17,0.5539,0.6074,0.5443,0.554,0.5544,0.6076,0.5445,0.5543,0.000101215,0.5667281233333333,0.11083042499999998
2024-11-18,0.554,0.6329,0.546,0.5796,0.5544,0.633,0.547,0.58,0.00015728833333333335,0.574296315,0.17223072500000003
2024-11-19,0.5796,0.581,0.5282,0.5343,0.58,0.5815,0.5283,0.5344,0.00011138333333333333,0.5596959733333334,0.12196475
2024-11-20,0.5345,0.547,0.5013,0.5158,0.5345,0.5473,0.5014,0.5159,5e-05,0.52868969,0.05475000000000001
2024-11-21,0.5159,0.606,0.4964,0.5922,0.5159,0.6066,0.4965,0.5922,5e-05,0.5379882133333334,0.05475000000000001
2024-11-22,0.5922,0.6305,0.5735,0.5957,0.5923,0.6299,0.5733,0.5962,7.176833333333333e-05,0.5965200066666666,0.078586325
2024-11-23,0.5959,0.6835,0.588,0.6679,0.5963,0.6835,0.5885,0.6685,0.00025179833333333334,0.6341018933333333,0.275719175
2024-11-24,0.668,0.6878,0.5844,0.6808,0.6685,0.6884,0.5844,0.6812,0.00016958,0.6381221433333333,0.18569010000000002
2024-11-25,0.6809,0.7184,0.6108,0.6309,0.6813,0.7191,0.6114,0.6314,9.520333333333334e-05,0.6593337966666667,0.10424765
2024-11-26,0.6311,0.6498,0.5558,0.6006,0.6314,0.65,0.557,0.6001,-7.9405e-05,0.6045789833333334,-0.086948475
2024-11-27,0.6006,0.74,0.5913,0.7083,0.6002,0.7375,0.5906,0.7084,-3.279333333333334e-05,0.6430337316666667,-0.0359087
2024-11-28,0.7083,0.7622,0.681,0.7074,0.7083,0.762,0.684,0.7074,-9.72833333333333e-06,0.7098401833333333,-0.010652524999999996
2024-11-29,0.7076,0.7961,0.6869,0.7905,0.7074,0.7962,0.6852,0.7904,5e-05,0.7236582183333332,0.05475000000000001
2024-11-30,0.7906,0.8598,0.77,0.8438,0.7903,0.8595,0.7709,0.843,5e-05,0.79581048,0.05475000000000001
2024-12-01,0.8439,0.8888,0.8052,0.824,0.8429,0.8874,0.805,0.8225,-0.00023138,0.83577182,-0.2533611
2024-12-02,0.8239,0.8874,0.783,0.8391,0.8224,0.8897,0.784,0.8388,-7.711666666666663e-06,0.8261449833333333,-0.008444274999999996
2024-12-03,0.8394,0.8816,0.7548,0.8082,0.8388,0.8827,0.7475,0.8083,0.00010829166666666668,0.8298728,0.11857937500000001
2024-12-04,0.8082,0.9689,0.8001,0.9072,0.8084,0.9696,0.8007,0.9057,6.329500000000001e-05,0.8750110716666667,0.06930802500000001
2024-12-05,0.9073,0.998,0.8523,0.9636,0.9057,0.9972,0.8531,0.9636,-0.00010029166666666667,0.9290270216666667,-0.109819375
2024-12-06,0.9637,1.0761,0.9525,1.0469,0.9636,1.075,0.9521,1.0465,-2.604166666666666e-05,1.0224435983333333,-0.028515624999999992
2024-12-07,1.047,1.1477,1.0261,1.0497,1.0466,1.1469,1.027,1.0503,0.00012130833333333335,1.0688741033333333,0.132832625
2024-12-08,1.0495,1.0838,0.9886,1.0285,1.0503,1.0835,0.9893,1.0281,0.00011233333333333333,1.02284975,0.123005
2024-12-09,1.0286,1.0309,0.8627,1.0053,1.0281,1.0295,0.85,1.0038,5.1945e-05,0.9788528150000001,0.056879774999999994
2024-12-10,1.0052,1.071,0.8542,0.902,1.0038,1.07,0.8546,0.9016,-0.00022284666666666668,0.9572713883333334,-0.24401710000000001
2024-12-11,0.9021,1.0479,0.8573,1.0478,0.9017,1.0476,0.8568,1.0475,-0.00017057666666666664,0.951522905,-0.18678144999999996
2024-12-12,1.0478,1.1432,1.0314,1.0363,1.0475,1.143,1.0312,1.0362,5e-05,1.0836729550000002,0.05475000000000001
2024-12-13,1.0363,1.0564,0.9731,0.9971,1.0363,1.0563,0.9721,0.9968,5e-05,1.0231655983333334,0.05475000000000001
2024-12-14,0.9972,1.1622,0.9466,1.1317,0.9968,1.162,0.9463,1.132,3.4708333333333334e-05,1.0062502500000001,0.038005625
2024-12-15,1.132,1.277,1.1105,1.2518,1.132,1.2766,1.1105,1.2514,-0.00010496333333333333,1.15221448,-0.11493485
2024-12-16,1.252,1.33,1.1619,1.1827,1.2514,1.3285,1.1611,1.1819,-0.00036822,1.2200609900000001,-0.4032009
2024-12-17,1.1824,1.1979,1.099,1.112,1.1819,1.1973,1.0984,1.1118,1.1381666666666668e-05,1.1546627166666668,0.012462925000000001
2024-12-18,1.1121,1.15,1.005,1.0767,1.1117,1.1471,1.0006,1.0763,-0.00020511333333333333,1.0847255199999999,-0.2245991
2024-12-19,1.0763,1.1999,0.9311,0.9542,1.0763,1.1984,0.9325,0.9538,-0.0007929816666666666,1.0980394249999998,-0.868314925
2024-12-20,0.9542,1.2152,0.84,1.1813,0.9538,1.1991,0.8462,1.1793,-0.00129253,0.97797145,-1.41532035
2024-12-21,1.1813,1.2275,0.9918,1.01,1.1792,1.22,0.9907,1.0089,-0.0004842433333333333,1.1351174183333332,-0.5302464499999999
2024-12-22,1.0099,1.1106,0.9901,1.0298,1.0088,1.106,0.99,1.0295,-0.0008199600000000001,1.0321248016666666,-0.8978562000000001
2024-12-23,1.0299,1.1238,0.9917,1.0782,1.0295,1.1224,0.991,1.0781,-0.0004003733333333333,1.0349186566666668,-0.43840879999999993
2024-12-24,1.0781,1.0954,1.0138,1.0553,1.0781,1.0948,1.0132,1.0547,-0.00015503999999999998,1.0532911433333332,-0.16976879999999997
2024-12-25,1.0549,1.0691,1.0004,1.0293,1.0547,1.0683,0.9988,1.0289,-0.00013652333333333334,1.0313291516666667,-0.14949305000000002
2024-12-26,1.0296,1.0429,0.9144,0.926,1.029,1.0419,0.9143,0.9259,-9.301333333333335e-05,0.9684170716666666,-0.10184960000000001
2024-12-27,0.9261,0.9959,0.8985,0.9056,0.9259,0.9954,0.8977,0.9049,-3.06e-06,0.9382337083333333,-0.0033507
2024-12-28,0.9052,0.9513,0.8826,0.947,0.9049,0.951,0.8828,0.9465,1.9778333333333333e-05,0.90811286,0.021657275
2024-12-29,0.947,0.9758,0.915,0.9432,0.9465,0.9753,0.9148,0.9434,5e-05,0.9494409249999999,0.05475000000000001
2024-12-30,0.9438,1.0194,0.934,0.9531,0.9435,1.0182,0.9333,0.9528,4.629666666666667e-05,0.9790117833333333,0.05069485
2024-12-31,0.9532,0.9583,0.9059,0.9093,0.9528,0.9581,0.9055,0.9092,4.7873333333333335e-05,0.9353287683333334,0.052421300000000004
2025-01-01,0.9093,0.9718,0.8939,0.9591,0.9092,0.9712,0.894,0.959,5e-05,0.9249550416666666,0.05475000000000001
2025-01-02,0.9593,1.078,0.9593,1.0332,0.959,1.0783,0.9589,1.0332,5e-05,1.014711165,0.05475000000000001
2025-01-03,1.0335,1.2487,1.0201,1.2141,1.0333,1.249,1.0205,1.2148,5e-05,1.1025912800000002,0.05475000000000001
2025-01-04,1.214,1.3124,1.1744,1.2339,1.2147,1.312,1.175,1.2334,5e-05,1.2163052516666666,0.05475000000000001
2025-01-05,1.2338,1.3019,1.1945,1.2626,1.2334,1.301,1.1945,1.2618,3.540666666666667e-05,1.2401257816666666,0.0387703
2025-01-06,1.2626,1.2872,1.1615,1.172,1.2618,1.2857,1.1609,1.1716,-7.732833333333334e-05,1.2278954083333333,-0.084674525
2025-01-07,1.172,1.1846,1.0341,1.0357,1.1716,1.1835,1.0337,1.0356,3.9403333333333336e-05,1.1345503116666666,0.04314665
2025-01-08,1.0356,1.0533,0.9006,0.9768,1.0356,1.0527,0.9,0.975,-2.214833333333333e-05,0.9858006549999999,-0.024252424999999998
2025-01-09,0.9768,0.9899,0.8606,0.9013,0.975,0.9885,0.861,0.9008,-0.00016857666666666668,0.9288845183333333,-0.18459145000000002
2025-01-10,0.9014,0.9715,0.8714,0.9105,0.9008,0.97,0.8721,0.9097,-0.00035900499999999997,0.9265074283333333,-0.39311047499999996
2025-01-11,0.9106,0.9371,0.8739,0.9078,0.9098,0.9367,0.8743,0.9077,-0.00011956166666666666,0.8970941933333334,-0.130920025
2025-01-12,0.9078,0.9209,0.8668,0.8783,0.9078,0.9209,0.8664,0.8777,1.6533333333333337e-05,0.9047386466666666,0.018104000000000006
2025-01-13,0.8783,0.9166,0.7234,0.7982,0.8778,0.9167,0.7225,0.7977,7.33166666666667e-06,0.8108944333333333,0.008028175000000002
2025-01-14,0.7982,0.857,0.7871,0.8309,0.7978,0.8563,0.7869,0.8309,-9.498333333333334e-05,0.8149882533333334,-0.10400675000000001
2025-01-15,0.8309,0.9742,0.7748,0.9431,0.8309,0.9734,0.7745,0.943,5.018333333333336e-06,0.844930685,0.005495075000000002
2025-01-16,0.9433,0.9586,0.8753,0.9128,0.9429,0.9573,0.8746,0.9116,-0.00017817833333333335,0.9165907600000001,-0.19510527500000002
2025-01-17,0.9128,1.0045,0.9112,0.9641,0.9117,1.0042,0.9101,0.9639,-0.0002084583333333333,0.9393716599999999,-0.22826187499999995
2025-01-18,0.964,0.9939,0.8482,0.8821,0.9639,0.9932,0.8435,0.881,-0.0002862266666666667,0.9074192316666667,-0.31341820000000004
2025-01-19,0.8821,0.9488,0.8144,0.8466,0.8809,0.9485,0.8142,0.8463,-5.375666666666666e-05,0.8905688449999999,-0.05886354999999999
2025-01-20,0.8466,0.972,0.8001,0.8791,0.8463,0.9707,0.8,0.8778,-0.00019599666666666668,0.8930089416666668,-0.21461635
2025-01-21,0.8791,0.9688,0.8312,0.9345,0.8778,0.97,0.83,0.9345,-0.0004267383333333333,0.8856863766666666,-0.4672784749999999
2025-01-22,0.9345,0.9732,0.84,0.8548,0.9344,0.9728,0.839,0.8538,-0.000243855,0.91354627,-0.267021225
2025-01-23,0.8549,0.8738,0.802,0.8494,0.8538,0.8722,0.8,0.8487,-0.00052622,0.838023685,-0.5762109
2025-01-24,0.8495,0.9259,0.8083,0.8455,0.8487,0.9258,0.8086,0.8448,-0.00014497166666666667,0.87663598,-0.158743975
2025-01-25,0.8455,0.8791,0.8257,0.8567,0.8448,0.8789,0.825,0.8563,-0.00022686833333333334,0.8510631616666666,-0.248420825
2025-01-26,0.8567,0.8794,0.7743,0.7764,0.8563,0.8795,0.7734,0.7757,-0.000309905,0.8418842316666667,-0.339345975
2025-01-27,0.7763,0.7846,0.7007,0.7516,0.7757,0.7836,0.7001,0.7513,-0.0005042116666666667,0.7364158266666667,-0.552111775
2025-01-28,0.7517,0.7715,0.652,0.6576,0.7513,0.7708,0.6518,0.6573,-0.00018023666666666668,0.73252505,-0.19735915
2025-01-29,0.6577,0.7426,0.6541,0.6822,0.6574,0.7422,0.6534,0.6817,-2.8471666666666664e-05,0.6875630166666666,-0.031176474999999995
2025-01-30,0.6822,0.7988,0.6763,0.7603,0.6818,0.7983,0.6752,0.7593,-9.466666666666666e-05,0.7440052783333333,-0.10366
2025-01-31,0.7604,0.8225,0.726,0.7646,0.7593,0.8248,0.7261,0.7644,3.4185000000000006e-05,0.7810486966666667,0.037432575
2025-02-01,0.7646,0.7929,0.6699,0.6755,0.7643,0.7891,0.6695,0.6753,-0.00013091166666666666,0.7384115883333333,-0.143348275
2025-02-02,0.6755,0.6952,0.5446,0.5789,0.6752,0.694,0.5444,0.5782,-7.1105e-05,0.6484793116666666,-0.07785997500000001
2025-02-03,0.579,0.7021,0.4692,0.6778,0.5782,0.7027,0.4696,0.6775,-0.00044888999999999997,0.603266655,-0.49153454999999996
2025-02-04,0.6778,0.6875,0.5894,0.6073,0.6774,0.6864,0.5889,0.6071,-0.00019877833333333333,0.64454104,-0.21766227500000002
2025-02-05,0.6074,0.6117,0.541,0.5491,0.6072,0.6114,0.5406,0.5488,-5.94e-05,0.587063515,-0.06504299999999999
2025-02-06,0.549,0.5602,0.464,0.4717,0.5487,0.5597,0.4638,0.4713,-2.1006666666666667e-05,0.5280453866666667,-0.0230023
2025-02-07,0.4717,0.5502,0.4717,0.4935,0.4713,0.5493,0.4712,0.4928,-0.000521215,0.5003846233333333,-0.570730425
2025-02-08,0.4934,0.5336,0.4767,0.5226,0.4927,0.5335,0.4761,0.5219,-0.0006381466666666667,0.5010034816666666,-0.6987706
2025-02-09,0.5225,0.5392,0.458,0.4765,0.5219,0.5391,0.4576,0.4759,-0.00041487833333333336,0.5053742083333334,-0.454291775
2025-02-10,0.4765,0.5039,0.464,0.4783,0.4759,0.5035,0.4633,0.4776,-0.0002880366666666667,0.4835574366666667,-0.31540015
2025-02-11,0.4783,0.5081,0.4351,0.4424,0.4776,0.5078,0.4346,0.4421,-0.00010542833333333333,0.47234946,-0.11544402499999998
2025-02-12,0.4424,0.4597,0.4017,0.4508,0.4422,0.4591,0.4007,0.4503,-6.250666666666667e-05,0.4305216516666666,-0.0684448
2025-02-13,0.4509,0.4741,0.4293,0.45,0.4504,0.4736,0.4287,0.4495,-0.0004071766666666667,0.4530569583333333,-0.44585845
2025-02-14,0.4501,0.5028,0.4431,0.4849,0.4496,0.5021,0.4425,0.4843,-0.00017838999999999998,0.4673330683333334,-0.19533704999999996
2025-02-15,0.4849,0.4974,0.4499,0.4565,0.4843,0.4968,0.4493,0.4563,-0.0003200983333333333,0.47135743166666666,-0.350507675
2025-02-16,0.4565,0.4663,0.4412,0.4493,0.4564,0.4659,0.4409,0.4491,-2.6605000000000004e-05,0.45424851833333335,-0.029132475000000005
2025-02-17,0.4494,0.4835,0.4346,0.4553,0.4491,0.4831,0.4341,0.4552,-6.979166666666666e-05,0.4535547583333333,-0.076421875
2025-02-18,0.4554,0.4731,0.4041,0.4229,0.4551,0.4729,0.4035,0.4227,-0.0002143566666666667,0.4336054466666666,-0.23472055000000003
2025-02-19,0.423,0.431,0.3858,0.3968,0.4227,0.4308,0.3852,0.3964,-0.0002473383333333333,0.41560631000000003,-0.27083547499999994
2025-02-20,0.3967,0.4243,0.3907,0.4192,0.3963,0.4241,0.3901,0.419,-0.00030086666666666664,0.40457025500000005,-0.329449
2025-02-21,0.4191,0.4765,0.4014,0.4623,0.419,0.4761,0.401,0.4612,-0.0006178916666666666,0.42037948999999997,-0.676591375
2025-02-22,0.4623,0.4801,0.4388,0.4479,0.4611,0.4764,0.4379,0.4471,-0.0011962333333333333,0.4523998533333333,-1.3098755
2025-02-23,0.4479,0.4723,0.4314,0.4417,0.447,0.472,0.4306,0.4414,-0.0005197883333333334,0.44785205666666666,-0.569168225
2025-02-24,0.4416,0.4528,0.3701,0.3749,0.4413,0.4526,0.3655,0.3746,-0.0005000416666666666,0.4145168416666667,-0.5475456249999999
2025-02-25,0.375,0.4214,0.362,0.407,0.3746,0.4218,0.3621,0.4068,-0.0006273966666666666,0.39462286499999993,-0.68699935
2025-02-26,0.407,0.4405,0.3954,0.4283,0.4068,0.4402,0.395,0.4279,-0.000256745,0.4119657233333333,-0.281135775
2025-02-27,0.4283,0.442,0.4104,0.4166,0.428,0.4422,0.4101,0.4162,-0.00011884999999999999,0.42862714500000004,-0.13014074999999997
2025-02-28,0.4167,0.4284,0.3834,0.414,0.4163,0.4281,0.3826,0.414,-0.00036984333333333334,0.40299357666666663,-0.40497845000000005
2025-03-01,0.4141,0.4196,0.3898,0.4006,0.4141,0.4194,0.389,0.4004,-0.00016071666666666665,0.4046187266666667,-0.17598475
2025-03-02,0.4007,0.4788,0.3851,0.4751,0.4004,0.4787,0.3845,0.475,-0.00013491833333333333,0.40979182166666667,-0.147735575
2025-03-03,0.4752,0.48,0.3562,0.3638,0.475,0.4801,0.3558,0.3635,-8.816833333333333e-05,0.42049505833333334,-0.09654432499999999
2025-03-04,0.3639,0.3934,0.337,0.3833,0.3634,0.393,0.3336,0.3829,-0.0008903016666666667,0.3520833333333333,-0.974880325
2025-03-05,0.3833,0.3943,0.341,0.3436,0.3828,0.3942,0.3408,0.3435,-7.602166666666666e-05,0.3730475366666666,-0.08324372499999999
2025-03-06,0.3435,0.4146,0.3418,0.3644,0.3435,0.4147,0.3417,0.3645,2.572666666666667e-05,0.38707065166666665,0.028170700000000003
2025-03-07,0.3644,0.4595,0.3524,0.4282,0.3645,0.4593,0.352,0.428,7.718333333333335e-06,0.40128189,0.008451575000000003
2025-03-08,0.4283,0.4663,0.4255,0.4419,0.4279,0.465,0.4253,0.4417,8.451666666666669e-06,0.4408153483333333,0.009254575000000003
2025-03-09,0.4418,0.4462,0.4064,0.42,0.4417,0.446,0.4062,0.4199,3.723e-05,0.43039959499999997,0.04076685
2025-03-10,0.4201,0.4794,0.3935,0.4127,0.4199,0.4794,0.3932,0.4127,1.2833333333333465e-07,0.4354746166666667,0.00014052500000000145
2025-03-11,0.4127,0.4262,0.3676,0.3904,0.4126,0.426,0.3684,0.3901,2.9228333333333333e-05,0.40520564833333333,0.032005025
2025-03-12,0.3904,0.3953,0.3554,0.37,0.3902,0.3951,0.3552,0.3699,1.7495e-05,0.3732189166666666,0.019157025
2025-03-13,0.3701,0.3747,0.336,0.3391,0.3698,0.3749,0.3354,0.3391,1.972666666666667e-05,0.35883755,0.021600700000000004
2025-03-14,0.3391,0.3663,0.3338,0.3497,0.3391,0.3662,0.3327,0.3495,-4.801166666666666e-05,0.3459395333333333,-0.05257277499999999
2025-03-15,0.3496,0.3799,0.3478,0.3715,0.3495,0.3797,0.3475,0.3714,5e-05,0.3496,0.05475000000000001
2025-03-16,0.3715,0.3784,0.3477,0.3585,0.3713,0.3782,0.3474,0.3582,,,
2025-03-17,0.3584,0.3705,0.3578,0.3687,0.3582,0.3706,0.3575,0.3683,,,
