timestamp,market_id,implied_apy
"2024-05-21 00:00:00",1-0xd1d7d99764f8a52aff007b7831cc02748b2013b5,0.386338600732692770
"2024-05-22 00:00:00",1-0xd1d7d99764f8a52aff007b7831cc02748b2013b5,0.384544787619211200
"2024-05-23 00:00:00",1-0xd1d7d99764f8a52aff007b7831cc02748b2013b5,0.403590964762246430
"2024-05-24 00:00:00",1-0xd1d7d99764f8a52aff007b7831cc02748b2013b5,0.383464469144041000
"2024-05-25 00:00:00",1-0xd1d7d99764f8a52aff007b7831cc02748b2013b5,0.380662185828333670
"2024-05-26 00:00:00",1-0xd1d7d99764f8a52aff007b7831cc02748b2013b5,0.369262755226851900
"2024-05-27 00:00:00",1-0xd1d7d99764f8a52aff007b7831cc02748b2013b5,0.373765624176870760
"2024-05-28 00:00:00",1-0xd1d7d99764f8a52aff007b7831cc02748b2013b5,0.396631912992131400
"2024-05-29 00:00:00",1-0xd1d7d99764f8a52aff007b7831cc02748b2013b5,0.388710333982743800
"2024-05-30 00:00:00",1-0xd1d7d99764f8a52aff007b7831cc02748b2013b5,0.378533049047362400
"2024-05-31 00:00:00",1-0xd1d7d99764f8a52aff007b7831cc02748b2013b5,0.364664042832908650
"2024-06-01 00:00:00",1-0xd1d7d99764f8a52aff007b7831cc02748b2013b5,0.354710861956871300
"2024-06-02 00:00:00",1-0xd1d7d99764f8a52aff007b7831cc02748b2013b5,0.351651672701105000
"2024-06-03 00:00:00",1-0xd1d7d99764f8a52aff007b7831cc02748b2013b5,0.350841228653991260
"2024-06-04 00:00:00",1-0xd1d7d99764f8a52aff007b7831cc02748b2013b5,0.352265659730536500
"2024-06-05 00:00:00",1-0xd1d7d99764f8a52aff007b7831cc02748b2013b5,0.369330948437013100
"2024-06-06 00:00:00",1-0xd1d7d99764f8a52aff007b7831cc02748b2013b5,0.408893546683715360
"2024-06-07 00:00:00",1-0xd1d7d99764f8a52aff007b7831cc02748b2013b5,0.371763552213490560
"2024-06-08 00:00:00",1-0xd1d7d99764f8a52aff007b7831cc02748b2013b5,0.375397160731845150
"2024-06-09 00:00:00",1-0xd1d7d99764f8a52aff007b7831cc02748b2013b5,0.357487809081705500
"2024-06-10 00:00:00",1-0xd1d7d99764f8a52aff007b7831cc02748b2013b5,0.345786830409412270
"2024-06-11 00:00:00",1-0xd1d7d99764f8a52aff007b7831cc02748b2013b5,0.376968345691089500
"2024-06-12 00:00:00",1-0xd1d7d99764f8a52aff007b7831cc02748b2013b5,0.367381215976236630
"2024-06-13 00:00:00",1-0xd1d7d99764f8a52aff007b7831cc02748b2013b5,0.360640286235455850
"2024-06-14 00:00:00",1-0xd1d7d99764f8a52aff007b7831cc02748b2013b5,0.349263654917816500
"2024-06-15 00:00:00",1-0xd1d7d99764f8a52aff007b7831cc02748b2013b5,0.344995011766012100
"2024-06-16 00:00:00",1-0xd1d7d99764f8a52aff007b7831cc02748b2013b5,0.340043139350334500
"2024-06-17 00:00:00",1-0xd1d7d99764f8a52aff007b7831cc02748b2013b5,0.329698652858069000
"2024-06-18 00:00:00",1-0xd1d7d99764f8a52aff007b7831cc02748b2013b5,0.299525661517455740
"2024-06-19 00:00:00",1-0xd1d7d99764f8a52aff007b7831cc02748b2013b5,0.285185837385677270
"2024-06-20 00:00:00",1-0xd1d7d99764f8a52aff007b7831cc02748b2013b5,0.272181757809026400
"2024-06-21 00:00:00",1-0xd1d7d99764f8a52aff007b7831cc02748b2013b5,0.258347028929229340
"2024-06-22 00:00:00",1-0xd1d7d99764f8a52aff007b7831cc02748b2013b5,0.247633497229203140
"2024-06-23 00:00:00",1-0xd1d7d99764f8a52aff007b7831cc02748b2013b5,0.237356111324939600
"2024-06-24 00:00:00",1-0xd1d7d99764f8a52aff007b7831cc02748b2013b5,0.230094249285560440
"2024-06-25 00:00:00",1-0xd1d7d99764f8a52aff007b7831cc02748b2013b5,0.224445148938963830
"2024-06-26 00:00:00",1-0xd1d7d99764f8a52aff007b7831cc02748b2013b5,0.229635744311927680
"2024-06-27 00:00:00",1-0xd1d7d99764f8a52aff007b7831cc02748b2013b5,0.232319747356101840
"2024-06-28 00:00:00",1-0xd1d7d99764f8a52aff007b7831cc02748b2013b5,0.238882397077781800
"2024-06-29 00:00:00",1-0xd1d7d99764f8a52aff007b7831cc02748b2013b5,0.219536525333839940
"2024-06-30 00:00:00",1-0xd1d7d99764f8a52aff007b7831cc02748b2013b5,0.207978875254628100
"2024-07-01 00:00:00",1-0xd1d7d99764f8a52aff007b7831cc02748b2013b5,0.203168858414298550
"2024-07-02 00:00:00",1-0xd1d7d99764f8a52aff007b7831cc02748b2013b5,0.203358306073205820
"2024-07-03 00:00:00",1-0xd1d7d99764f8a52aff007b7831cc02748b2013b5,0.200069562646678630
"2024-07-04 00:00:00",1-0xd1d7d99764f8a52aff007b7831cc02748b2013b5,0.200497318177887960
"2024-07-05 00:00:00",1-0xd1d7d99764f8a52aff007b7831cc02748b2013b5,0.194834248293970900
"2024-07-06 00:00:00",1-0xd1d7d99764f8a52aff007b7831cc02748b2013b5,0.192888452037830900
"2024-07-07 00:00:00",1-0xd1d7d99764f8a52aff007b7831cc02748b2013b5,0.167196295969077600
"2024-07-08 00:00:00",1-0xd1d7d99764f8a52aff007b7831cc02748b2013b5,0.173799359182591700
"2024-07-09 00:00:00",1-0xd1d7d99764f8a52aff007b7831cc02748b2013b5,0.182923309355917270
"2024-07-10 00:00:00",1-0xd1d7d99764f8a52aff007b7831cc02748b2013b5,0.174033738762396470
"2024-07-11 00:00:00",1-0xd1d7d99764f8a52aff007b7831cc02748b2013b5,0.169537518658746000
"2024-07-12 00:00:00",1-0xd1d7d99764f8a52aff007b7831cc02748b2013b5,0.175260190052069600
"2024-07-13 00:00:00",1-0xd1d7d99764f8a52aff007b7831cc02748b2013b5,0.155765960677119340
"2024-07-14 00:00:00",1-0xd1d7d99764f8a52aff007b7831cc02748b2013b5,0.159621148458217950
"2024-07-15 00:00:00",1-0xd1d7d99764f8a52aff007b7831cc02748b2013b5,0.166486046917304400
"2024-07-16 00:00:00",1-0xd1d7d99764f8a52aff007b7831cc02748b2013b5,0.168087761373372450
"2024-07-17 00:00:00",1-0xd1d7d99764f8a52aff007b7831cc02748b2013b5,0.168212738705401770
"2024-07-18 00:00:00",1-0xa0ab94debb3cc9a7ea77f3205ba4ab23276fed08,0.184272433335778800
"2024-07-18 00:00:00",1-0xbbf399db59a845066aafce9ae55e68c505fa97b7,0.164582302180838140
"2024-07-18 00:00:00",1-0xd1d7d99764f8a52aff007b7831cc02748b2013b5,0.176606195085808220
"2024-07-19 00:00:00",1-0xa0ab94debb3cc9a7ea77f3205ba4ab23276fed08,0.129046439329901560
"2024-07-19 00:00:00",1-0xbbf399db59a845066aafce9ae55e68c505fa97b7,0.150420525203993630
"2024-07-19 00:00:00",1-0xd1d7d99764f8a52aff007b7831cc02748b2013b5,0.169969673823395120
"2024-07-20 00:00:00",1-0xa0ab94debb3cc9a7ea77f3205ba4ab23276fed08,0.148846386807525820
"2024-07-20 00:00:00",1-0xbbf399db59a845066aafce9ae55e68c505fa97b7,0.149850461946900770
"2024-07-20 00:00:00",1-0xd1d7d99764f8a52aff007b7831cc02748b2013b5,0.176598205585711150
"2024-07-21 00:00:00",1-0xa0ab94debb3cc9a7ea77f3205ba4ab23276fed08,0.155000515538681100
"2024-07-21 00:00:00",1-0xbbf399db59a845066aafce9ae55e68c505fa97b7,0.148982606186099260
"2024-07-21 00:00:00",1-0xd1d7d99764f8a52aff007b7831cc02748b2013b5,0.177081956396017540
"2024-07-22 00:00:00",1-0xa0ab94debb3cc9a7ea77f3205ba4ab23276fed08,0.153959543358834330
"2024-07-22 00:00:00",1-0xbbf399db59a845066aafce9ae55e68c505fa97b7,0.160877652669369380
"2024-07-22 00:00:00",1-0xd1d7d99764f8a52aff007b7831cc02748b2013b5,0.175255422572665700
"2024-07-23 00:00:00",1-0xa0ab94debb3cc9a7ea77f3205ba4ab23276fed08,0.154909729272144640
"2024-07-23 00:00:00",1-0xbbf399db59a845066aafce9ae55e68c505fa97b7,0.161052653811986750
"2024-07-23 00:00:00",1-0xd1d7d99764f8a52aff007b7831cc02748b2013b5,0.173679218246312500
"2024-07-24 00:00:00",1-0xa0ab94debb3cc9a7ea77f3205ba4ab23276fed08,0.134329587990704700
"2024-07-24 00:00:00",1-0xbbf399db59a845066aafce9ae55e68c505fa97b7,0.142624085229464900
"2024-07-24 00:00:00",1-0xd1d7d99764f8a52aff007b7831cc02748b2013b5,0.163652406047302800
"2024-07-25 00:00:00",1-0xa0ab94debb3cc9a7ea77f3205ba4ab23276fed08,0.130988692679493870
"2024-07-25 00:00:00",1-0xbbf399db59a845066aafce9ae55e68c505fa97b7,0.134393872600248040
"2024-07-25 00:00:00",1-0xd1d7d99764f8a52aff007b7831cc02748b2013b5,0.164092626165508460
"2024-07-26 00:00:00",1-0xa0ab94debb3cc9a7ea77f3205ba4ab23276fed08,0.129543349568189700
"2024-07-26 00:00:00",1-0xbbf399db59a845066aafce9ae55e68c505fa97b7,0.130190937141702700
"2024-07-26 00:00:00",1-0xd1d7d99764f8a52aff007b7831cc02748b2013b5,0.157616150847380800
"2024-07-27 00:00:00",1-0xa0ab94debb3cc9a7ea77f3205ba4ab23276fed08,0.129072887257189800
"2024-07-27 00:00:00",1-0xbbf399db59a845066aafce9ae55e68c505fa97b7,0.135250415550419500
"2024-07-27 00:00:00",1-0xd1d7d99764f8a52aff007b7831cc02748b2013b5,0.152822026108151880
"2024-07-28 00:00:00",1-0xa0ab94debb3cc9a7ea77f3205ba4ab23276fed08,0.137881684036953440
"2024-07-28 00:00:00",1-0xbbf399db59a845066aafce9ae55e68c505fa97b7,0.133162529343676450
"2024-07-28 00:00:00",1-0xd1d7d99764f8a52aff007b7831cc02748b2013b5,0.141908492798650920
"2024-07-29 00:00:00",1-0xa0ab94debb3cc9a7ea77f3205ba4ab23276fed08,0.136736408976006580
"2024-07-29 00:00:00",1-0xbbf399db59a845066aafce9ae55e68c505fa97b7,0.135690211092517100
"2024-07-29 00:00:00",1-0xd1d7d99764f8a52aff007b7831cc02748b2013b5,0.150185924692133540
"2024-07-30 00:00:00",1-0xa0ab94debb3cc9a7ea77f3205ba4ab23276fed08,0.134059984197738120
"2024-07-30 00:00:00",1-0xbbf399db59a845066aafce9ae55e68c505fa97b7,0.137011125481361740
"2024-07-30 00:00:00",1-0xd1d7d99764f8a52aff007b7831cc02748b2013b5,0.149881708857579000
"2024-07-31 00:00:00",1-0xa0ab94debb3cc9a7ea77f3205ba4ab23276fed08,0.140042700325278000
"2024-07-31 00:00:00",1-0xbbf399db59a845066aafce9ae55e68c505fa97b7,0.136983751482834040
"2024-07-31 00:00:00",1-0xd1d7d99764f8a52aff007b7831cc02748b2013b5,0.146547370839448900
"2024-08-01 00:00:00",1-0xa0ab94debb3cc9a7ea77f3205ba4ab23276fed08,0.136631644583726120
"2024-08-01 00:00:00",1-0xbbf399db59a845066aafce9ae55e68c505fa97b7,0.139705315600379350
"2024-08-01 00:00:00",1-0xd1d7d99764f8a52aff007b7831cc02748b2013b5,0.167929888449249720
"2024-08-02 00:00:00",1-0xa0ab94debb3cc9a7ea77f3205ba4ab23276fed08,0.140020928044406700
"2024-08-02 00:00:00",1-0xbbf399db59a845066aafce9ae55e68c505fa97b7,0.138227351814035780
"2024-08-02 00:00:00",1-0xd1d7d99764f8a52aff007b7831cc02748b2013b5,0.151024599715883450
"2024-08-03 00:00:00",1-0xa0ab94debb3cc9a7ea77f3205ba4ab23276fed08,0.143962203457336000
"2024-08-03 00:00:00",1-0xbbf399db59a845066aafce9ae55e68c505fa97b7,0.139098437045839020
"2024-08-03 00:00:00",1-0xd1d7d99764f8a52aff007b7831cc02748b2013b5,0.157244887604367060
"2024-08-04 00:00:00",1-0xa0ab94debb3cc9a7ea77f3205ba4ab23276fed08,0.141771414526300040
"2024-08-04 00:00:00",1-0xbbf399db59a845066aafce9ae55e68c505fa97b7,0.140038228355873200
"2024-08-04 00:00:00",1-0xd1d7d99764f8a52aff007b7831cc02748b2013b5,0.154718464858010000
"2024-08-05 00:00:00",1-0xa0ab94debb3cc9a7ea77f3205ba4ab23276fed08,0.146521767921042660
"2024-08-05 00:00:00",1-0xbbf399db59a845066aafce9ae55e68c505fa97b7,0.142649573445927200
"2024-08-05 00:00:00",1-0xd1d7d99764f8a52aff007b7831cc02748b2013b5,0.163196322393666330
"2024-08-06 00:00:00",1-0xa0ab94debb3cc9a7ea77f3205ba4ab23276fed08,0.142668340180180040
"2024-08-06 00:00:00",1-0xbbf399db59a845066aafce9ae55e68c505fa97b7,0.139499466347342780
"2024-08-06 00:00:00",1-0xd1d7d99764f8a52aff007b7831cc02748b2013b5,0.168678843651926200
"2024-08-07 00:00:00",1-0xa0ab94debb3cc9a7ea77f3205ba4ab23276fed08,0.138669720311346060
"2024-08-07 00:00:00",1-0xbbf399db59a845066aafce9ae55e68c505fa97b7,0.141159818172442050
"2024-08-07 00:00:00",1-0xd1d7d99764f8a52aff007b7831cc02748b2013b5,0.172918709608339330
"2024-08-08 00:00:00",1-0xa0ab94debb3cc9a7ea77f3205ba4ab23276fed08,0.143623360698366800
"2024-08-08 00:00:00",1-0xbbf399db59a845066aafce9ae55e68c505fa97b7,0.134652327579740440
"2024-08-08 00:00:00",1-0xd1d7d99764f8a52aff007b7831cc02748b2013b5,0.163944866376301230
"2024-08-09 00:00:00",1-0xa0ab94debb3cc9a7ea77f3205ba4ab23276fed08,0.132478796652247820
"2024-08-09 00:00:00",1-0xbbf399db59a845066aafce9ae55e68c505fa97b7,0.131191135085792170
"2024-08-09 00:00:00",1-0xd1d7d99764f8a52aff007b7831cc02748b2013b5,0.147810336417869110
"2024-08-10 00:00:00",1-0xa0ab94debb3cc9a7ea77f3205ba4ab23276fed08,0.132116438801898500
"2024-08-10 00:00:00",1-0xbbf399db59a845066aafce9ae55e68c505fa97b7,0.123980818341574040
"2024-08-10 00:00:00",1-0xd1d7d99764f8a52aff007b7831cc02748b2013b5,0.141099870219962180
"2024-08-11 00:00:00",1-0xa0ab94debb3cc9a7ea77f3205ba4ab23276fed08,0.129860764747920630
"2024-08-11 00:00:00",1-0xbbf399db59a845066aafce9ae55e68c505fa97b7,0.123022714476557220
"2024-08-11 00:00:00",1-0xd1d7d99764f8a52aff007b7831cc02748b2013b5,0.134188025691357900
"2024-08-12 00:00:00",1-0xa0ab94debb3cc9a7ea77f3205ba4ab23276fed08,0.133083877222107020
"2024-08-12 00:00:00",1-0xbbf399db59a845066aafce9ae55e68c505fa97b7,0.120647030479350770
"2024-08-12 00:00:00",1-0xd1d7d99764f8a52aff007b7831cc02748b2013b5,0.142640804356142460
"2024-08-13 00:00:00",1-0xa0ab94debb3cc9a7ea77f3205ba4ab23276fed08,0.130845256484107160
"2024-08-13 00:00:00",1-0xbbf399db59a845066aafce9ae55e68c505fa97b7,0.120523672180043340
"2024-08-13 00:00:00",1-0xd1d7d99764f8a52aff007b7831cc02748b2013b5,0.129391778330276260
"2024-08-14 00:00:00",1-0xa0ab94debb3cc9a7ea77f3205ba4ab23276fed08,0.123125692465231750
"2024-08-14 00:00:00",1-0xbbf399db59a845066aafce9ae55e68c505fa97b7,0.105419704348993730
"2024-08-14 00:00:00",1-0xd1d7d99764f8a52aff007b7831cc02748b2013b5,0.129980184238563940
"2024-08-15 00:00:00",1-0xa0ab94debb3cc9a7ea77f3205ba4ab23276fed08,0.118718467216580190
"2024-08-15 00:00:00",1-0xbbf399db59a845066aafce9ae55e68c505fa97b7,0.105058242392547020
"2024-08-15 00:00:00",1-0xd1d7d99764f8a52aff007b7831cc02748b2013b5,0.131902200299228500
"2024-08-16 00:00:00",1-0xa0ab94debb3cc9a7ea77f3205ba4ab23276fed08,0.118085493581364440
"2024-08-16 00:00:00",1-0xbbf399db59a845066aafce9ae55e68c505fa97b7,0.105492542462985560
"2024-08-16 00:00:00",1-0xd1d7d99764f8a52aff007b7831cc02748b2013b5,0.135632042803241600
"2024-08-17 00:00:00",1-0xa0ab94debb3cc9a7ea77f3205ba4ab23276fed08,0.115579214915107590
"2024-08-17 00:00:00",1-0xbbf399db59a845066aafce9ae55e68c505fa97b7,0.118040427537967620
"2024-08-17 00:00:00",1-0xd1d7d99764f8a52aff007b7831cc02748b2013b5,0.123313199650702200
"2024-08-18 00:00:00",1-0xa0ab94debb3cc9a7ea77f3205ba4ab23276fed08,0.119621893683606430
"2024-08-18 00:00:00",1-0xbbf399db59a845066aafce9ae55e68c505fa97b7,0.117091516534451490
"2024-08-18 00:00:00",1-0xd1d7d99764f8a52aff007b7831cc02748b2013b5,0.122256123648915700
"2024-08-19 00:00:00",1-0xa0ab94debb3cc9a7ea77f3205ba4ab23276fed08,0.131242188495645400
"2024-08-19 00:00:00",1-0xbbf399db59a845066aafce9ae55e68c505fa97b7,0.114470267452322800
"2024-08-19 00:00:00",1-0xd1d7d99764f8a52aff007b7831cc02748b2013b5,0.122934069218144200
"2024-08-20 00:00:00",1-0xa0ab94debb3cc9a7ea77f3205ba4ab23276fed08,0.126061265724192850
"2024-08-20 00:00:00",1-0xbbf399db59a845066aafce9ae55e68c505fa97b7,0.113652755063631930
"2024-08-20 00:00:00",1-0xd1d7d99764f8a52aff007b7831cc02748b2013b5,0.122128697877357030
"2024-08-21 00:00:00",1-0xa0ab94debb3cc9a7ea77f3205ba4ab23276fed08,0.112722016341394450
"2024-08-21 00:00:00",1-0xbbf399db59a845066aafce9ae55e68c505fa97b7,0.120464391443531270
"2024-08-21 00:00:00",1-0xd1d7d99764f8a52aff007b7831cc02748b2013b5,0.121794434886722150
"2024-08-22 00:00:00",1-0xa0ab94debb3cc9a7ea77f3205ba4ab23276fed08,0.118420358231998700
"2024-08-22 00:00:00",1-0xbbf399db59a845066aafce9ae55e68c505fa97b7,0.117356398761204300
"2024-08-22 00:00:00",1-0xd1d7d99764f8a52aff007b7831cc02748b2013b5,0.121452396479107880
"2024-08-23 00:00:00",1-0xa0ab94debb3cc9a7ea77f3205ba4ab23276fed08,0.117574171560570930
"2024-08-23 00:00:00",1-0xbbf399db59a845066aafce9ae55e68c505fa97b7,0.113502988729289770
"2024-08-23 00:00:00",1-0xd1d7d99764f8a52aff007b7831cc02748b2013b5,0.121781285461555420
"2024-08-24 00:00:00",1-0xa0ab94debb3cc9a7ea77f3205ba4ab23276fed08,0.111087056594930010
"2024-08-24 00:00:00",1-0xbbf399db59a845066aafce9ae55e68c505fa97b7,0.111410529169506670
"2024-08-24 00:00:00",1-0xd1d7d99764f8a52aff007b7831cc02748b2013b5,0.111874982861186470
"2024-08-25 00:00:00",1-0xa0ab94debb3cc9a7ea77f3205ba4ab23276fed08,0.113147223210315450
"2024-08-25 00:00:00",1-0xbbf399db59a845066aafce9ae55e68c505fa97b7,0.113513713502405580
"2024-08-25 00:00:00",1-0xd1d7d99764f8a52aff007b7831cc02748b2013b5,0.115101355694368080
"2024-08-26 00:00:00",1-0xa0ab94debb3cc9a7ea77f3205ba4ab23276fed08,0.113667123414276980
"2024-08-26 00:00:00",1-0xbbf399db59a845066aafce9ae55e68c505fa97b7,0.115529331045926660
"2024-08-26 00:00:00",1-0xd1d7d99764f8a52aff007b7831cc02748b2013b5,0.115012417545999450
"2024-08-27 00:00:00",1-0xa0ab94debb3cc9a7ea77f3205ba4ab23276fed08,0.112770554725339030
"2024-08-27 00:00:00",1-0xbbf399db59a845066aafce9ae55e68c505fa97b7,0.115690619170591090
"2024-08-27 00:00:00",1-0xd1d7d99764f8a52aff007b7831cc02748b2013b5,0.118756889491747670
"2024-08-28 00:00:00",1-0xa0ab94debb3cc9a7ea77f3205ba4ab23276fed08,0.113235187144637540
"2024-08-28 00:00:00",1-0xbbf399db59a845066aafce9ae55e68c505fa97b7,0.111459351742904560
"2024-08-28 00:00:00",1-0xd1d7d99764f8a52aff007b7831cc02748b2013b5,0.115562108212508230
"2024-08-29 00:00:00",1-0xa0ab94debb3cc9a7ea77f3205ba4ab23276fed08,0.114170241767753700
"2024-08-29 00:00:00",1-0xbbf399db59a845066aafce9ae55e68c505fa97b7,0.105733404442743150
"2024-08-29 00:00:00",1-0xd1d7d99764f8a52aff007b7831cc02748b2013b5,0.114151932192839700
"2024-08-30 00:00:00",1-0xa0ab94debb3cc9a7ea77f3205ba4ab23276fed08,0.110890205404069690
"2024-08-30 00:00:00",1-0xbbf399db59a845066aafce9ae55e68c505fa97b7,0.095384598661657720
"2024-08-30 00:00:00",1-0xd1d7d99764f8a52aff007b7831cc02748b2013b5,0.105745747719916180
"2024-08-31 00:00:00",1-0xa0ab94debb3cc9a7ea77f3205ba4ab23276fed08,0.104973989181794460
"2024-08-31 00:00:00",1-0xbbf399db59a845066aafce9ae55e68c505fa97b7,0.097907948969978790
"2024-08-31 00:00:00",1-0xd1d7d99764f8a52aff007b7831cc02748b2013b5,0.107808648639896590
"2024-09-01 00:00:00",1-0xa0ab94debb3cc9a7ea77f3205ba4ab23276fed08,0.103340951852438410
"2024-09-01 00:00:00",1-0xbbf399db59a845066aafce9ae55e68c505fa97b7,0.100430832245745000
"2024-09-01 00:00:00",1-0xd1d7d99764f8a52aff007b7831cc02748b2013b5,0.107368246837795440
"2024-09-02 00:00:00",1-0xa0ab94debb3cc9a7ea77f3205ba4ab23276fed08,0.107566018755923980
"2024-09-02 00:00:00",1-0xbbf399db59a845066aafce9ae55e68c505fa97b7,0.095354839380033200
"2024-09-02 00:00:00",1-0xd1d7d99764f8a52aff007b7831cc02748b2013b5,0.105112953904569200
"2024-09-03 00:00:00",1-0xa0ab94debb3cc9a7ea77f3205ba4ab23276fed08,0.111810360698197720
"2024-09-03 00:00:00",1-0xbbf399db59a845066aafce9ae55e68c505fa97b7,0.104649015365877670
"2024-09-03 00:00:00",1-0xd1d7d99764f8a52aff007b7831cc02748b2013b5,0.118860318019460950
"2024-09-04 00:00:00",1-0xa0ab94debb3cc9a7ea77f3205ba4ab23276fed08,0.128206197417037870
"2024-09-04 00:00:00",1-0xbbf399db59a845066aafce9ae55e68c505fa97b7,0.137304946759666540
"2024-09-04 00:00:00",1-0xd1d7d99764f8a52aff007b7831cc02748b2013b5,0.156940328223192930
"2024-09-05 00:00:00",1-0xa0ab94debb3cc9a7ea77f3205ba4ab23276fed08,0.109289281081295100
"2024-09-05 00:00:00",1-0xbbf399db59a845066aafce9ae55e68c505fa97b7,0.114128623389882830
"2024-09-05 00:00:00",1-0xd1d7d99764f8a52aff007b7831cc02748b2013b5,0.119651604621402010
"2024-09-06 00:00:00",1-0xa0ab94debb3cc9a7ea77f3205ba4ab23276fed08,0.129693603547914820
"2024-09-06 00:00:00",1-0xbbf399db59a845066aafce9ae55e68c505fa97b7,0.124887111637711930
"2024-09-06 00:00:00",1-0xd1d7d99764f8a52aff007b7831cc02748b2013b5,0.153219613833089240
"2024-09-07 00:00:00",1-0xa0ab94debb3cc9a7ea77f3205ba4ab23276fed08,0.118937772185807590
"2024-09-07 00:00:00",1-0xbbf399db59a845066aafce9ae55e68c505fa97b7,0.116251537589112890
"2024-09-07 00:00:00",1-0xd1d7d99764f8a52aff007b7831cc02748b2013b5,0.117695613577091240
"2024-09-08 00:00:00",1-0xa0ab94debb3cc9a7ea77f3205ba4ab23276fed08,0.115958288829173250
"2024-09-08 00:00:00",1-0xbbf399db59a845066aafce9ae55e68c505fa97b7,0.114422283101830670
"2024-09-08 00:00:00",1-0xd1d7d99764f8a52aff007b7831cc02748b2013b5,0.120214182373419740
"2024-09-09 00:00:00",1-0xa0ab94debb3cc9a7ea77f3205ba4ab23276fed08,0.109151351162604100
"2024-09-09 00:00:00",1-0xbbf399db59a845066aafce9ae55e68c505fa97b7,0.112891984685663300
"2024-09-09 00:00:00",1-0xd1d7d99764f8a52aff007b7831cc02748b2013b5,0.120548329821523750
"2024-09-10 00:00:00",1-0xa0ab94debb3cc9a7ea77f3205ba4ab23276fed08,0.107259230373969450
"2024-09-10 00:00:00",1-0xbbf399db59a845066aafce9ae55e68c505fa97b7,0.119142873433459200
"2024-09-10 00:00:00",1-0xd1d7d99764f8a52aff007b7831cc02748b2013b5,0.124514568521828520
"2024-09-11 00:00:00",1-0xa0ab94debb3cc9a7ea77f3205ba4ab23276fed08,0.107664921032669670
"2024-09-11 00:00:00",1-0xbbf399db59a845066aafce9ae55e68c505fa97b7,0.116011659667696780
"2024-09-11 00:00:00",1-0xd1d7d99764f8a52aff007b7831cc02748b2013b5,0.101239295537903780
"2024-09-12 00:00:00",1-0xa0ab94debb3cc9a7ea77f3205ba4ab23276fed08,0.107307645858092160
"2024-09-12 00:00:00",1-0xbbf399db59a845066aafce9ae55e68c505fa97b7,0.117408030081629140
"2024-09-12 00:00:00",1-0xd1d7d99764f8a52aff007b7831cc02748b2013b5,0.136214503918322460
"2024-09-13 00:00:00",1-0xa0ab94debb3cc9a7ea77f3205ba4ab23276fed08,0.108933923099129300
"2024-09-13 00:00:00",1-0xbbf399db59a845066aafce9ae55e68c505fa97b7,0.111534216010098940
"2024-09-13 00:00:00",1-0xd1d7d99764f8a52aff007b7831cc02748b2013b5,0.111871642283652540
"2024-09-14 00:00:00",1-0xa0ab94debb3cc9a7ea77f3205ba4ab23276fed08,0.111659488474120220
"2024-09-14 00:00:00",1-0xbbf399db59a845066aafce9ae55e68c505fa97b7,0.108817166277547900
"2024-09-14 00:00:00",1-0xd1d7d99764f8a52aff007b7831cc02748b2013b5,0.126226213720910700
"2024-09-15 00:00:00",1-0xa0ab94debb3cc9a7ea77f3205ba4ab23276fed08,0.111584446742318600
"2024-09-15 00:00:00",1-0xbbf399db59a845066aafce9ae55e68c505fa97b7,0.106671444099817770
"2024-09-15 00:00:00",1-0xd1d7d99764f8a52aff007b7831cc02748b2013b5,0.116097623453623510
"2024-09-16 00:00:00",1-0xa0ab94debb3cc9a7ea77f3205ba4ab23276fed08,0.111490379942059460
"2024-09-16 00:00:00",1-0xbbf399db59a845066aafce9ae55e68c505fa97b7,0.101546264511557460
"2024-09-16 00:00:00",1-0xd1d7d99764f8a52aff007b7831cc02748b2013b5,0.117974635008145870
"2024-09-17 00:00:00",1-0xa0ab94debb3cc9a7ea77f3205ba4ab23276fed08,0.113346997517026480
"2024-09-17 00:00:00",1-0xbbf399db59a845066aafce9ae55e68c505fa97b7,0.102263412891191900
"2024-09-17 00:00:00",1-0xd1d7d99764f8a52aff007b7831cc02748b2013b5,0.119171014196630010
"2024-09-18 00:00:00",1-0xa0ab94debb3cc9a7ea77f3205ba4ab23276fed08,0.116143201124296880
"2024-09-18 00:00:00",1-0xbbf399db59a845066aafce9ae55e68c505fa97b7,0.120908701545638040
"2024-09-18 00:00:00",1-0xcdd26eb5eb2ce0f203a84553853667ae69ca29ce,0.001402940990994805
"2024-09-18 00:00:00",1-0xd1d7d99764f8a52aff007b7831cc02748b2013b5,0.124976001769810050
"2024-09-19 00:00:00",1-0xa0ab94debb3cc9a7ea77f3205ba4ab23276fed08,0.114308806363273340
"2024-09-19 00:00:00",1-0xbbf399db59a845066aafce9ae55e68c505fa97b7,0.113023505118298400
"2024-09-19 00:00:00",1-0xcdd26eb5eb2ce0f203a84553853667ae69ca29ce,0.083229826472368100
"2024-09-19 00:00:00",1-0xd1d7d99764f8a52aff007b7831cc02748b2013b5,0.130434990052538340
"2024-09-20 00:00:00",1-0xa0ab94debb3cc9a7ea77f3205ba4ab23276fed08,0.120427567889253900
"2024-09-20 00:00:00",1-0xbbf399db59a845066aafce9ae55e68c505fa97b7,0.124493165334199630
"2024-09-20 00:00:00",1-0xcdd26eb5eb2ce0f203a84553853667ae69ca29ce,0.083229826500588850
"2024-09-20 00:00:00",1-0xd1d7d99764f8a52aff007b7831cc02748b2013b5,0.133662327364084900
"2024-09-21 00:00:00",1-0xa0ab94debb3cc9a7ea77f3205ba4ab23276fed08,0.113729803585947310
"2024-09-21 00:00:00",1-0xbbf399db59a845066aafce9ae55e68c505fa97b7,0.128009319367720750
"2024-09-21 00:00:00",1-0xcdd26eb5eb2ce0f203a84553853667ae69ca29ce,0.083229826529112040
"2024-09-21 00:00:00",1-0xd1d7d99764f8a52aff007b7831cc02748b2013b5,0.150939594393520560
"2024-09-22 00:00:00",1-0xa0ab94debb3cc9a7ea77f3205ba4ab23276fed08,0.120032869417421530
"2024-09-22 00:00:00",1-0xbbf399db59a845066aafce9ae55e68c505fa97b7,0.123810637442580470
"2024-09-22 00:00:00",1-0xcdd26eb5eb2ce0f203a84553853667ae69ca29ce,0.083229826557941420
"2024-09-22 00:00:00",1-0xd1d7d99764f8a52aff007b7831cc02748b2013b5,0.135531377507333240
"2024-09-23 00:00:00",1-0xa0ab94debb3cc9a7ea77f3205ba4ab23276fed08,0.115875906160591180
"2024-09-23 00:00:00",1-0xbbf399db59a845066aafce9ae55e68c505fa97b7,0.120606345767511060
"2024-09-23 00:00:00",1-0xcdd26eb5eb2ce0f203a84553853667ae69ca29ce,0.083229826587083220
"2024-09-23 00:00:00",1-0xd1d7d99764f8a52aff007b7831cc02748b2013b5,0.150691409216239470
"2024-09-24 00:00:00",1-0xa0ab94debb3cc9a7ea77f3205ba4ab23276fed08,0.130441794797333750
"2024-09-24 00:00:00",1-0xbbf399db59a845066aafce9ae55e68c505fa97b7,0.131525941231407820
"2024-09-24 00:00:00",1-0xcdd26eb5eb2ce0f203a84553853667ae69ca29ce,0.115809632899721790
"2024-09-24 00:00:00",1-0xd1d7d99764f8a52aff007b7831cc02748b2013b5,0.156061471839522800
"2024-09-25 00:00:00",1-0xa0ab94debb3cc9a7ea77f3205ba4ab23276fed08,0.114140716174945700
"2024-09-25 00:00:00",1-0xbbf399db59a845066aafce9ae55e68c505fa97b7,0.128542143310234060
"2024-09-25 00:00:00",1-0xcdd26eb5eb2ce0f203a84553853667ae69ca29ce,0.122861741024191450
"2024-09-26 00:00:00",1-0xa0ab94debb3cc9a7ea77f3205ba4ab23276fed08,0.110988330940230420
"2024-09-26 00:00:00",1-0xbbf399db59a845066aafce9ae55e68c505fa97b7,0.120559669811285850
"2024-09-26 00:00:00",1-0xcdd26eb5eb2ce0f203a84553853667ae69ca29ce,0.114476064587955000
"2024-09-27 00:00:00",1-0xa0ab94debb3cc9a7ea77f3205ba4ab23276fed08,0.129564166544111180
"2024-09-27 00:00:00",1-0xbbf399db59a845066aafce9ae55e68c505fa97b7,0.126380941328825700
"2024-09-27 00:00:00",1-0xcdd26eb5eb2ce0f203a84553853667ae69ca29ce,0.130077194275949550
"2024-09-28 00:00:00",1-0xa0ab94debb3cc9a7ea77f3205ba4ab23276fed08,0.129820576393965500
"2024-09-28 00:00:00",1-0xbbf399db59a845066aafce9ae55e68c505fa97b7,0.139744569634473900
"2024-09-28 00:00:00",1-0xcdd26eb5eb2ce0f203a84553853667ae69ca29ce,0.138199823455470220
"2024-09-29 00:00:00",1-0xa0ab94debb3cc9a7ea77f3205ba4ab23276fed08,0.130195577335707520
"2024-09-29 00:00:00",1-0xbbf399db59a845066aafce9ae55e68c505fa97b7,0.132026704456892130
"2024-09-29 00:00:00",1-0xcdd26eb5eb2ce0f203a84553853667ae69ca29ce,0.142287523216637850
"2024-09-30 00:00:00",1-0xa0ab94debb3cc9a7ea77f3205ba4ab23276fed08,0.130495786542326850
"2024-09-30 00:00:00",1-0xbbf399db59a845066aafce9ae55e68c505fa97b7,0.131109096033108720
"2024-09-30 00:00:00",1-0xcdd26eb5eb2ce0f203a84553853667ae69ca29ce,0.153930979514156130
"2024-10-01 00:00:00",1-0xa0ab94debb3cc9a7ea77f3205ba4ab23276fed08,0.138925555086139900
"2024-10-01 00:00:00",1-0xbbf399db59a845066aafce9ae55e68c505fa97b7,0.142064615118256080
"2024-10-01 00:00:00",1-0xcdd26eb5eb2ce0f203a84553853667ae69ca29ce,0.151377656709610340
"2024-10-02 00:00:00",1-0xa0ab94debb3cc9a7ea77f3205ba4ab23276fed08,0.138171886290698430
"2024-10-02 00:00:00",1-0xbbf399db59a845066aafce9ae55e68c505fa97b7,0.139826004295448450
"2024-10-02 00:00:00",1-0xcdd26eb5eb2ce0f203a84553853667ae69ca29ce,0.139997773269443520
"2024-10-03 00:00:00",1-0xa0ab94debb3cc9a7ea77f3205ba4ab23276fed08,0.148075314872169630
"2024-10-03 00:00:00",1-0xbbf399db59a845066aafce9ae55e68c505fa97b7,0.142350705382078950
"2024-10-03 00:00:00",1-0xcdd26eb5eb2ce0f203a84553853667ae69ca29ce,0.134740025449962660
"2024-10-04 00:00:00",1-0xa0ab94debb3cc9a7ea77f3205ba4ab23276fed08,0.128152753459886970
"2024-10-04 00:00:00",1-0xbbf399db59a845066aafce9ae55e68c505fa97b7,0.130557487697299900
"2024-10-04 00:00:00",1-0xcdd26eb5eb2ce0f203a84553853667ae69ca29ce,0.130727084969623600
"2024-10-05 00:00:00",1-0xa0ab94debb3cc9a7ea77f3205ba4ab23276fed08,0.132661638844404850
"2024-10-05 00:00:00",1-0xbbf399db59a845066aafce9ae55e68c505fa97b7,0.126193802968795230
"2024-10-05 00:00:00",1-0xcdd26eb5eb2ce0f203a84553853667ae69ca29ce,0.130481462246704100
"2024-10-06 00:00:00",1-0xa0ab94debb3cc9a7ea77f3205ba4ab23276fed08,0.128772243776938970
"2024-10-06 00:00:00",1-0xbbf399db59a845066aafce9ae55e68c505fa97b7,0.124627142566552380
"2024-10-06 00:00:00",1-0xcdd26eb5eb2ce0f203a84553853667ae69ca29ce,0.134041491600457530
"2024-10-07 00:00:00",1-0xa0ab94debb3cc9a7ea77f3205ba4ab23276fed08,0.132838281180315500
"2024-10-07 00:00:00",1-0xbbf399db59a845066aafce9ae55e68c505fa97b7,0.123764021503660170
"2024-10-07 00:00:00",1-0xcdd26eb5eb2ce0f203a84553853667ae69ca29ce,0.135445611828067800
"2024-10-08 00:00:00",1-0xa0ab94debb3cc9a7ea77f3205ba4ab23276fed08,0.129857449674225970
"2024-10-08 00:00:00",1-0xbbf399db59a845066aafce9ae55e68c505fa97b7,0.137716209592224410
"2024-10-08 00:00:00",1-0xcdd26eb5eb2ce0f203a84553853667ae69ca29ce,0.133691387027014000
"2024-10-09 00:00:00",1-0xa0ab94debb3cc9a7ea77f3205ba4ab23276fed08,0.127941898087567500
"2024-10-09 00:00:00",1-0xbbf399db59a845066aafce9ae55e68c505fa97b7,0.130891553075256570
"2024-10-09 00:00:00",1-0xcdd26eb5eb2ce0f203a84553853667ae69ca29ce,0.133471602721770400
"2024-10-10 00:00:00",1-0xa0ab94debb3cc9a7ea77f3205ba4ab23276fed08,0.126061220375162100
"2024-10-10 00:00:00",1-0xbbf399db59a845066aafce9ae55e68c505fa97b7,0.127783569784882600
"2024-10-10 00:00:00",1-0xcdd26eb5eb2ce0f203a84553853667ae69ca29ce,0.133601135942697850
"2024-10-11 00:00:00",1-0xa0ab94debb3cc9a7ea77f3205ba4ab23276fed08,0.123557579537130650
"2024-10-11 00:00:00",1-0xbbf399db59a845066aafce9ae55e68c505fa97b7,0.123391419241277940
"2024-10-11 00:00:00",1-0xcdd26eb5eb2ce0f203a84553853667ae69ca29ce,0.127398267500940630
"2024-10-12 00:00:00",1-0xa0ab94debb3cc9a7ea77f3205ba4ab23276fed08,0.123697707369619270
"2024-10-12 00:00:00",1-0xbbf399db59a845066aafce9ae55e68c505fa97b7,0.119298634355648140
"2024-10-12 00:00:00",1-0xcdd26eb5eb2ce0f203a84553853667ae69ca29ce,0.132500143445483330
"2024-10-13 00:00:00",1-0xa0ab94debb3cc9a7ea77f3205ba4ab23276fed08,0.123660272155471600
"2024-10-13 00:00:00",1-0xbbf399db59a845066aafce9ae55e68c505fa97b7,0.117749372817411270
"2024-10-13 00:00:00",1-0xcdd26eb5eb2ce0f203a84553853667ae69ca29ce,0.131810236004697320
"2024-10-14 00:00:00",1-0xa0ab94debb3cc9a7ea77f3205ba4ab23276fed08,0.127447982018266570
"2024-10-14 00:00:00",1-0xbbf399db59a845066aafce9ae55e68c505fa97b7,0.127508663950510080
"2024-10-14 00:00:00",1-0xcdd26eb5eb2ce0f203a84553853667ae69ca29ce,0.132819580586947200
"2024-10-15 00:00:00",1-0xa0ab94debb3cc9a7ea77f3205ba4ab23276fed08,0.144082776553778880
"2024-10-15 00:00:00",1-0xbbf399db59a845066aafce9ae55e68c505fa97b7,0.139341308504739470
"2024-10-15 00:00:00",1-0xcdd26eb5eb2ce0f203a84553853667ae69ca29ce,0.149621914057247900
"2024-10-16 00:00:00",1-0xa0ab94debb3cc9a7ea77f3205ba4ab23276fed08,0.131247336131226520
"2024-10-16 00:00:00",1-0xbbf399db59a845066aafce9ae55e68c505fa97b7,0.146282848293982860
"2024-10-16 00:00:00",1-0xcdd26eb5eb2ce0f203a84553853667ae69ca29ce,0.147291141533284930
"2024-10-17 00:00:00",1-0xa0ab94debb3cc9a7ea77f3205ba4ab23276fed08,0.135232333465829200
"2024-10-17 00:00:00",1-0xbbf399db59a845066aafce9ae55e68c505fa97b7,0.147382672401793700
"2024-10-17 00:00:00",1-0xcdd26eb5eb2ce0f203a84553853667ae69ca29ce,0.150247874912657450
"2024-10-18 00:00:00",1-0xa0ab94debb3cc9a7ea77f3205ba4ab23276fed08,0.140514124203683140
"2024-10-18 00:00:00",1-0xbbf399db59a845066aafce9ae55e68c505fa97b7,0.161502935171872640
"2024-10-18 00:00:00",1-0xcdd26eb5eb2ce0f203a84553853667ae69ca29ce,0.143312274099389070
"2024-10-19 00:00:00",1-0xa0ab94debb3cc9a7ea77f3205ba4ab23276fed08,0.136770793339802580
"2024-10-19 00:00:00",1-0xbbf399db59a845066aafce9ae55e68c505fa97b7,0.161172484479377600
"2024-10-19 00:00:00",1-0xcdd26eb5eb2ce0f203a84553853667ae69ca29ce,0.146808494935652070
"2024-10-20 00:00:00",1-0xa0ab94debb3cc9a7ea77f3205ba4ab23276fed08,0.135856075012567020
"2024-10-20 00:00:00",1-0xbbf399db59a845066aafce9ae55e68c505fa97b7,0.163995907242436620
"2024-10-20 00:00:00",1-0xcdd26eb5eb2ce0f203a84553853667ae69ca29ce,0.142220795911258700
"2024-10-21 00:00:00",1-0xa0ab94debb3cc9a7ea77f3205ba4ab23276fed08,0.145655238898032560
"2024-10-21 00:00:00",1-0xbbf399db59a845066aafce9ae55e68c505fa97b7,0.155488073343102100
"2024-10-21 00:00:00",1-0xcdd26eb5eb2ce0f203a84553853667ae69ca29ce,0.146748149462134330
"2024-10-22 00:00:00",1-0xa0ab94debb3cc9a7ea77f3205ba4ab23276fed08,0.141588964013072530
"2024-10-22 00:00:00",1-0xbbf399db59a845066aafce9ae55e68c505fa97b7,0.174668321975355100
"2024-10-22 00:00:00",1-0xcdd26eb5eb2ce0f203a84553853667ae69ca29ce,0.148788302293805460
"2024-10-23 00:00:00",1-0xa0ab94debb3cc9a7ea77f3205ba4ab23276fed08,0.133434064028721500
"2024-10-23 00:00:00",1-0xbbf399db59a845066aafce9ae55e68c505fa97b7,0.181667272225597200
"2024-10-23 00:00:00",1-0xcdd26eb5eb2ce0f203a84553853667ae69ca29ce,0.140898723291565720
"2024-10-24 00:00:00",1-0xa0ab94debb3cc9a7ea77f3205ba4ab23276fed08,0.132891171541083430
"2024-10-24 00:00:00",1-0xcdd26eb5eb2ce0f203a84553853667ae69ca29ce,0.139572159807167300
"2024-10-25 00:00:00",1-0xa0ab94debb3cc9a7ea77f3205ba4ab23276fed08,0.136782640561520450
"2024-10-25 00:00:00",1-0xcdd26eb5eb2ce0f203a84553853667ae69ca29ce,0.141863778287098620
"2024-10-26 00:00:00",1-0xa0ab94debb3cc9a7ea77f3205ba4ab23276fed08,0.143011861876935600
"2024-10-26 00:00:00",1-0xcdd26eb5eb2ce0f203a84553853667ae69ca29ce,0.142803590097231540
"2024-10-27 00:00:00",1-0xa0ab94debb3cc9a7ea77f3205ba4ab23276fed08,0.137026987118166850
"2024-10-27 00:00:00",1-0xcdd26eb5eb2ce0f203a84553853667ae69ca29ce,0.140491429230614080
"2024-10-28 00:00:00",1-0xa0ab94debb3cc9a7ea77f3205ba4ab23276fed08,0.139175267899143140
"2024-10-28 00:00:00",1-0xcdd26eb5eb2ce0f203a84553853667ae69ca29ce,0.140047710642200670
"2024-10-29 00:00:00",1-0xa0ab94debb3cc9a7ea77f3205ba4ab23276fed08,0.139578711645508060
"2024-10-29 00:00:00",1-0xcdd26eb5eb2ce0f203a84553853667ae69ca29ce,0.139794946243456230
"2024-10-30 00:00:00",1-0xa0ab94debb3cc9a7ea77f3205ba4ab23276fed08,0.146253271759501300
"2024-10-30 00:00:00",1-0xcdd26eb5eb2ce0f203a84553853667ae69ca29ce,0.143989108642608400
"2024-10-31 00:00:00",1-0xa0ab94debb3cc9a7ea77f3205ba4ab23276fed08,0.149432875334118750
"2024-10-31 00:00:00",1-0xcdd26eb5eb2ce0f203a84553853667ae69ca29ce,0.145879717934565900
"2024-11-01 00:00:00",1-0xa0ab94debb3cc9a7ea77f3205ba4ab23276fed08,0.150312246776986180
"2024-11-01 00:00:00",1-0xcdd26eb5eb2ce0f203a84553853667ae69ca29ce,0.140131692701635170
"2024-11-02 00:00:00",1-0xa0ab94debb3cc9a7ea77f3205ba4ab23276fed08,0.146955284914162000
"2024-11-02 00:00:00",1-0xcdd26eb5eb2ce0f203a84553853667ae69ca29ce,0.143501461869664840
"2024-11-03 00:00:00",1-0xa0ab94debb3cc9a7ea77f3205ba4ab23276fed08,0.145417476656332300
"2024-11-03 00:00:00",1-0xcdd26eb5eb2ce0f203a84553853667ae69ca29ce,0.140904711698379040
"2024-11-04 00:00:00",1-0xa0ab94debb3cc9a7ea77f3205ba4ab23276fed08,0.140834517395360460
"2024-11-04 00:00:00",1-0xcdd26eb5eb2ce0f203a84553853667ae69ca29ce,0.141682239225229270
"2024-11-05 00:00:00",1-0xa0ab94debb3cc9a7ea77f3205ba4ab23276fed08,0.145204350806356960
"2024-11-05 00:00:00",1-0xcdd26eb5eb2ce0f203a84553853667ae69ca29ce,0.141873256423078460
"2024-11-06 00:00:00",1-0xa0ab94debb3cc9a7ea77f3205ba4ab23276fed08,0.147602468480662720
"2024-11-06 00:00:00",1-0xcdd26eb5eb2ce0f203a84553853667ae69ca29ce,0.141824098116461350
"2024-11-07 00:00:00",1-0xa0ab94debb3cc9a7ea77f3205ba4ab23276fed08,0.159568888986357570
"2024-11-07 00:00:00",1-0xcdd26eb5eb2ce0f203a84553853667ae69ca29ce,0.152442254134617980
"2024-11-08 00:00:00",1-0xa0ab94debb3cc9a7ea77f3205ba4ab23276fed08,0.156733729754799500
"2024-11-08 00:00:00",1-0xcdd26eb5eb2ce0f203a84553853667ae69ca29ce,0.159701497618695450
"2024-11-09 00:00:00",1-0xa0ab94debb3cc9a7ea77f3205ba4ab23276fed08,0.165485694292877960
"2024-11-09 00:00:00",1-0xcdd26eb5eb2ce0f203a84553853667ae69ca29ce,0.158266055793241600
"2024-11-10 00:00:00",1-0xa0ab94debb3cc9a7ea77f3205ba4ab23276fed08,0.167478207037294660
"2024-11-10 00:00:00",1-0xcdd26eb5eb2ce0f203a84553853667ae69ca29ce,0.161618407142019470
"2024-11-11 00:00:00",1-0xa0ab94debb3cc9a7ea77f3205ba4ab23276fed08,0.197148980702103180
"2024-11-11 00:00:00",1-0xcdd26eb5eb2ce0f203a84553853667ae69ca29ce,0.181072122482549100
"2024-11-12 00:00:00",1-0xa0ab94debb3cc9a7ea77f3205ba4ab23276fed08,0.197433562347779200
"2024-11-12 00:00:00",1-0xcdd26eb5eb2ce0f203a84553853667ae69ca29ce,0.186140405088826450
"2024-11-13 00:00:00",1-0xa0ab94debb3cc9a7ea77f3205ba4ab23276fed08,0.213728550050237500
"2024-11-13 00:00:00",1-0xcdd26eb5eb2ce0f203a84553853667ae69ca29ce,0.178972868511325430
"2024-11-14 00:00:00",1-0xa0ab94debb3cc9a7ea77f3205ba4ab23276fed08,0.213584262958377960
"2024-11-14 00:00:00",1-0xb162b764044697cf03617c2efbcb1f42e31e4766,0.177312793127235360
"2024-11-14 00:00:00",1-0xcdd26eb5eb2ce0f203a84553853667ae69ca29ce,0.182395614450576500
"2024-11-15 00:00:00",1-0xa0ab94debb3cc9a7ea77f3205ba4ab23276fed08,0.207340197178566220
"2024-11-15 00:00:00",1-0xb162b764044697cf03617c2efbcb1f42e31e4766,0.169520447573845430
"2024-11-15 00:00:00",1-0xcdd26eb5eb2ce0f203a84553853667ae69ca29ce,0.184703351919482060
"2024-11-16 00:00:00",1-0xa0ab94debb3cc9a7ea77f3205ba4ab23276fed08,0.208370481625575600
"2024-11-16 00:00:00",1-0xb162b764044697cf03617c2efbcb1f42e31e4766,0.161144128800000620
"2024-11-16 00:00:00",1-0xcdd26eb5eb2ce0f203a84553853667ae69ca29ce,0.181148182664589100
"2024-11-17 00:00:00",1-0xa0ab94debb3cc9a7ea77f3205ba4ab23276fed08,0.212932507252190600
"2024-11-17 00:00:00",1-0xb162b764044697cf03617c2efbcb1f42e31e4766,0.162289382357042380
"2024-11-17 00:00:00",1-0xcdd26eb5eb2ce0f203a84553853667ae69ca29ce,0.177469178223341960
"2024-11-18 00:00:00",1-0xa0ab94debb3cc9a7ea77f3205ba4ab23276fed08,0.241154088049263530
"2024-11-18 00:00:00",1-0xb162b764044697cf03617c2efbcb1f42e31e4766,0.167053568177435440
"2024-11-18 00:00:00",1-0xcdd26eb5eb2ce0f203a84553853667ae69ca29ce,0.185012784245683680
"2024-11-19 00:00:00",1-0xa0ab94debb3cc9a7ea77f3205ba4ab23276fed08,0.231685995574643300
"2024-11-19 00:00:00",1-0xb162b764044697cf03617c2efbcb1f42e31e4766,0.179581945817112180
"2024-11-19 00:00:00",1-0xcdd26eb5eb2ce0f203a84553853667ae69ca29ce,0.195946189627116400
"2024-11-20 00:00:00",1-0xa0ab94debb3cc9a7ea77f3205ba4ab23276fed08,0.241011773953658140
"2024-11-20 00:00:00",1-0xb162b764044697cf03617c2efbcb1f42e31e4766,0.177894487422490370
"2024-11-20 00:00:00",1-0xcdd26eb5eb2ce0f203a84553853667ae69ca29ce,0.203248935061513420
"2024-11-21 00:00:00",1-0xa0ab94debb3cc9a7ea77f3205ba4ab23276fed08,0.243571550436521230
"2024-11-21 00:00:00",1-0xb162b764044697cf03617c2efbcb1f42e31e4766,0.176466235739161310
"2024-11-21 00:00:00",1-0xcdd26eb5eb2ce0f203a84553853667ae69ca29ce,0.198056119342165720
"2024-11-22 00:00:00",1-0xa0ab94debb3cc9a7ea77f3205ba4ab23276fed08,0.260056832158677800
"2024-11-22 00:00:00",1-0xb162b764044697cf03617c2efbcb1f42e31e4766,0.173750328516280250
"2024-11-22 00:00:00",1-0xcdd26eb5eb2ce0f203a84553853667ae69ca29ce,0.200238412348496150
"2024-11-23 00:00:00",1-0xa0ab94debb3cc9a7ea77f3205ba4ab23276fed08,0.249264413551770310
"2024-11-23 00:00:00",1-0xb162b764044697cf03617c2efbcb1f42e31e4766,0.174526969839391640
"2024-11-23 00:00:00",1-0xcdd26eb5eb2ce0f203a84553853667ae69ca29ce,0.199159411081930580
"2024-11-24 00:00:00",1-0xa0ab94debb3cc9a7ea77f3205ba4ab23276fed08,0.257489205345611260
"2024-11-24 00:00:00",1-0xb162b764044697cf03617c2efbcb1f42e31e4766,0.189543374712746180
"2024-11-24 00:00:00",1-0xcdd26eb5eb2ce0f203a84553853667ae69ca29ce,0.207182428539604000
"2024-11-25 00:00:00",1-0xa0ab94debb3cc9a7ea77f3205ba4ab23276fed08,0.258676665029120570
"2024-11-25 00:00:00",1-0xb162b764044697cf03617c2efbcb1f42e31e4766,0.184626415569645540
"2024-11-25 00:00:00",1-0xcdd26eb5eb2ce0f203a84553853667ae69ca29ce,0.212013807775278230
"2024-11-26 00:00:00",1-0xa0ab94debb3cc9a7ea77f3205ba4ab23276fed08,0.246920302975254700
"2024-11-26 00:00:00",1-0xb162b764044697cf03617c2efbcb1f42e31e4766,0.185173216156975680
"2024-11-26 00:00:00",1-0xcdd26eb5eb2ce0f203a84553853667ae69ca29ce,0.209846664697048500
"2024-11-27 00:00:00",1-0xa0ab94debb3cc9a7ea77f3205ba4ab23276fed08,0.236692200694098800
"2024-11-27 00:00:00",1-0xb162b764044697cf03617c2efbcb1f42e31e4766,0.183555803049635600
"2024-11-27 00:00:00",1-0xcdd26eb5eb2ce0f203a84553853667ae69ca29ce,0.193612283561309440
"2024-11-28 00:00:00",1-0xa0ab94debb3cc9a7ea77f3205ba4ab23276fed08,0.256587821218433150
"2024-11-28 00:00:00",1-0xb162b764044697cf03617c2efbcb1f42e31e4766,0.190476692647639330
"2024-11-28 00:00:00",1-0xcdd26eb5eb2ce0f203a84553853667ae69ca29ce,0.206741929124604650
"2024-11-29 00:00:00",1-0xa0ab94debb3cc9a7ea77f3205ba4ab23276fed08,0.253515123821511870
"2024-11-29 00:00:00",1-0xb162b764044697cf03617c2efbcb1f42e31e4766,0.198207631405813660
"2024-11-29 00:00:00",1-0xcdd26eb5eb2ce0f203a84553853667ae69ca29ce,0.214842861101959050
"2024-11-30 00:00:00",1-0xa0ab94debb3cc9a7ea77f3205ba4ab23276fed08,0.269788867917641000
"2024-11-30 00:00:00",1-0xb162b764044697cf03617c2efbcb1f42e31e4766,0.201677747775223850
"2024-11-30 00:00:00",1-0xcdd26eb5eb2ce0f203a84553853667ae69ca29ce,0.228651856163369920
"2024-12-01 00:00:00",1-0xa0ab94debb3cc9a7ea77f3205ba4ab23276fed08,0.290493493604442100
"2024-12-01 00:00:00",1-0xb162b764044697cf03617c2efbcb1f42e31e4766,0.200102345657346530
"2024-12-01 00:00:00",1-0xcdd26eb5eb2ce0f203a84553853667ae69ca29ce,0.226766554421140350
"2024-12-02 00:00:00",1-0xa0ab94debb3cc9a7ea77f3205ba4ab23276fed08,0.294215148560196040
"2024-12-02 00:00:00",1-0xb162b764044697cf03617c2efbcb1f42e31e4766,0.209682958628224500
"2024-12-02 00:00:00",1-0xcdd26eb5eb2ce0f203a84553853667ae69ca29ce,0.229834766551715750
"2024-12-03 00:00:00",1-0xa0ab94debb3cc9a7ea77f3205ba4ab23276fed08,0.299370780292565140
"2024-12-03 00:00:00",1-0xb162b764044697cf03617c2efbcb1f42e31e4766,0.205801241560954920
"2024-12-03 00:00:00",1-0xcdd26eb5eb2ce0f203a84553853667ae69ca29ce,0.232778634464264830
"2024-12-04 00:00:00",1-0xa0ab94debb3cc9a7ea77f3205ba4ab23276fed08,0.297560602787594330
"2024-12-04 00:00:00",1-0xb162b764044697cf03617c2efbcb1f42e31e4766,0.195752643206503100
"2024-12-04 00:00:00",1-0xcdd26eb5eb2ce0f203a84553853667ae69ca29ce,0.229685360782107000
"2024-12-05 00:00:00",1-0xa0ab94debb3cc9a7ea77f3205ba4ab23276fed08,0.301704359519203700
"2024-12-05 00:00:00",1-0xb162b764044697cf03617c2efbcb1f42e31e4766,0.211568458882740230
"2024-12-05 00:00:00",1-0xcdd26eb5eb2ce0f203a84553853667ae69ca29ce,0.243220927379453000
"2024-12-06 00:00:00",1-0xa0ab94debb3cc9a7ea77f3205ba4ab23276fed08,0.336126044377878400
"2024-12-06 00:00:00",1-0xb162b764044697cf03617c2efbcb1f42e31e4766,0.207179944005807530
"2024-12-06 00:00:00",1-0xcdd26eb5eb2ce0f203a84553853667ae69ca29ce,0.241811799253471400
"2024-12-07 00:00:00",1-0xa0ab94debb3cc9a7ea77f3205ba4ab23276fed08,0.338349868449244100
"2024-12-07 00:00:00",1-0xb162b764044697cf03617c2efbcb1f42e31e4766,0.223252524187712800
"2024-12-07 00:00:00",1-0xcdd26eb5eb2ce0f203a84553853667ae69ca29ce,0.259997564058804600
"2024-12-08 00:00:00",1-0xa0ab94debb3cc9a7ea77f3205ba4ab23276fed08,0.329710638379031800
"2024-12-08 00:00:00",1-0xb162b764044697cf03617c2efbcb1f42e31e4766,0.231078759658638330
"2024-12-08 00:00:00",1-0xcdd26eb5eb2ce0f203a84553853667ae69ca29ce,0.267099156519758700
"2024-12-09 00:00:00",1-0xa0ab94debb3cc9a7ea77f3205ba4ab23276fed08,0.330368534874029950
"2024-12-09 00:00:00",1-0xb162b764044697cf03617c2efbcb1f42e31e4766,0.232321479881249630
"2024-12-09 00:00:00",1-0xcdd26eb5eb2ce0f203a84553853667ae69ca29ce,0.271729852831380070
"2024-12-10 00:00:00",1-0xa0ab94debb3cc9a7ea77f3205ba4ab23276fed08,0.315249568719258000
"2024-12-10 00:00:00",1-0xb162b764044697cf03617c2efbcb1f42e31e4766,0.235142366023690650
"2024-12-10 00:00:00",1-0xcdd26eb5eb2ce0f203a84553853667ae69ca29ce,0.274189427430655330
"2024-12-11 00:00:00",1-0xa0ab94debb3cc9a7ea77f3205ba4ab23276fed08,0.289376224156336900
"2024-12-11 00:00:00",1-0xb162b764044697cf03617c2efbcb1f42e31e4766,0.212875962753927170
"2024-12-11 00:00:00",1-0xcdd26eb5eb2ce0f203a84553853667ae69ca29ce,0.257492541216041800
"2024-12-11 00:00:00",1-0xd3c29550d12a5234e6aeb5aea7c841134cd6ddd5,0.316918464309695400
"2024-12-12 00:00:00",1-0xa0ab94debb3cc9a7ea77f3205ba4ab23276fed08,0.281705284614604870
"2024-12-12 00:00:00",1-0xb162b764044697cf03617c2efbcb1f42e31e4766,0.211429507112199650
"2024-12-12 00:00:00",1-0xcdd26eb5eb2ce0f203a84553853667ae69ca29ce,0.269787515942399250
"2024-12-12 00:00:00",1-0xd3c29550d12a5234e6aeb5aea7c841134cd6ddd5,0.193659861670652630
"2024-12-13 00:00:00",1-0xa0ab94debb3cc9a7ea77f3205ba4ab23276fed08,0.310904354117668600
"2024-12-13 00:00:00",1-0xb162b764044697cf03617c2efbcb1f42e31e4766,0.220277490602583950
"2024-12-13 00:00:00",1-0xcdd26eb5eb2ce0f203a84553853667ae69ca29ce,0.265944035854311030
"2024-12-13 00:00:00",1-0xd3c29550d12a5234e6aeb5aea7c841134cd6ddd5,0.281630727695690000
"2024-12-14 00:00:00",1-0xa0ab94debb3cc9a7ea77f3205ba4ab23276fed08,0.279067052205780540
"2024-12-14 00:00:00",1-0xb162b764044697cf03617c2efbcb1f42e31e4766,0.208429949404396630
"2024-12-14 00:00:00",1-0xcdd26eb5eb2ce0f203a84553853667ae69ca29ce,0.238579017537547500
"2024-12-14 00:00:00",1-0xd3c29550d12a5234e6aeb5aea7c841134cd6ddd5,0.260325356568289500
"2024-12-15 00:00:00",1-0xa0ab94debb3cc9a7ea77f3205ba4ab23276fed08,0.296550147671666760
"2024-12-15 00:00:00",1-0xb162b764044697cf03617c2efbcb1f42e31e4766,0.216990491308459700
"2024-12-15 00:00:00",1-0xcdd26eb5eb2ce0f203a84553853667ae69ca29ce,0.231604753370146400
"2024-12-15 00:00:00",1-0xd3c29550d12a5234e6aeb5aea7c841134cd6ddd5,0.260216747979426400
"2024-12-16 00:00:00",1-0xa0ab94debb3cc9a7ea77f3205ba4ab23276fed08,0.287453624241900350
"2024-12-16 00:00:00",1-0xb162b764044697cf03617c2efbcb1f42e31e4766,0.205911177228720100
"2024-12-16 00:00:00",1-0xcdd26eb5eb2ce0f203a84553853667ae69ca29ce,0.232876183107132200
"2024-12-16 00:00:00",1-0xd3c29550d12a5234e6aeb5aea7c841134cd6ddd5,0.256471095410332640
"2024-12-17 00:00:00",1-0xa0ab94debb3cc9a7ea77f3205ba4ab23276fed08,0.295234322253849600
"2024-12-17 00:00:00",1-0xb162b764044697cf03617c2efbcb1f42e31e4766,0.209674904174216750
"2024-12-17 00:00:00",1-0xcdd26eb5eb2ce0f203a84553853667ae69ca29ce,0.255815581775388660
"2024-12-17 00:00:00",1-0xd3c29550d12a5234e6aeb5aea7c841134cd6ddd5,0.271163416377862230
"2024-12-18 00:00:00",1-0xa0ab94debb3cc9a7ea77f3205ba4ab23276fed08,0.261907632835869400
"2024-12-18 00:00:00",1-0xb162b764044697cf03617c2efbcb1f42e31e4766,0.215765753989102470
"2024-12-18 00:00:00",1-0xcdd26eb5eb2ce0f203a84553853667ae69ca29ce,0.253433957738409930
"2024-12-18 00:00:00",1-0xd3c29550d12a5234e6aeb5aea7c841134cd6ddd5,0.274413879515075000
"2024-12-19 00:00:00",1-0xa0ab94debb3cc9a7ea77f3205ba4ab23276fed08,0.254488101119928260
"2024-12-19 00:00:00",1-0xb162b764044697cf03617c2efbcb1f42e31e4766,0.208572067659879680
"2024-12-19 00:00:00",1-0xcdd26eb5eb2ce0f203a84553853667ae69ca29ce,0.248908801421129140
"2024-12-19 00:00:00",1-0xd3c29550d12a5234e6aeb5aea7c841134cd6ddd5,0.269130893621362100
"2024-12-20 00:00:00",1-0xa0ab94debb3cc9a7ea77f3205ba4ab23276fed08,0.249972812696917850
"2024-12-20 00:00:00",1-0xb162b764044697cf03617c2efbcb1f42e31e4766,0.208092379758060500
"2024-12-20 00:00:00",1-0xcdd26eb5eb2ce0f203a84553853667ae69ca29ce,0.235273271328260600
"2024-12-20 00:00:00",1-0xd3c29550d12a5234e6aeb5aea7c841134cd6ddd5,0.238781547063763100
"2024-12-21 00:00:00",1-0xa0ab94debb3cc9a7ea77f3205ba4ab23276fed08,0.252806184807135700
"2024-12-21 00:00:00",1-0xb162b764044697cf03617c2efbcb1f42e31e4766,0.201393726954645300
"2024-12-21 00:00:00",1-0xcdd26eb5eb2ce0f203a84553853667ae69ca29ce,0.231366504515921000
"2024-12-21 00:00:00",1-0xd3c29550d12a5234e6aeb5aea7c841134cd6ddd5,0.229433111706578650
"2024-12-22 00:00:00",1-0xa0ab94debb3cc9a7ea77f3205ba4ab23276fed08,0.239763664409464730
"2024-12-22 00:00:00",1-0xb162b764044697cf03617c2efbcb1f42e31e4766,0.190704610327253170
"2024-12-22 00:00:00",1-0xcdd26eb5eb2ce0f203a84553853667ae69ca29ce,0.244859804466878380
"2024-12-22 00:00:00",1-0xd3c29550d12a5234e6aeb5aea7c841134cd6ddd5,0.227214756019173070
"2024-12-23 00:00:00",1-0xa0ab94debb3cc9a7ea77f3205ba4ab23276fed08,0.239766024410083430
"2024-12-23 00:00:00",1-0xb162b764044697cf03617c2efbcb1f42e31e4766,0.193092845068583150
"2024-12-23 00:00:00",1-0xcdd26eb5eb2ce0f203a84553853667ae69ca29ce,0.236742551256184040
"2024-12-23 00:00:00",1-0xd3c29550d12a5234e6aeb5aea7c841134cd6ddd5,0.238231100471721470
"2024-12-24 00:00:00",1-0xa0ab94debb3cc9a7ea77f3205ba4ab23276fed08,0.244507960737412770
"2024-12-24 00:00:00",1-0xb162b764044697cf03617c2efbcb1f42e31e4766,0.190797432956337330
"2024-12-24 00:00:00",1-0xcdd26eb5eb2ce0f203a84553853667ae69ca29ce,0.231507745558235060
"2024-12-24 00:00:00",1-0xd3c29550d12a5234e6aeb5aea7c841134cd6ddd5,0.223533115780447200
"2024-12-25 00:00:00",1-0xb162b764044697cf03617c2efbcb1f42e31e4766,0.182660193983664070
"2024-12-25 00:00:00",1-0xcdd26eb5eb2ce0f203a84553853667ae69ca29ce,0.230260976025724150
"2024-12-25 00:00:00",1-0xd3c29550d12a5234e6aeb5aea7c841134cd6ddd5,0.234124275700928100
"2024-12-26 00:00:00",1-0xb162b764044697cf03617c2efbcb1f42e31e4766,0.182903563879221350
"2024-12-26 00:00:00",1-0xcdd26eb5eb2ce0f203a84553853667ae69ca29ce,0.227483457760857540
"2024-12-26 00:00:00",1-0xd3c29550d12a5234e6aeb5aea7c841134cd6ddd5,0.234898522874631640
"2024-12-27 00:00:00",1-0xb162b764044697cf03617c2efbcb1f42e31e4766,0.178946773388753530
"2024-12-27 00:00:00",1-0xcdd26eb5eb2ce0f203a84553853667ae69ca29ce,0.201677093619900380
"2024-12-27 00:00:00",1-0xd3c29550d12a5234e6aeb5aea7c841134cd6ddd5,0.212811826297952140
"2024-12-28 00:00:00",1-0xb162b764044697cf03617c2efbcb1f42e31e4766,0.178778902336098170
"2024-12-28 00:00:00",1-0xcdd26eb5eb2ce0f203a84553853667ae69ca29ce,0.195143468911079800
"2024-12-28 00:00:00",1-0xd3c29550d12a5234e6aeb5aea7c841134cd6ddd5,0.198787991512415100
"2024-12-29 00:00:00",1-0xb162b764044697cf03617c2efbcb1f42e31e4766,0.179206198149899580
"2024-12-29 00:00:00",1-0xcdd26eb5eb2ce0f203a84553853667ae69ca29ce,0.200379933665180140
"2024-12-29 00:00:00",1-0xd3c29550d12a5234e6aeb5aea7c841134cd6ddd5,0.200529746039762150
"2024-12-30 00:00:00",1-0xb162b764044697cf03617c2efbcb1f42e31e4766,0.179951344353991740
"2024-12-30 00:00:00",1-0xcdd26eb5eb2ce0f203a84553853667ae69ca29ce,0.200836140789338870
"2024-12-30 00:00:00",1-0xd3c29550d12a5234e6aeb5aea7c841134cd6ddd5,0.198803276856605260
"2024-12-31 00:00:00",1-0xb162b764044697cf03617c2efbcb1f42e31e4766,0.178995466802664980
"2024-12-31 00:00:00",1-0xcdd26eb5eb2ce0f203a84553853667ae69ca29ce,0.204555022186833970
"2024-12-31 00:00:00",1-0xd3c29550d12a5234e6aeb5aea7c841134cd6ddd5,0.195382387833890720
"2025-01-01 00:00:00",1-0xb162b764044697cf03617c2efbcb1f42e31e4766,0.179062623916282700
"2025-01-01 00:00:00",1-0xcdd26eb5eb2ce0f203a84553853667ae69ca29ce,0.204013699730356770
"2025-01-01 00:00:00",1-0xd3c29550d12a5234e6aeb5aea7c841134cd6ddd5,0.196634993108991240
"2025-01-02 00:00:00",1-0xb162b764044697cf03617c2efbcb1f42e31e4766,0.175938123906455900
"2025-01-02 00:00:00",1-0xcdd26eb5eb2ce0f203a84553853667ae69ca29ce,0.204963188347878400
"2025-01-02 00:00:00",1-0xd3c29550d12a5234e6aeb5aea7c841134cd6ddd5,0.202694632785806350
"2025-01-03 00:00:00",1-0xb162b764044697cf03617c2efbcb1f42e31e4766,0.178398725589631320
"2025-01-03 00:00:00",1-0xcdd26eb5eb2ce0f203a84553853667ae69ca29ce,0.207903804745509300
"2025-01-03 00:00:00",1-0xd3c29550d12a5234e6aeb5aea7c841134cd6ddd5,0.211198467307000870
"2025-01-04 00:00:00",1-0xb162b764044697cf03617c2efbcb1f42e31e4766,0.182892176075983850
"2025-01-04 00:00:00",1-0xcdd26eb5eb2ce0f203a84553853667ae69ca29ce,0.222240962816993020
"2025-01-04 00:00:00",1-0xd3c29550d12a5234e6aeb5aea7c841134cd6ddd5,0.234324839496514730
"2025-01-05 00:00:00",1-0xb162b764044697cf03617c2efbcb1f42e31e4766,0.188465790429537260
"2025-01-05 00:00:00",1-0xcdd26eb5eb2ce0f203a84553853667ae69ca29ce,0.227391982076435850
"2025-01-05 00:00:00",1-0xd3c29550d12a5234e6aeb5aea7c841134cd6ddd5,0.227775868881464840
"2025-01-06 00:00:00",1-0xb162b764044697cf03617c2efbcb1f42e31e4766,0.193467417979259700
"2025-01-06 00:00:00",1-0xcdd26eb5eb2ce0f203a84553853667ae69ca29ce,0.211577221865460130
"2025-01-06 00:00:00",1-0xd3c29550d12a5234e6aeb5aea7c841134cd6ddd5,0.217853179946123400
"2025-01-07 00:00:00",1-0xb162b764044697cf03617c2efbcb1f42e31e4766,0.191656392864476100
"2025-01-07 00:00:00",1-0xcdd26eb5eb2ce0f203a84553853667ae69ca29ce,0.236823588136354960
"2025-01-07 00:00:00",1-0xd3c29550d12a5234e6aeb5aea7c841134cd6ddd5,0.227878967632973770
"2025-01-08 00:00:00",1-0xb162b764044697cf03617c2efbcb1f42e31e4766,0.190387766801529250
"2025-01-08 00:00:00",1-0xcdd26eb5eb2ce0f203a84553853667ae69ca29ce,0.224786014056441500
"2025-01-08 00:00:00",1-0xd3c29550d12a5234e6aeb5aea7c841134cd6ddd5,0.222252573861467800
"2025-01-09 00:00:00",1-0xb162b764044697cf03617c2efbcb1f42e31e4766,0.190595143337160430
"2025-01-09 00:00:00",1-0xcdd26eb5eb2ce0f203a84553853667ae69ca29ce,0.210838547264663450
"2025-01-09 00:00:00",1-0xd3c29550d12a5234e6aeb5aea7c841134cd6ddd5,0.201822117056256860
"2025-01-10 00:00:00",1-0xb162b764044697cf03617c2efbcb1f42e31e4766,0.189250940388765220
"2025-01-10 00:00:00",1-0xcdd26eb5eb2ce0f203a84553853667ae69ca29ce,0.196502987662869670
"2025-01-10 00:00:00",1-0xd3c29550d12a5234e6aeb5aea7c841134cd6ddd5,0.201862180603201050
"2025-01-11 00:00:00",1-0xb162b764044697cf03617c2efbcb1f42e31e4766,0.187588388864277300
"2025-01-11 00:00:00",1-0xcdd26eb5eb2ce0f203a84553853667ae69ca29ce,0.209360967737401320
"2025-01-11 00:00:00",1-0xd3c29550d12a5234e6aeb5aea7c841134cd6ddd5,0.202909286476195220
"2025-01-12 00:00:00",1-0xb162b764044697cf03617c2efbcb1f42e31e4766,0.182962176157118300
"2025-01-12 00:00:00",1-0xcdd26eb5eb2ce0f203a84553853667ae69ca29ce,0.203019537688117200
"2025-01-12 00:00:00",1-0xd3c29550d12a5234e6aeb5aea7c841134cd6ddd5,0.206876593290355800
"2025-01-13 00:00:00",1-0xb162b764044697cf03617c2efbcb1f42e31e4766,0.185579432885942800
"2025-01-13 00:00:00",1-0xcdd26eb5eb2ce0f203a84553853667ae69ca29ce,0.202694499285935860
"2025-01-13 00:00:00",1-0xd3c29550d12a5234e6aeb5aea7c841134cd6ddd5,0.207215848732313900
"2025-01-14 00:00:00",1-0xb162b764044697cf03617c2efbcb1f42e31e4766,0.193679059124900470
"2025-01-14 00:00:00",1-0xcdd26eb5eb2ce0f203a84553853667ae69ca29ce,0.188408858103422900
"2025-01-14 00:00:00",1-0xd3c29550d12a5234e6aeb5aea7c841134cd6ddd5,0.189151437252924380
"2025-01-15 00:00:00",1-0xb162b764044697cf03617c2efbcb1f42e31e4766,0.192693712943365010
"2025-01-15 00:00:00",1-0xcdd26eb5eb2ce0f203a84553853667ae69ca29ce,0.196337396910168270
"2025-01-15 00:00:00",1-0xd3c29550d12a5234e6aeb5aea7c841134cd6ddd5,0.201632303489565500
"2025-01-16 00:00:00",1-0xb162b764044697cf03617c2efbcb1f42e31e4766,0.194403421850095180
"2025-01-16 00:00:00",1-0xcdd26eb5eb2ce0f203a84553853667ae69ca29ce,0.205167191901405530
"2025-01-16 00:00:00",1-0xd3c29550d12a5234e6aeb5aea7c841134cd6ddd5,0.201204805386791640
"2025-01-17 00:00:00",1-0xb162b764044697cf03617c2efbcb1f42e31e4766,0.194302830030056440
"2025-01-17 00:00:00",1-0xcdd26eb5eb2ce0f203a84553853667ae69ca29ce,0.193549561936354750
"2025-01-17 00:00:00",1-0xd3c29550d12a5234e6aeb5aea7c841134cd6ddd5,0.201506537411728860
"2025-01-18 00:00:00",1-0xb162b764044697cf03617c2efbcb1f42e31e4766,0.188240933035241030
"2025-01-18 00:00:00",1-0xcdd26eb5eb2ce0f203a84553853667ae69ca29ce,0.195888267141022030
"2025-01-18 00:00:00",1-0xd3c29550d12a5234e6aeb5aea7c841134cd6ddd5,0.206397428992850070
"2025-01-19 00:00:00",1-0xb162b764044697cf03617c2efbcb1f42e31e4766,0.188028637383277570
"2025-01-19 00:00:00",1-0xcdd26eb5eb2ce0f203a84553853667ae69ca29ce,0.197028599822374640
"2025-01-19 00:00:00",1-0xd3c29550d12a5234e6aeb5aea7c841134cd6ddd5,0.216067909732726940
"2025-01-20 00:00:00",1-0xb162b764044697cf03617c2efbcb1f42e31e4766,0.188290402426007700
"2025-01-20 00:00:00",1-0xcdd26eb5eb2ce0f203a84553853667ae69ca29ce,0.207175788002724740
"2025-01-20 00:00:00",1-0xd3c29550d12a5234e6aeb5aea7c841134cd6ddd5,0.216845834329058900
"2025-01-21 00:00:00",1-0xb162b764044697cf03617c2efbcb1f42e31e4766,0.188556336666698240
"2025-01-21 00:00:00",1-0xcdd26eb5eb2ce0f203a84553853667ae69ca29ce,0.206933495123591500
"2025-01-21 00:00:00",1-0xd3c29550d12a5234e6aeb5aea7c841134cd6ddd5,0.209241615789550920
"2025-01-22 00:00:00",1-0xb162b764044697cf03617c2efbcb1f42e31e4766,0.188964893578218880
"2025-01-22 00:00:00",1-0xcdd26eb5eb2ce0f203a84553853667ae69ca29ce,0.204889126089814900
"2025-01-22 00:00:00",1-0xd3c29550d12a5234e6aeb5aea7c841134cd6ddd5,0.217828589948478420
"2025-01-23 00:00:00",1-0xb162b764044697cf03617c2efbcb1f42e31e4766,0.187838760733056720
"2025-01-23 00:00:00",1-0xcdd26eb5eb2ce0f203a84553853667ae69ca29ce,0.207749983991085900
"2025-01-23 00:00:00",1-0xd3c29550d12a5234e6aeb5aea7c841134cd6ddd5,0.219930153320115230
"2025-01-24 00:00:00",1-0xb162b764044697cf03617c2efbcb1f42e31e4766,0.188513153398160770
"2025-01-24 00:00:00",1-0xcdd26eb5eb2ce0f203a84553853667ae69ca29ce,0.201742489978935960
"2025-01-24 00:00:00",1-0xd3c29550d12a5234e6aeb5aea7c841134cd6ddd5,0.209575486598532650
"2025-01-25 00:00:00",1-0xb162b764044697cf03617c2efbcb1f42e31e4766,0.186930449912157130
"2025-01-25 00:00:00",1-0xcdd26eb5eb2ce0f203a84553853667ae69ca29ce,0.199850635036811440
"2025-01-25 00:00:00",1-0xd3c29550d12a5234e6aeb5aea7c841134cd6ddd5,0.206954264986087380
"2025-01-26 00:00:00",1-0xb162b764044697cf03617c2efbcb1f42e31e4766,0.186758387520792770
"2025-01-26 00:00:00",1-0xcdd26eb5eb2ce0f203a84553853667ae69ca29ce,0.194512607096776200
"2025-01-26 00:00:00",1-0xd3c29550d12a5234e6aeb5aea7c841134cd6ddd5,0.208347593850058080
"2025-01-27 00:00:00",1-0xb162b764044697cf03617c2efbcb1f42e31e4766,0.192389910557052120
"2025-01-27 00:00:00",1-0xcdd26eb5eb2ce0f203a84553853667ae69ca29ce,0.193535506776727260
"2025-01-27 00:00:00",1-0xd3c29550d12a5234e6aeb5aea7c841134cd6ddd5,0.209722315500495250
"2025-01-28 00:00:00",1-0xb162b764044697cf03617c2efbcb1f42e31e4766,0.179568511805761280
"2025-01-28 00:00:00",1-0xcdd26eb5eb2ce0f203a84553853667ae69ca29ce,0.185569874174030600
"2025-01-28 00:00:00",1-0xd3c29550d12a5234e6aeb5aea7c841134cd6ddd5,0.202566400535357350
"2025-01-29 00:00:00",1-0xb162b764044697cf03617c2efbcb1f42e31e4766,0.179773629071427800
"2025-01-29 00:00:00",1-0xcdd26eb5eb2ce0f203a84553853667ae69ca29ce,0.178313988606247030
"2025-01-29 00:00:00",1-0xd3c29550d12a5234e6aeb5aea7c841134cd6ddd5,0.195647541410765000
"2025-01-30 00:00:00",1-0xb162b764044697cf03617c2efbcb1f42e31e4766,0.175728861331679420
"2025-01-30 00:00:00",1-0xcdd26eb5eb2ce0f203a84553853667ae69ca29ce,0.183618397443159780
"2025-01-30 00:00:00",1-0xd3c29550d12a5234e6aeb5aea7c841134cd6ddd5,0.198816685261076650
"2025-01-31 00:00:00",1-0xb162b764044697cf03617c2efbcb1f42e31e4766,0.170854791698396000
"2025-01-31 00:00:00",1-0xcdd26eb5eb2ce0f203a84553853667ae69ca29ce,0.180324573708490870
"2025-01-31 00:00:00",1-0xd3c29550d12a5234e6aeb5aea7c841134cd6ddd5,0.194516569083873270
"2025-02-01 00:00:00",1-0xb162b764044697cf03617c2efbcb1f42e31e4766,0.169910080588855820
"2025-02-01 00:00:00",1-0xcdd26eb5eb2ce0f203a84553853667ae69ca29ce,0.186757176272093650
"2025-02-01 00:00:00",1-0xd3c29550d12a5234e6aeb5aea7c841134cd6ddd5,0.189587323348637150
"2025-02-02 00:00:00",1-0xb162b764044697cf03617c2efbcb1f42e31e4766,0.167939554830461200
"2025-02-02 00:00:00",1-0xcdd26eb5eb2ce0f203a84553853667ae69ca29ce,0.185779972427429390
"2025-02-02 00:00:00",1-0xd3c29550d12a5234e6aeb5aea7c841134cd6ddd5,0.191041287766130500
"2025-02-03 00:00:00",1-0xb162b764044697cf03617c2efbcb1f42e31e4766,0.168829064587120440
"2025-02-03 00:00:00",1-0xcdd26eb5eb2ce0f203a84553853667ae69ca29ce,0.178893482877817920
"2025-02-03 00:00:00",1-0xd3c29550d12a5234e6aeb5aea7c841134cd6ddd5,0.187611139286428140
"2025-02-04 00:00:00",1-0xb162b764044697cf03617c2efbcb1f42e31e4766,0.172086640648769770
"2025-02-04 00:00:00",1-0xcdd26eb5eb2ce0f203a84553853667ae69ca29ce,0.179542300942658220
"2025-02-04 00:00:00",1-0xd3c29550d12a5234e6aeb5aea7c841134cd6ddd5,0.184141494238066360
"2025-02-05 00:00:00",1-0xb162b764044697cf03617c2efbcb1f42e31e4766,0.167890347452092750
"2025-02-05 00:00:00",1-0xcdd26eb5eb2ce0f203a84553853667ae69ca29ce,0.177309894322512200
"2025-02-05 00:00:00",1-0xd3c29550d12a5234e6aeb5aea7c841134cd6ddd5,0.177478089355053830
"2025-02-06 00:00:00",1-0xb162b764044697cf03617c2efbcb1f42e31e4766,0.146990482743100340
"2025-02-06 00:00:00",1-0xcdd26eb5eb2ce0f203a84553853667ae69ca29ce,0.172427538901509080
"2025-02-06 00:00:00",1-0xd3c29550d12a5234e6aeb5aea7c841134cd6ddd5,0.173761421751400750
"2025-02-07 00:00:00",1-0xb162b764044697cf03617c2efbcb1f42e31e4766,0.141202775513730840
"2025-02-07 00:00:00",1-0xcdd26eb5eb2ce0f203a84553853667ae69ca29ce,0.157624094416090270
"2025-02-07 00:00:00",1-0xd3c29550d12a5234e6aeb5aea7c841134cd6ddd5,0.174360007606185300
"2025-02-08 00:00:00",1-0xb162b764044697cf03617c2efbcb1f42e31e4766,0.141273140056549670
"2025-02-08 00:00:00",1-0xcdd26eb5eb2ce0f203a84553853667ae69ca29ce,0.150355312354230720
"2025-02-08 00:00:00",1-0xd3c29550d12a5234e6aeb5aea7c841134cd6ddd5,0.153329860383001340
"2025-02-09 00:00:00",1-0xb162b764044697cf03617c2efbcb1f42e31e4766,0.142302210543002070
"2025-02-09 00:00:00",1-0xcdd26eb5eb2ce0f203a84553853667ae69ca29ce,0.141857774781406700
"2025-02-09 00:00:00",1-0xd3c29550d12a5234e6aeb5aea7c841134cd6ddd5,0.159874970976426220
"2025-02-10 00:00:00",1-0xb162b764044697cf03617c2efbcb1f42e31e4766,0.140683517934391040
"2025-02-10 00:00:00",1-0xcdd26eb5eb2ce0f203a84553853667ae69ca29ce,0.140450650235457220
"2025-02-10 00:00:00",1-0xd3c29550d12a5234e6aeb5aea7c841134cd6ddd5,0.145915976661223020
"2025-02-11 00:00:00",1-0xb162b764044697cf03617c2efbcb1f42e31e4766,0.140729079284778180
"2025-02-11 00:00:00",1-0xcdd26eb5eb2ce0f203a84553853667ae69ca29ce,0.141801794732162600
"2025-02-11 00:00:00",1-0xd3c29550d12a5234e6aeb5aea7c841134cd6ddd5,0.145899722503730180
"2025-02-12 00:00:00",1-0xb162b764044697cf03617c2efbcb1f42e31e4766,0.133673054437128960
"2025-02-12 00:00:00",1-0xcdd26eb5eb2ce0f203a84553853667ae69ca29ce,0.139717600698197940
"2025-02-12 00:00:00",1-0xd3c29550d12a5234e6aeb5aea7c841134cd6ddd5,0.142530895054960200
"2025-02-13 00:00:00",1-0xb162b764044697cf03617c2efbcb1f42e31e4766,0.131752892581394000
"2025-02-13 00:00:00",1-0xcdd26eb5eb2ce0f203a84553853667ae69ca29ce,0.141480163447105900
"2025-02-13 00:00:00",1-0xd3c29550d12a5234e6aeb5aea7c841134cd6ddd5,0.143991886920567200
"2025-02-14 00:00:00",1-0xb162b764044697cf03617c2efbcb1f42e31e4766,0.130179150843327650
"2025-02-14 00:00:00",1-0xcdd26eb5eb2ce0f203a84553853667ae69ca29ce,0.142278874647866930
"2025-02-14 00:00:00",1-0xd3c29550d12a5234e6aeb5aea7c841134cd6ddd5,0.152363837464650760
"2025-02-15 00:00:00",1-0xb162b764044697cf03617c2efbcb1f42e31e4766,0.129408671701276120
"2025-02-15 00:00:00",1-0xcdd26eb5eb2ce0f203a84553853667ae69ca29ce,0.143281572329362560
"2025-02-15 00:00:00",1-0xd3c29550d12a5234e6aeb5aea7c841134cd6ddd5,0.148809256940399600
"2025-02-16 00:00:00",1-0xb162b764044697cf03617c2efbcb1f42e31e4766,0.135575924373597000
"2025-02-16 00:00:00",1-0xcdd26eb5eb2ce0f203a84553853667ae69ca29ce,0.140737135098774060
"2025-02-16 00:00:00",1-0xd3c29550d12a5234e6aeb5aea7c841134cd6ddd5,0.142568433020008320
"2025-02-17 00:00:00",1-0xb162b764044697cf03617c2efbcb1f42e31e4766,0.135875013367864120
"2025-02-17 00:00:00",1-0xcdd26eb5eb2ce0f203a84553853667ae69ca29ce,0.137733287098830810
"2025-02-17 00:00:00",1-0xd3c29550d12a5234e6aeb5aea7c841134cd6ddd5,0.131140044633806240
"2025-02-18 00:00:00",1-0xb162b764044697cf03617c2efbcb1f42e31e4766,0.131313533139145950
"2025-02-18 00:00:00",1-0xcdd26eb5eb2ce0f203a84553853667ae69ca29ce,0.139199318960352430
"2025-02-18 00:00:00",1-0xd3c29550d12a5234e6aeb5aea7c841134cd6ddd5,0.134853098365671720
"2025-02-19 00:00:00",1-0xb162b764044697cf03617c2efbcb1f42e31e4766,0.129543948934172760
"2025-02-19 00:00:00",1-0xcdd26eb5eb2ce0f203a84553853667ae69ca29ce,0.136814904932381700
"2025-02-19 00:00:00",1-0xd3c29550d12a5234e6aeb5aea7c841134cd6ddd5,0.134406323306157430
"2025-02-20 00:00:00",1-0xb162b764044697cf03617c2efbcb1f42e31e4766,0.126629576519234900
"2025-02-20 00:00:00",1-0xcdd26eb5eb2ce0f203a84553853667ae69ca29ce,0.141868739505736300
"2025-02-20 00:00:00",1-0xd3c29550d12a5234e6aeb5aea7c841134cd6ddd5,0.143190583472124320
"2025-02-21 00:00:00",1-0xb162b764044697cf03617c2efbcb1f42e31e4766,0.125061496540755930
"2025-02-21 00:00:00",1-0xcdd26eb5eb2ce0f203a84553853667ae69ca29ce,0.138916864316461100
"2025-02-21 00:00:00",1-0xd3c29550d12a5234e6aeb5aea7c841134cd6ddd5,0.142045919874199000
"2025-02-22 00:00:00",1-0xb162b764044697cf03617c2efbcb1f42e31e4766,0.143350364525563160
"2025-02-22 00:00:00",1-0xcdd26eb5eb2ce0f203a84553853667ae69ca29ce,0.149367378728406660
"2025-02-22 00:00:00",1-0xd3c29550d12a5234e6aeb5aea7c841134cd6ddd5,0.167812546515156100
"2025-02-23 00:00:00",1-0xb162b764044697cf03617c2efbcb1f42e31e4766,0.140298230219081830
"2025-02-23 00:00:00",1-0xcdd26eb5eb2ce0f203a84553853667ae69ca29ce,0.146590757716339900
"2025-02-23 00:00:00",1-0xd3c29550d12a5234e6aeb5aea7c841134cd6ddd5,0.164730002358265630
"2025-02-24 00:00:00",1-0xb162b764044697cf03617c2efbcb1f42e31e4766,0.138023390793504230
"2025-02-24 00:00:00",1-0xcdd26eb5eb2ce0f203a84553853667ae69ca29ce,0.147761992289382030
"2025-02-24 00:00:00",1-0xd3c29550d12a5234e6aeb5aea7c841134cd6ddd5,0.174546374091553600
"2025-02-25 00:00:00",1-0xb162b764044697cf03617c2efbcb1f42e31e4766,0.138096897223971120
"2025-02-25 00:00:00",1-0xcdd26eb5eb2ce0f203a84553853667ae69ca29ce,0.145128333987320400
"2025-02-25 00:00:00",1-0xd3c29550d12a5234e6aeb5aea7c841134cd6ddd5,0.208087855924163460
"2025-02-26 00:00:00",1-0xb162b764044697cf03617c2efbcb1f42e31e4766,0.139084961024644300
"2025-02-26 00:00:00",1-0xcdd26eb5eb2ce0f203a84553853667ae69ca29ce,0.144037949565008150
"2025-02-26 00:00:00",1-0xd3c29550d12a5234e6aeb5aea7c841134cd6ddd5,0.223502862790599720
"2025-02-27 00:00:00",1-0xb162b764044697cf03617c2efbcb1f42e31e4766,0.135070610868174960
"2025-02-27 00:00:00",1-0xcdd26eb5eb2ce0f203a84553853667ae69ca29ce,0.146972137414293820
"2025-02-28 00:00:00",1-0xb162b764044697cf03617c2efbcb1f42e31e4766,0.123202619630961020
"2025-02-28 00:00:00",1-0xcdd26eb5eb2ce0f203a84553853667ae69ca29ce,0.147219013957649030
"2025-03-01 00:00:00",1-0xb162b764044697cf03617c2efbcb1f42e31e4766,0.127155163896622620
"2025-03-01 00:00:00",1-0xcdd26eb5eb2ce0f203a84553853667ae69ca29ce,0.140847769097449000
"2025-03-02 00:00:00",1-0xb162b764044697cf03617c2efbcb1f42e31e4766,0.123948553355741840
"2025-03-02 00:00:00",1-0xcdd26eb5eb2ce0f203a84553853667ae69ca29ce,0.141682966986884870
"2025-03-03 00:00:00",1-0xb162b764044697cf03617c2efbcb1f42e31e4766,0.133653488095625500
"2025-03-03 00:00:00",1-0xcdd26eb5eb2ce0f203a84553853667ae69ca29ce,0.148188273855144550
"2025-03-04 00:00:00",1-0xb162b764044697cf03617c2efbcb1f42e31e4766,0.126101767115305300
"2025-03-04 00:00:00",1-0xcdd26eb5eb2ce0f203a84553853667ae69ca29ce,0.144662997652143200
"2025-03-05 00:00:00",1-0xb162b764044697cf03617c2efbcb1f42e31e4766,0.125066616592584900
"2025-03-05 00:00:00",1-0xcdd26eb5eb2ce0f203a84553853667ae69ca29ce,0.137840946522956640
"2025-03-06 00:00:00",1-0xb162b764044697cf03617c2efbcb1f42e31e4766,0.121675567644084830
"2025-03-06 00:00:00",1-0xcdd26eb5eb2ce0f203a84553853667ae69ca29ce,0.143110017337188200
"2025-03-07 00:00:00",1-0xb162b764044697cf03617c2efbcb1f42e31e4766,0.116707175903249860
"2025-03-07 00:00:00",1-0xcdd26eb5eb2ce0f203a84553853667ae69ca29ce,0.140081354191174500
"2025-03-08 00:00:00",1-0xb162b764044697cf03617c2efbcb1f42e31e4766,0.108049384868178720
"2025-03-08 00:00:00",1-0xcdd26eb5eb2ce0f203a84553853667ae69ca29ce,0.138938753571284500
"2025-03-09 00:00:00",1-0xb162b764044697cf03617c2efbcb1f42e31e4766,0.105778525949325130
"2025-03-09 00:00:00",1-0xcdd26eb5eb2ce0f203a84553853667ae69ca29ce,0.134100233662166400
"2025-03-10 00:00:00",1-0xb162b764044697cf03617c2efbcb1f42e31e4766,0.108832120076126200
"2025-03-10 00:00:00",1-0xcdd26eb5eb2ce0f203a84553853667ae69ca29ce,0.137035857707698440
"2025-03-11 00:00:00",1-0xb162b764044697cf03617c2efbcb1f42e31e4766,0.118144675575170280
"2025-03-11 00:00:00",1-0xcdd26eb5eb2ce0f203a84553853667ae69ca29ce,0.133987268495041170
"2025-03-12 00:00:00",1-0xb162b764044697cf03617c2efbcb1f42e31e4766,0.112347479530741760
"2025-03-12 00:00:00",1-0xcdd26eb5eb2ce0f203a84553853667ae69ca29ce,0.133950886736463160
"2025-03-13 00:00:00",1-0xb162b764044697cf03617c2efbcb1f42e31e4766,0.111431157144226130
"2025-03-13 00:00:00",1-0xcdd26eb5eb2ce0f203a84553853667ae69ca29ce,0.125237988246149180
"2025-03-14 00:00:00",1-0xb162b764044697cf03617c2efbcb1f42e31e4766,0.113785751328041580
"2025-03-14 00:00:00",1-0xcdd26eb5eb2ce0f203a84553853667ae69ca29ce,0.119236356532943510
