symbol,Timestamp,Rate,markPrice
BTCUSDT,2023-06-01 00:00:00,2.096e-05,
BTCUSDT,2023-06-01 08:00:00,9.641e-05,
BTCUSDT,2023-06-01 16:00:00,0.0001,
BTCUSDT,2023-06-02 00:00:00,4.77e-05,
BTCUSDT,2023-06-02 08:00:00,9.266e-05,
BTCUSDT,2023-06-02 16:00:00,9.946e-05,
BTCUSDT,2023-06-03 00:00:00,7.42e-05,
BTCUSDT,2023-06-03 08:00:00,0.0001,
BTCUSDT,2023-06-03 16:00:00,5.566e-05,
BTCUSDT,2023-06-04 00:00:00,4.85e-05,
BTCUSDT,2023-06-04 08:00:00,0.0001,
BTCUSDT,2023-06-04 16:00:00,0.0001,
BTCUSDT,2023-06-05 00:00:00,0.0001,
BTCUSDT,2023-06-05 08:00:00,9.538e-05,
BTCUSDT,2023-06-05 16:00:00,7.856e-05,
BTCUSDT,2023-06-06 00:00:00,-7.157e-05,
BTCUSDT,2023-06-06 08:00:00,-3.047e-05,
BTCUSDT,2023-06-06 16:00:00,4.288e-05,
BTCUSDT,2023-06-07 00:00:00,0.0001,
BTCUSDT,2023-06-07 08:00:00,0.0001,
BTCUSDT,2023-06-07 16:00:00,4.005e-05,
BTCUSDT,2023-06-08 00:00:00,5.504e-05,
BTCUSDT,2023-06-08 08:00:00,3.09e-05,
BTCUSDT,2023-06-08 16:00:00,4.011e-05,
BTCUSDT,2023-06-09 00:00:00,6.588e-05,
BTCUSDT,2023-06-09 08:00:00,7.916e-05,
BTCUSDT,2023-06-09 16:00:00,4.404e-05,
BTCUSDT,2023-06-10 00:00:00,8.702e-05,
BTCUSDT,2023-06-10 08:00:00,2.417e-05,
BTCUSDT,2023-06-10 16:00:00,3.854e-05,
BTCUSDT,2023-06-11 00:00:00,4.45e-05,
BTCUSDT,2023-06-11 08:00:00,3.197e-05,
BTCUSDT,2023-06-11 16:00:00,5.925e-05,
BTCUSDT,2023-06-12 00:00:00,8.66e-05,
BTCUSDT,2023-06-12 08:00:00,3.065e-05,
BTCUSDT,2023-06-12 16:00:00,3.624e-05,
BTCUSDT,2023-06-13 00:00:00,0.0001,
BTCUSDT,2023-06-13 08:00:00,6.18e-05,
BTCUSDT,2023-06-13 16:00:00,6.503e-05,
BTCUSDT,2023-06-14 00:00:00,2.438e-05,
BTCUSDT,2023-06-14 08:00:00,2.716e-05,
BTCUSDT,2023-06-14 16:00:00,3.661e-05,
BTCUSDT,2023-06-15 00:00:00,-3.265e-05,
BTCUSDT,2023-06-15 08:00:00,6.193e-05,
BTCUSDT,2023-06-15 16:00:00,6.687e-05,
BTCUSDT,2023-06-16 00:00:00,3.971e-05,
BTCUSDT,2023-06-16 08:00:00,7.81e-06,
BTCUSDT,2023-06-16 16:00:00,2.36e-06,
BTCUSDT,2023-06-17 00:00:00,9.868e-05,
BTCUSDT,2023-06-17 08:00:00,0.0001,
BTCUSDT,2023-06-17 16:00:00,7.543e-05,
BTCUSDT,2023-06-18 00:00:00,3.706e-05,
BTCUSDT,2023-06-18 08:00:00,8.233e-05,
BTCUSDT,2023-06-18 16:00:00,6.705e-05,
BTCUSDT,2023-06-19 00:00:00,7.04e-05,
BTCUSDT,2023-06-19 08:00:00,6.397e-05,
BTCUSDT,2023-06-19 16:00:00,3.69e-05,
BTCUSDT,2023-06-20 00:00:00,4.35e-05,
BTCUSDT,2023-06-20 08:00:00,-4.48e-06,
BTCUSDT,2023-06-20 16:00:00,-2.597e-05,
BTCUSDT,2023-06-21 00:00:00,6.295e-05,
BTCUSDT,2023-06-21 08:00:00,0.0001,
BTCUSDT,2023-06-21 16:00:00,2.551e-05,
BTCUSDT,2023-06-22 00:00:00,0.0001,
BTCUSDT,2023-06-22 08:00:00,0.0001,
BTCUSDT,2023-06-22 16:00:00,9.236e-05,
BTCUSDT,2023-06-23 00:00:00,0.0001,
BTCUSDT,2023-06-23 08:00:00,0.0001,
BTCUSDT,2023-06-23 16:00:00,0.0001,
BTCUSDT,2023-06-24 00:00:00,0.0001,
BTCUSDT,2023-06-24 08:00:00,0.0001,
BTCUSDT,2023-06-24 16:00:00,0.0001,
BTCUSDT,2023-06-25 00:00:00,0.0001,
BTCUSDT,2023-06-25 08:00:00,0.0001,
BTCUSDT,2023-06-25 16:00:00,0.0001,
BTCUSDT,2023-06-26 00:00:00,0.0001,
BTCUSDT,2023-06-26 08:00:00,0.0001,
BTCUSDT,2023-06-26 16:00:00,0.0001,
BTCUSDT,2023-06-27 00:00:00,0.0001,
BTCUSDT,2023-06-27 08:00:00,0.0001,
BTCUSDT,2023-06-27 16:00:00,0.0001,
BTCUSDT,2023-06-28 00:00:00,0.0001,
BTCUSDT,2023-06-28 08:00:00,9.302e-05,
BTCUSDT,2023-06-28 16:00:00,4.598e-05,
BTCUSDT,2023-06-29 00:00:00,6.574e-05,
BTCUSDT,2023-06-29 08:00:00,9.3e-05,
BTCUSDT,2023-06-29 16:00:00,0.0001,
BTCUSDT,2023-06-30 00:00:00,0.0001,
BTCUSDT,2023-06-30 08:00:00,0.0001,
BTCUSDT,2023-06-30 16:00:00,0.0001,
BTCUSDT,2023-07-01 00:00:00,0.0001,
BTCUSDT,2023-07-01 08:00:00,0.0001,
BTCUSDT,2023-07-01 16:00:00,0.0001,
BTCUSDT,2023-07-02 00:00:00,0.0001,
BTCUSDT,2023-07-02 08:00:00,0.0001,
BTCUSDT,2023-07-02 16:00:00,0.0001,
BTCUSDT,2023-07-03 00:00:00,0.0001,
BTCUSDT,2023-07-03 08:00:00,0.0001,
BTCUSDT,2023-07-03 16:00:00,0.0001,
BTCUSDT,2023-07-04 00:00:00,0.0001,
BTCUSDT,2023-07-04 08:00:00,0.0001,
BTCUSDT,2023-07-04 16:00:00,0.0001,
BTCUSDT,2023-07-05 00:00:00,0.0001,
BTCUSDT,2023-07-05 08:00:00,0.0001,
BTCUSDT,2023-07-05 16:00:00,0.0001,
BTCUSDT,2023-07-06 00:00:00,0.0001,
BTCUSDT,2023-07-06 08:00:00,7.72e-05,
BTCUSDT,2023-07-06 16:00:00,1.492e-05,
BTCUSDT,2023-07-07 00:00:00,6.98e-06,
BTCUSDT,2023-07-07 08:00:00,4.221e-05,
BTCUSDT,2023-07-07 16:00:00,-6.58e-06,
BTCUSDT,2023-07-08 00:00:00,3.757e-05,
BTCUSDT,2023-07-08 08:00:00,2.631e-05,
BTCUSDT,2023-07-08 16:00:00,1.686e-05,
BTCUSDT,2023-07-09 00:00:00,5.707e-05,
BTCUSDT,2023-07-09 08:00:00,6.821e-05,
BTCUSDT,2023-07-09 16:00:00,6.153e-05,
BTCUSDT,2023-07-10 00:00:00,-2.182e-05,
BTCUSDT,2023-07-10 08:00:00,4.85e-05,
BTCUSDT,2023-07-10 16:00:00,2.995e-05,
BTCUSDT,2023-07-11 00:00:00,8.01e-05,
BTCUSDT,2023-07-11 08:00:00,8.265e-05,
BTCUSDT,2023-07-11 16:00:00,3.954e-05,
BTCUSDT,2023-07-12 00:00:00,7.041e-05,
BTCUSDT,2023-07-12 08:00:00,6.479e-05,
BTCUSDT,2023-07-12 16:00:00,4.65e-05,
BTCUSDT,2023-07-13 00:00:00,-1.135e-05,
BTCUSDT,2023-07-13 08:00:00,6.12e-05,
BTCUSDT,2023-07-13 16:00:00,5.29e-06,
BTCUSDT,2023-07-14 00:00:00,0.0001,
BTCUSDT,2023-07-14 08:00:00,0.0001,
BTCUSDT,2023-07-14 16:00:00,0.0001,
BTCUSDT,2023-07-15 00:00:00,-7.313e-05,
BTCUSDT,2023-07-15 08:00:00,3.007e-05,
BTCUSDT,2023-07-15 16:00:00,2.984e-05,
BTCUSDT,2023-07-16 00:00:00,1.993e-05,
BTCUSDT,2023-07-16 08:00:00,7.772e-05,
BTCUSDT,2023-07-16 16:00:00,4.583e-05,
BTCUSDT,2023-07-17 00:00:00,2.785e-05,
BTCUSDT,2023-07-17 08:00:00,6.278e-05,
BTCUSDT,2023-07-17 16:00:00,6.261e-05,
BTCUSDT,2023-07-18 00:00:00,3.983e-05,
BTCUSDT,2023-07-18 08:00:00,6.798e-05,
BTCUSDT,2023-07-18 16:00:00,7.477e-05,
BTCUSDT,2023-07-19 00:00:00,0.0001,
BTCUSDT,2023-07-19 08:00:00,5.224e-05,
BTCUSDT,2023-07-19 16:00:00,7.69e-05,
BTCUSDT,2023-07-20 00:00:00,2.652e-05,
BTCUSDT,2023-07-20 08:00:00,9.641e-05,
BTCUSDT,2023-07-20 16:00:00,5.563e-05,
BTCUSDT,2023-07-21 00:00:00,2.877e-05,
BTCUSDT,2023-07-21 08:00:00,7.77e-06,
BTCUSDT,2023-07-21 16:00:00,3.717e-05,
BTCUSDT,2023-07-22 00:00:00,2.195e-05,
BTCUSDT,2023-07-22 08:00:00,9.44e-06,
BTCUSDT,2023-07-22 16:00:00,1.77e-06,
BTCUSDT,2023-07-23 00:00:00,2.908e-05,
BTCUSDT,2023-07-23 08:00:00,0.0001,
BTCUSDT,2023-07-23 16:00:00,9.372e-05,
BTCUSDT,2023-07-24 00:00:00,0.0001,
BTCUSDT,2023-07-24 08:00:00,4.338e-05,
BTCUSDT,2023-07-24 16:00:00,0.0001,
BTCUSDT,2023-07-25 00:00:00,7.702e-05,
BTCUSDT,2023-07-25 08:00:00,6.913e-05,
BTCUSDT,2023-07-25 16:00:00,9.465e-05,
BTCUSDT,2023-07-26 00:00:00,9.451e-05,
BTCUSDT,2023-07-26 08:00:00,0.0001,
BTCUSDT,2023-07-26 16:00:00,5.768e-05,
BTCUSDT,2023-07-27 00:00:00,3.136e-05,
BTCUSDT,2023-07-27 08:00:00,3.83e-05,
BTCUSDT,2023-07-27 16:00:00,2.876e-05,
BTCUSDT,2023-07-28 00:00:00,4.373e-05,
BTCUSDT,2023-07-28 08:00:00,6.675e-05,
BTCUSDT,2023-07-28 16:00:00,0.0001,
BTCUSDT,2023-07-29 00:00:00,0.0001,
BTCUSDT,2023-07-29 08:00:00,4.567e-05,
BTCUSDT,2023-07-29 16:00:00,7.53e-05,
BTCUSDT,2023-07-30 00:00:00,8.151e-05,
BTCUSDT,2023-07-30 08:00:00,5.56e-05,
BTCUSDT,2023-07-30 16:00:00,4.357e-05,
BTCUSDT,2023-07-31 00:00:00,2.369e-05,
BTCUSDT,2023-07-31 08:00:00,7.362e-05,
BTCUSDT,2023-07-31 16:00:00,8.239e-05,
BTCUSDT,2023-08-01 00:00:00,6.3e-05,
BTCUSDT,2023-08-01 08:00:00,6.768e-05,
BTCUSDT,2023-08-01 16:00:00,0.0001,
BTCUSDT,2023-08-02 00:00:00,0.0001,
BTCUSDT,2023-08-02 08:00:00,0.0001,
BTCUSDT,2023-08-02 16:00:00,0.0001,
BTCUSDT,2023-08-03 00:00:00,0.0001,
BTCUSDT,2023-08-03 08:00:00,0.0001,
BTCUSDT,2023-08-03 16:00:00,0.0001,
BTCUSDT,2023-08-04 00:00:00,8.116e-05,
BTCUSDT,2023-08-04 08:00:00,0.0001,
BTCUSDT,2023-08-04 16:00:00,0.0001,
BTCUSDT,2023-08-05 00:00:00,4.181e-05,
BTCUSDT,2023-08-05 08:00:00,0.0001,
BTCUSDT,2023-08-05 16:00:00,0.0001,
BTCUSDT,2023-08-06 00:00:00,0.0001,
BTCUSDT,2023-08-06 08:00:00,0.0001,
BTCUSDT,2023-08-06 16:00:00,0.0001,
BTCUSDT,2023-08-07 00:00:00,0.0001,
BTCUSDT,2023-08-07 08:00:00,7.669e-05,
BTCUSDT,2023-08-07 16:00:00,0.0001,
BTCUSDT,2023-08-08 00:00:00,0.0001,
BTCUSDT,2023-08-08 08:00:00,9.136e-05,
BTCUSDT,2023-08-08 16:00:00,5.944e-05,
BTCUSDT,2023-08-09 00:00:00,8.11e-05,
BTCUSDT,2023-08-09 08:00:00,9.527e-05,
BTCUSDT,2023-08-09 16:00:00,8.877e-05,
BTCUSDT,2023-08-10 00:00:00,0.0001,
BTCUSDT,2023-08-10 08:00:00,0.0001,
BTCUSDT,2023-08-10 16:00:00,8.277e-05,
BTCUSDT,2023-08-11 00:00:00,0.0001,
BTCUSDT,2023-08-11 08:00:00,0.0001,
BTCUSDT,2023-08-11 16:00:00,7.123e-05,
BTCUSDT,2023-08-12 00:00:00,0.0001,
BTCUSDT,2023-08-12 08:00:00,0.0001,
BTCUSDT,2023-08-12 16:00:00,9.305e-05,
BTCUSDT,2023-08-13 00:00:00,0.0001,
BTCUSDT,2023-08-13 08:00:00,4.637e-05,
BTCUSDT,2023-08-13 16:00:00,0.0001,
BTCUSDT,2023-08-14 00:00:00,0.0001,
BTCUSDT,2023-08-14 08:00:00,0.0001,
BTCUSDT,2023-08-14 16:00:00,0.0001,
BTCUSDT,2023-08-15 00:00:00,0.0001,
BTCUSDT,2023-08-15 08:00:00,0.0001,
BTCUSDT,2023-08-15 16:00:00,0.0001,
BTCUSDT,2023-08-16 00:00:00,0.0001,
BTCUSDT,2023-08-16 08:00:00,0.0001,
BTCUSDT,2023-08-16 16:00:00,0.0001,
BTCUSDT,2023-08-17 00:00:00,0.0001,
BTCUSDT,2023-08-17 08:00:00,0.0001,
BTCUSDT,2023-08-17 16:00:00,0.0001,
BTCUSDT,2023-08-18 00:00:00,0.0001,
BTCUSDT,2023-08-18 08:00:00,-4.6e-07,
BTCUSDT,2023-08-18 16:00:00,5.166e-05,
BTCUSDT,2023-08-19 00:00:00,-2.74e-06,
BTCUSDT,2023-08-19 08:00:00,-3.22e-06,
BTCUSDT,2023-08-19 16:00:00,-5.286e-05,
BTCUSDT,2023-08-20 00:00:00,-3.069e-05,
BTCUSDT,2023-08-20 08:00:00,-4.364e-05,
BTCUSDT,2023-08-20 16:00:00,-1.93e-06,
BTCUSDT,2023-08-21 00:00:00,-2.797e-05,
BTCUSDT,2023-08-21 08:00:00,8.16e-06,
BTCUSDT,2023-08-21 16:00:00,-1.619e-05,
BTCUSDT,2023-08-22 00:00:00,-3.08e-06,
BTCUSDT,2023-08-22 08:00:00,-1.928e-05,
BTCUSDT,2023-08-22 16:00:00,3.048e-05,
BTCUSDT,2023-08-23 00:00:00,7.39e-06,
BTCUSDT,2023-08-23 08:00:00,-1.02e-05,
BTCUSDT,2023-08-23 16:00:00,3.247e-05,
BTCUSDT,2023-08-24 00:00:00,-2.822e-05,
BTCUSDT,2023-08-24 08:00:00,2.506e-05,
BTCUSDT,2023-08-24 16:00:00,4.9e-05,
BTCUSDT,2023-08-25 00:00:00,-6.59e-06,
BTCUSDT,2023-08-25 08:00:00,2.802e-05,
BTCUSDT,2023-08-25 16:00:00,5.218e-05,
BTCUSDT,2023-08-26 00:00:00,3.82e-05,
BTCUSDT,2023-08-26 08:00:00,5.334e-05,
BTCUSDT,2023-08-26 16:00:00,2.096e-05,
BTCUSDT,2023-08-27 00:00:00,9.9e-07,
BTCUSDT,2023-08-27 08:00:00,3.976e-05,
BTCUSDT,2023-08-27 16:00:00,1.232e-05,
BTCUSDT,2023-08-28 00:00:00,-3.95e-06,
BTCUSDT,2023-08-28 08:00:00,4.424e-05,
BTCUSDT,2023-08-28 16:00:00,4.524e-05,
BTCUSDT,2023-08-29 00:00:00,8.24e-06,
BTCUSDT,2023-08-29 08:00:00,3.769e-05,
BTCUSDT,2023-08-29 16:00:00,-0.00010934,
BTCUSDT,2023-08-30 00:00:00,4.868e-05,
BTCUSDT,2023-08-30 08:00:00,5.731e-05,
BTCUSDT,2023-08-30 16:00:00,3.944e-05,
BTCUSDT,2023-08-31 00:00:00,2.909e-05,
BTCUSDT,2023-08-31 08:00:00,6.859e-05,
BTCUSDT,2023-08-31 16:00:00,8.105e-05,
BTCUSDT,2023-09-01 00:00:00,2.583e-05,
BTCUSDT,2023-09-01 08:00:00,5.968e-05,
BTCUSDT,2023-09-01 16:00:00,6.254e-05,
BTCUSDT,2023-09-02 00:00:00,4.998e-05,
BTCUSDT,2023-09-02 08:00:00,1.937e-05,
BTCUSDT,2023-09-02 16:00:00,-2.018e-05,
BTCUSDT,2023-09-03 00:00:00,4.839e-05,
BTCUSDT,2023-09-03 08:00:00,2.35e-06,
BTCUSDT,2023-09-03 16:00:00,2.89e-05,
BTCUSDT,2023-09-04 00:00:00,2.69e-05,
BTCUSDT,2023-09-04 08:00:00,1.469e-05,
BTCUSDT,2023-09-04 16:00:00,-1.059e-05,
BTCUSDT,2023-09-05 00:00:00,5.3e-07,
BTCUSDT,2023-09-05 08:00:00,1.975e-05,
BTCUSDT,2023-09-05 16:00:00,3.366e-05,
BTCUSDT,2023-09-06 00:00:00,1.737e-05,
BTCUSDT,2023-09-06 08:00:00,-2.763e-05,
BTCUSDT,2023-09-06 16:00:00,2.135e-05,
BTCUSDT,2023-09-07 00:00:00,3.83e-05,
BTCUSDT,2023-09-07 08:00:00,3.883e-05,
BTCUSDT,2023-09-07 16:00:00,6.924e-05,
BTCUSDT,2023-09-08 00:00:00,-1.525e-05,
BTCUSDT,2023-09-08 08:00:00,5.12e-06,
BTCUSDT,2023-09-08 16:00:00,-1.691e-05,
BTCUSDT,2023-09-09 00:00:00,-5.057e-05,
BTCUSDT,2023-09-09 08:00:00,-3.77e-06,
BTCUSDT,2023-09-09 16:00:00,1.423e-05,
BTCUSDT,2023-09-10 00:00:00,-7.3e-07,
BTCUSDT,2023-09-10 08:00:00,3.294e-05,
BTCUSDT,2023-09-10 16:00:00,2.609e-05,
BTCUSDT,2023-09-11 00:00:00,-3e-06,
BTCUSDT,2023-09-11 08:00:00,1.823e-05,
BTCUSDT,2023-09-11 16:00:00,1.838e-05,
BTCUSDT,2023-09-12 00:00:00,2.73e-05,
BTCUSDT,2023-09-12 08:00:00,5.425e-05,
BTCUSDT,2023-09-12 16:00:00,-3.502e-05,
BTCUSDT,2023-09-13 00:00:00,2.342e-05,
BTCUSDT,2023-09-13 08:00:00,1.26e-05,
BTCUSDT,2023-09-13 16:00:00,3.099e-05,
BTCUSDT,2023-09-14 00:00:00,4.61e-06,
BTCUSDT,2023-09-14 08:00:00,3.428e-05,
BTCUSDT,2023-09-14 16:00:00,-4.748e-05,
BTCUSDT,2023-09-15 00:00:00,-2.641e-05,
BTCUSDT,2023-09-15 08:00:00,-7.61e-06,
BTCUSDT,2023-09-15 16:00:00,7.561e-05,
BTCUSDT,2023-09-16 00:00:00,-1.381e-05,
BTCUSDT,2023-09-16 08:00:00,-4.32e-05,
BTCUSDT,2023-09-16 16:00:00,-3.161e-05,
BTCUSDT,2023-09-17 00:00:00,8.97e-06,
BTCUSDT,2023-09-17 08:00:00,1.142e-05,
BTCUSDT,2023-09-17 16:00:00,6.49e-06,
BTCUSDT,2023-09-18 00:00:00,-5.08e-06,
BTCUSDT,2023-09-18 08:00:00,5.79e-06,
BTCUSDT,2023-09-18 16:00:00,-6.774e-05,
BTCUSDT,2023-09-19 00:00:00,2.468e-05,
BTCUSDT,2023-09-19 08:00:00,-1.972e-05,
BTCUSDT,2023-09-19 16:00:00,-1.756e-05,
BTCUSDT,2023-09-20 00:00:00,-2.614e-05,
BTCUSDT,2023-09-20 08:00:00,-3.777e-05,
BTCUSDT,2023-09-20 16:00:00,-9.91e-06,
BTCUSDT,2023-09-21 00:00:00,-2.9e-07,
BTCUSDT,2023-09-21 08:00:00,4.303e-05,
BTCUSDT,2023-09-21 16:00:00,7.429e-05,
BTCUSDT,2023-09-22 00:00:00,-6.2e-07,
BTCUSDT,2023-09-22 08:00:00,1.034e-05,
BTCUSDT,2023-09-22 16:00:00,2.136e-05,
BTCUSDT,2023-09-23 00:00:00,6.676e-05,
BTCUSDT,2023-09-23 08:00:00,1.556e-05,
BTCUSDT,2023-09-23 16:00:00,2.09e-06,
BTCUSDT,2023-09-24 00:00:00,-1.392e-05,
BTCUSDT,2023-09-24 08:00:00,4.721e-05,
BTCUSDT,2023-09-24 16:00:00,2.887e-05,
BTCUSDT,2023-09-25 00:00:00,-1.26e-05,
BTCUSDT,2023-09-25 08:00:00,8.565e-05,
BTCUSDT,2023-09-25 16:00:00,4.792e-05,
BTCUSDT,2023-09-26 00:00:00,-3.91e-05,
BTCUSDT,2023-09-26 08:00:00,-1.215e-05,
BTCUSDT,2023-09-26 16:00:00,5.626e-05,
BTCUSDT,2023-09-27 00:00:00,9.944e-05,
BTCUSDT,2023-09-27 08:00:00,3.378e-05,
BTCUSDT,2023-09-27 16:00:00,2.074e-05,
BTCUSDT,2023-09-28 00:00:00,6.74e-06,
BTCUSDT,2023-09-28 08:00:00,-1.581e-05,
BTCUSDT,2023-09-28 16:00:00,-4.732e-05,
BTCUSDT,2023-09-29 00:00:00,-3.894e-05,
BTCUSDT,2023-09-29 08:00:00,-2.567e-05,
BTCUSDT,2023-09-29 16:00:00,4.76e-06,
BTCUSDT,2023-09-30 00:00:00,6.43e-06,
BTCUSDT,2023-09-30 08:00:00,1.864e-05,
BTCUSDT,2023-09-30 16:00:00,1.525e-05,
BTCUSDT,2023-10-01 00:00:00,2.95e-06,
BTCUSDT,2023-10-01 08:00:00,-6.19e-06,
BTCUSDT,2023-10-01 16:00:00,-2.263e-05,
BTCUSDT,2023-10-02 00:00:00,5.831e-05,
BTCUSDT,2023-10-02 08:00:00,7.28e-06,
BTCUSDT,2023-10-02 16:00:00,-1.477e-05,
BTCUSDT,2023-10-03 00:00:00,4.172e-05,
BTCUSDT,2023-10-03 08:00:00,1.667e-05,
BTCUSDT,2023-10-03 16:00:00,2.5e-05,
BTCUSDT,2023-10-04 00:00:00,6.031e-05,
BTCUSDT,2023-10-04 08:00:00,6.2e-05,
BTCUSDT,2023-10-04 16:00:00,-2.857e-05,
BTCUSDT,2023-10-05 00:00:00,-3.807e-05,
BTCUSDT,2023-10-05 08:00:00,-4.268e-05,
BTCUSDT,2023-10-05 16:00:00,-2.302e-05,
BTCUSDT,2023-10-06 00:00:00,-1.106e-05,
BTCUSDT,2023-10-06 08:00:00,1.436e-05,
BTCUSDT,2023-10-06 16:00:00,-3.149e-05,
BTCUSDT,2023-10-07 00:00:00,2.124e-05,
BTCUSDT,2023-10-07 08:00:00,2.849e-05,
BTCUSDT,2023-10-07 16:00:00,2.083e-05,
BTCUSDT,2023-10-08 00:00:00,3.14e-06,
BTCUSDT,2023-10-08 08:00:00,9.74e-06,
BTCUSDT,2023-10-08 16:00:00,5.163e-05,
BTCUSDT,2023-10-09 00:00:00,3.992e-05,
BTCUSDT,2023-10-09 08:00:00,3.515e-05,
BTCUSDT,2023-10-09 16:00:00,7.838e-05,
BTCUSDT,2023-10-10 00:00:00,6.349e-05,
BTCUSDT,2023-10-10 08:00:00,1.894e-05,
BTCUSDT,2023-10-10 16:00:00,4.548e-05,
BTCUSDT,2023-10-11 00:00:00,5.918e-05,
BTCUSDT,2023-10-11 08:00:00,8.33e-05,
BTCUSDT,2023-10-11 16:00:00,6.319e-05,
BTCUSDT,2023-10-12 00:00:00,0.0001,
BTCUSDT,2023-10-12 08:00:00,2.661e-05,
BTCUSDT,2023-10-12 16:00:00,7.304e-05,
BTCUSDT,2023-10-13 00:00:00,2.294e-05,
BTCUSDT,2023-10-13 08:00:00,2.039e-05,
BTCUSDT,2023-10-13 16:00:00,2.326e-05,
BTCUSDT,2023-10-14 00:00:00,1.05e-06,
BTCUSDT,2023-10-14 08:00:00,2.211e-05,
BTCUSDT,2023-10-14 16:00:00,2.456e-05,
BTCUSDT,2023-10-15 00:00:00,-1.509e-05,
BTCUSDT,2023-10-15 08:00:00,4.292e-05,
BTCUSDT,2023-10-15 16:00:00,2.224e-05,
BTCUSDT,2023-10-16 00:00:00,5.11e-06,
BTCUSDT,2023-10-16 08:00:00,2.8e-07,
BTCUSDT,2023-10-16 16:00:00,9.644e-05,
BTCUSDT,2023-10-17 00:00:00,2.04e-06,
BTCUSDT,2023-10-17 08:00:00,1.493e-05,
BTCUSDT,2023-10-17 16:00:00,-2.311e-05,
BTCUSDT,2023-10-18 00:00:00,-3.343e-05,
BTCUSDT,2023-10-18 08:00:00,-1.216e-05,
BTCUSDT,2023-10-18 16:00:00,1.644e-05,
BTCUSDT,2023-10-19 00:00:00,-1.028e-05,
BTCUSDT,2023-10-19 08:00:00,-6.24e-06,
BTCUSDT,2023-10-19 16:00:00,-0.00011006,
BTCUSDT,2023-10-20 00:00:00,-9.272e-05,
BTCUSDT,2023-10-20 08:00:00,1.938e-05,
BTCUSDT,2023-10-20 16:00:00,2.687e-05,
BTCUSDT,2023-10-21 00:00:00,-1.585e-05,
BTCUSDT,2023-10-21 08:00:00,4.374e-05,
BTCUSDT,2023-10-21 16:00:00,5.827e-05,
BTCUSDT,2023-10-22 00:00:00,2.567e-05,
BTCUSDT,2023-10-22 08:00:00,2.579e-05,
BTCUSDT,2023-10-22 16:00:00,3.115e-05,
BTCUSDT,2023-10-23 00:00:00,8.25e-05,
BTCUSDT,2023-10-23 08:00:00,9.59e-05,
BTCUSDT,2023-10-23 16:00:00,6.48e-06,
BTCUSDT,2023-10-24 00:00:00,0.0001,
BTCUSDT,2023-10-24 08:00:00,0.0001,
BTCUSDT,2023-10-24 16:00:00,0.0001,
BTCUSDT,2023-10-25 00:00:00,0.0001,
BTCUSDT,2023-10-25 08:00:00,0.0001,
BTCUSDT,2023-10-25 16:00:00,0.0001,
BTCUSDT,2023-10-26 00:00:00,0.0001,
BTCUSDT,2023-10-26 08:00:00,0.0001,
BTCUSDT,2023-10-26 16:00:00,0.0001,
BTCUSDT,2023-10-27 00:00:00,0.0001,
BTCUSDT,2023-10-27 08:00:00,0.0001,
BTCUSDT,2023-10-27 16:00:00,0.0001,
BTCUSDT,2023-10-28 00:00:00,0.0001,
BTCUSDT,2023-10-28 08:00:00,0.0001,
BTCUSDT,2023-10-28 16:00:00,0.0001,
BTCUSDT,2023-10-29 00:00:00,0.0001,
BTCUSDT,2023-10-29 08:00:00,0.0001,
BTCUSDT,2023-10-29 16:00:00,0.0001,
BTCUSDT,2023-10-30 00:00:00,0.0001,
BTCUSDT,2023-10-30 08:00:00,0.0001,
BTCUSDT,2023-10-30 16:00:00,0.0001,
BTCUSDT,2023-10-31 00:00:00,0.0001,
BTCUSDT,2023-10-31 08:00:00,0.0001,34149.46365245
BTCUSDT,2023-10-31 16:00:00,0.0001,34287.54619963
BTCUSDT,2023-11-01 00:00:00,0.0001,34651.40000000
BTCUSDT,2023-11-01 08:00:00,0.0001,34462.70000000
BTCUSDT,2023-11-01 16:00:00,0.0001,34297.00000000
BTCUSDT,2023-11-02 00:00:00,0.0001,35437.50000000
BTCUSDT,2023-11-02 08:00:00,0.0001,35280.70000000
BTCUSDT,2023-11-02 16:00:00,0.0001,34642.61247985
BTCUSDT,2023-11-03 00:00:00,0.0001,34937.66351648
BTCUSDT,2023-11-03 08:00:00,0.0001,34469.05403297
BTCUSDT,2023-11-03 16:00:00,0.0001,34760.80585567
BTCUSDT,2023-11-04 00:00:00,0.0001,34702.10537801
BTCUSDT,2023-11-04 08:00:00,0.0001,34759.10000000
BTCUSDT,2023-11-04 16:00:00,0.0001,34709.63381443
BTCUSDT,2023-11-05 00:00:00,0.0001,35070.25307143
BTCUSDT,2023-11-05 08:00:00,0.0001,35175.40000000
BTCUSDT,2023-11-05 16:00:00,0.0001,34893.90000000
BTCUSDT,2023-11-06 00:00:00,0.0001,35025.50000000
BTCUSDT,2023-11-06 08:00:00,0.0001,34918.50000000
BTCUSDT,2023-11-06 16:00:00,0.0001,35085.27989377
BTCUSDT,2023-11-07 00:00:00,0.0001,35056.66628082
BTCUSDT,2023-11-07 08:00:00,0.0001,34947.30000000
BTCUSDT,2023-11-07 16:00:00,0.0001,34726.93986667
BTCUSDT,2023-11-08 00:00:00,0.0001,35407.40000000
BTCUSDT,2023-11-08 08:00:00,0.0001,35239.50000000
BTCUSDT,2023-11-08 16:00:00,0.0001,35231.30000000
BTCUSDT,2023-11-09 00:00:00,0.0001,35630.54451373
BTCUSDT,2023-11-09 08:00:00,0.0001,36552.00000000
BTCUSDT,2023-11-09 16:00:00,0.00020027,37133.04096275
BTCUSDT,2023-11-10 00:00:00,0.0001,36713.69408039
BTCUSDT,2023-11-10 08:00:00,0.00011682,36477.27099789
BTCUSDT,2023-11-10 16:00:00,0.0001,37092.50000000
BTCUSDT,2023-11-11 00:00:00,0.0001,37326.19194118
BTCUSDT,2023-11-11 08:00:00,0.00016607,37030.40000000
BTCUSDT,2023-11-11 16:00:00,0.00014648,37070.40000000
BTCUSDT,2023-11-12 00:00:00,0.0001543,37162.00000000
BTCUSDT,2023-11-12 08:00:00,0.00023487,37154.10000000
BTCUSDT,2023-11-12 16:00:00,0.00027221,37178.20000000
BTCUSDT,2023-11-13 00:00:00,0.00032467,37086.11364510
BTCUSDT,2023-11-13 08:00:00,0.00010893,36982.50000000
BTCUSDT,2023-11-13 16:00:00,0.00020492,36869.75723137
BTCUSDT,2023-11-14 00:00:00,0.00017382,36484.23073840
BTCUSDT,2023-11-14 08:00:00,0.00016369,36705.50000000
BTCUSDT,2023-11-14 16:00:00,0.00014477,36162.79747255
BTCUSDT,2023-11-15 00:00:00,0.0001,35560.60000000
BTCUSDT,2023-11-15 08:00:00,0.0001,35596.70000000
BTCUSDT,2023-11-15 16:00:00,0.0001,36415.64025773
BTCUSDT,2023-11-16 00:00:00,0.0001,37885.71403952
BTCUSDT,2023-11-16 08:00:00,0.00015199,37460.60000000
BTCUSDT,2023-11-16 16:00:00,0.00012014,36420.00000000
BTCUSDT,2023-11-17 00:00:00,0.0001,36172.50061684
BTCUSDT,2023-11-17 08:00:00,0.0001,36248.93589863
BTCUSDT,2023-11-17 16:00:00,0.0001,36059.00000000
BTCUSDT,2023-11-18 00:00:00,0.0001,36622.00000000
BTCUSDT,2023-11-18 08:00:00,0.0001,36424.88688316
BTCUSDT,2023-11-18 16:00:00,0.0001,36671.96767869
BTCUSDT,2023-11-19 00:00:00,0.0001,36575.50541573
BTCUSDT,2023-11-19 08:00:00,0.0001,36618.89655326
BTCUSDT,2023-11-19 16:00:00,0.0001,36575.10000000
BTCUSDT,2023-11-20 00:00:00,0.0001,37375.80000000
BTCUSDT,2023-11-20 08:00:00,0.0001,37259.90000000
BTCUSDT,2023-11-20 16:00:00,0.0001,37476.60000000
BTCUSDT,2023-11-21 00:00:00,0.0001,37465.47965292
BTCUSDT,2023-11-21 08:00:00,0.0001,37290.96343471
BTCUSDT,2023-11-21 16:00:00,0.0001,36978.81670103
BTCUSDT,2023-11-22 00:00:00,0.0001,35745.39198625
BTCUSDT,2023-11-22 08:00:00,0.0001,36435.97590206
BTCUSDT,2023-11-22 16:00:00,0.0001,36480.85577320
BTCUSDT,2023-11-23 00:00:00,0.0001,37411.23448797
BTCUSDT,2023-11-23 08:00:00,0.0001,37378.50000000
BTCUSDT,2023-11-23 16:00:00,0.0001,36954.00000000
BTCUSDT,2023-11-24 00:00:00,0.0001,37294.40000000
BTCUSDT,2023-11-24 08:00:00,0.0001,37530.00000000
BTCUSDT,2023-11-24 16:00:00,0.0001,38221.90000000
BTCUSDT,2023-11-25 00:00:00,0.0001,37706.30000000
BTCUSDT,2023-11-25 08:00:00,0.0001,37795.15536082
BTCUSDT,2023-11-25 16:00:00,0.0001,37696.51395533
BTCUSDT,2023-11-26 00:00:00,0.0001,37766.63934748
BTCUSDT,2023-11-26 08:00:00,0.0001,37774.46133566
BTCUSDT,2023-11-26 16:00:00,0.0001,37422.79969759
BTCUSDT,2023-11-27 00:00:00,0.0001,37438.00000000
BTCUSDT,2023-11-27 08:00:00,0.0001,37277.03877148
BTCUSDT,2023-11-27 16:00:00,0.0001,36744.68396735
BTCUSDT,2023-11-28 00:00:00,0.0001,37234.30000000
BTCUSDT,2023-11-28 08:00:00,0.0001,37088.60000000
BTCUSDT,2023-11-28 16:00:00,0.0001,37502.20000000
BTCUSDT,2023-11-29 00:00:00,0.0001,37812.00000000
BTCUSDT,2023-11-29 08:00:00,0.0001,38095.42608247
BTCUSDT,2023-11-29 16:00:00,0.0001,37817.50000000
BTCUSDT,2023-11-30 00:00:00,0.0001,37841.92721631
BTCUSDT,2023-11-30 08:00:00,0.0001,37782.30000355
BTCUSDT,2023-11-30 16:00:00,0.0001,37609.20000000
BTCUSDT,2023-12-01 00:00:00,0.0001,37716.80000000
BTCUSDT,2023-12-01 08:00:00,0.0001,38242.08488652
BTCUSDT,2023-12-01 16:00:00,0.0001,38401.40000000
BTCUSDT,2023-12-02 00:00:00,9.95e-05,38661.09287589
BTCUSDT,2023-12-02 08:00:00,6.973e-05,38684.00000000
BTCUSDT,2023-12-02 16:00:00,8.541e-05,38794.48514894
BTCUSDT,2023-12-03 00:00:00,0.0001,39438.73455824
BTCUSDT,2023-12-03 08:00:00,0.0001,39474.00000000
BTCUSDT,2023-12-03 16:00:00,0.0001,39758.35522727
BTCUSDT,2023-12-04 00:00:00,0.0001,39978.96550379
BTCUSDT,2023-12-04 08:00:00,0.0001,41466.20294697
BTCUSDT,2023-12-04 16:00:00,0.0001,41275.50000000
BTCUSDT,2023-12-05 00:00:00,0.0001,41993.00000000
BTCUSDT,2023-12-05 08:00:00,0.0001,41531.22250355
BTCUSDT,2023-12-05 16:00:00,0.0001,42265.96340426
BTCUSDT,2023-12-06 00:00:00,0.0001,44078.62530142
BTCUSDT,2023-12-06 08:00:00,0.0001,43697.00000000
BTCUSDT,2023-12-06 16:00:00,0.0001,43795.30000000
BTCUSDT,2023-12-07 00:00:00,0.0001,43772.20000000
BTCUSDT,2023-12-07 08:00:00,0.0001,43896.71856988
BTCUSDT,2023-12-07 16:00:00,0.0001,43671.48801418
BTCUSDT,2023-12-08 00:00:00,0.0001,43296.00000000
BTCUSDT,2023-12-08 08:00:00,0.00023288,43184.90000000
BTCUSDT,2023-12-08 16:00:00,0.00020242,43778.50000000
BTCUSDT,2023-12-09 00:00:00,0.00011504,44209.60000000
BTCUSDT,2023-12-09 08:00:00,0.00030159,44220.60000000
BTCUSDT,2023-12-09 16:00:00,0.00017192,44085.17238370
BTCUSDT,2023-12-10 00:00:00,0.00020724,43734.30000000
BTCUSDT,2023-12-10 08:00:00,0.00020383,43995.90000000
BTCUSDT,2023-12-10 16:00:00,0.00023923,43940.82247727
BTCUSDT,2023-12-11 00:00:00,0.0001473,43810.00000000
BTCUSDT,2023-12-11 08:00:00,0.0001,42134.13747163
BTCUSDT,2023-12-11 16:00:00,0.0001,41824.60000000
BTCUSDT,2023-12-12 00:00:00,0.0001,41271.00000000
BTCUSDT,2023-12-12 08:00:00,0.0001,41930.00000000
BTCUSDT,2023-12-12 16:00:00,0.0001,41373.74558712
BTCUSDT,2023-12-13 00:00:00,0.00011909,41505.95203546
BTCUSDT,2023-12-13 08:00:00,0.00010162,41141.22059929
BTCUSDT,2023-12-13 16:00:00,0.00012601,41953.70580496
BTCUSDT,2023-12-14 00:00:00,0.0001,42874.90000000
BTCUSDT,2023-12-14 08:00:00,0.0001,42909.64841135
BTCUSDT,2023-12-14 16:00:00,0.0001,42458.70000000
BTCUSDT,2023-12-15 00:00:00,0.0001,43030.02054255
BTCUSDT,2023-12-15 08:00:00,0.0001,42721.73764894
BTCUSDT,2023-12-15 16:00:00,0.0001,41930.40000000
BTCUSDT,2023-12-16 00:00:00,0.0001,41963.01760993
BTCUSDT,2023-12-16 08:00:00,0.0001,42242.59387667
BTCUSDT,2023-12-16 16:00:00,0.0001,42608.84540426
BTCUSDT,2023-12-17 00:00:00,0.0001,42287.40000000
BTCUSDT,2023-12-17 08:00:00,0.0001,41894.50000000
BTCUSDT,2023-12-17 16:00:00,0.0001,41828.40000000
BTCUSDT,2023-12-18 00:00:00,0.00013355,41390.59169858
BTCUSDT,2023-12-18 08:00:00,0.0001,41153.28794086
BTCUSDT,2023-12-18 16:00:00,0.00015611,41284.67062411
BTCUSDT,2023-12-19 00:00:00,0.0001,42672.42150355
BTCUSDT,2023-12-19 08:00:00,0.0001,43060.98013830
BTCUSDT,2023-12-19 16:00:00,0.0001,42512.90000000
BTCUSDT,2023-12-20 00:00:00,0.00010506,42296.25497656
BTCUSDT,2023-12-20 08:00:00,0.0001,42950.00000000
BTCUSDT,2023-12-20 16:00:00,0.00023637,44072.24884043
BTCUSDT,2023-12-21 00:00:00,0.00027143,43698.37531584
BTCUSDT,2023-12-21 08:00:00,0.00029216,43794.80000000
BTCUSDT,2023-12-21 16:00:00,0.00028948,43850.89671986
BTCUSDT,2023-12-22 00:00:00,0.00030806,43896.30000000
BTCUSDT,2023-12-22 08:00:00,0.0002961,43614.10000000
BTCUSDT,2023-12-22 16:00:00,0.00018011,43697.08803191
BTCUSDT,2023-12-23 00:00:00,0.00016285,43998.57061702
BTCUSDT,2023-12-23 08:00:00,0.0001,43579.46053070
BTCUSDT,2023-12-23 16:00:00,0.00015066,43779.60935461
BTCUSDT,2023-12-24 00:00:00,0.0001,43725.20000000
BTCUSDT,2023-12-24 08:00:00,0.0002079,43678.01027288
BTCUSDT,2023-12-24 16:00:00,0.00019729,43707.00000000
BTCUSDT,2023-12-25 00:00:00,0.0001,43008.30000000
BTCUSDT,2023-12-25 08:00:00,0.0001,43232.18695035
BTCUSDT,2023-12-25 16:00:00,0.00037908,43658.66589362
BTCUSDT,2023-12-26 00:00:00,0.00043391,43607.90541195
BTCUSDT,2023-12-26 08:00:00,0.00023757,42798.63478030
BTCUSDT,2023-12-26 16:00:00,0.00029559,42420.47853901
BTCUSDT,2023-12-27 00:00:00,0.00027621,42538.50000000
BTCUSDT,2023-12-27 08:00:00,0.00037942,42495.90000000
BTCUSDT,2023-12-27 16:00:00,0.00032304,43007.90000000
BTCUSDT,2023-12-28 00:00:00,0.00013021,43453.33700000
BTCUSDT,2023-12-28 08:00:00,0.00037879,43085.57530142
BTCUSDT,2023-12-28 16:00:00,0.00050152,42485.17897872
BTCUSDT,2023-12-29 00:00:00,0.0005517,42600.00000000
BTCUSDT,2023-12-29 08:00:00,0.00049912,42309.51908156
BTCUSDT,2023-12-29 16:00:00,0.00047082,42298.78047872
BTCUSDT,2023-12-30 00:00:00,0.00033033,42095.10000000
BTCUSDT,2023-12-30 08:00:00,0.0004358,41979.90116312
BTCUSDT,2023-12-30 16:00:00,0.00037842,42410.40000000
BTCUSDT,2023-12-31 00:00:00,0.00027855,42173.49474823
BTCUSDT,2023-12-31 08:00:00,0.00034573,42564.00000000
BTCUSDT,2023-12-31 16:00:00,0.00033597,42489.70000000
BTCUSDT,2024-01-01 00:00:00,0.00037409,42313.90000000
BTCUSDT,2024-01-01 08:00:00,0.00027213,42525.11019858
BTCUSDT,2024-01-01 16:00:00,0.00033601,42811.29637234
BTCUSDT,2024-01-02 00:00:00,0.00065846,44230.20000000
BTCUSDT,2024-01-02 08:00:00,0.00035179,45494.65069858
BTCUSDT,2024-01-02 16:00:00,0.0005373,45212.27632624
BTCUSDT,2024-01-03 00:00:00,0.00021159,44975.18398936
BTCUSDT,2024-01-03 08:00:00,0.00017123,45030.40000000
BTCUSDT,2024-01-03 16:00:00,0.0001,42995.80000000
BTCUSDT,2024-01-04 00:00:00,0.0001,42849.50000000
BTCUSDT,2024-01-04 08:00:00,0.0001,42774.30000000
BTCUSDT,2024-01-04 16:00:00,0.0001,44048.47574468
BTCUSDT,2024-01-05 00:00:00,0.0001,44147.00000000
BTCUSDT,2024-01-05 08:00:00,0.0001,43772.86349645
BTCUSDT,2024-01-05 16:00:00,0.0001,43495.10000000
BTCUSDT,2024-01-06 00:00:00,0.0001,44143.29000000
BTCUSDT,2024-01-06 08:00:00,0.0001,43651.65376950
BTCUSDT,2024-01-06 16:00:00,0.0001,43863.60000000
BTCUSDT,2024-01-07 00:00:00,0.0001,43968.00030496
BTCUSDT,2024-01-07 08:00:00,0.0001,44071.99074823
BTCUSDT,2024-01-07 16:00:00,0.0001,44037.12014539
BTCUSDT,2024-01-08 00:00:00,0.0001,43909.50000000
BTCUSDT,2024-01-08 08:00:00,0.0001,43970.00000000
BTCUSDT,2024-01-08 16:00:00,0.0001,44964.26529433
BTCUSDT,2024-01-09 00:00:00,0.0001,46972.60000000
BTCUSDT,2024-01-09 08:00:00,0.0001,46838.74650709
BTCUSDT,2024-01-09 16:00:00,0.0001,46872.40000000
BTCUSDT,2024-01-10 00:00:00,0.0001,46114.00000000
BTCUSDT,2024-01-10 08:00:00,0.0001,45766.40000000
BTCUSDT,2024-01-10 16:00:00,0.0001,45570.58561702
BTCUSDT,2024-01-11 00:00:00,0.0001,46657.58933688
BTCUSDT,2024-01-11 08:00:00,0.0001,46096.00527305
BTCUSDT,2024-01-11 16:00:00,0.0001,46789.70540426
BTCUSDT,2024-01-12 00:00:00,0.0001,46341.69723404
BTCUSDT,2024-01-12 08:00:00,0.0001,46008.31871986
BTCUSDT,2024-01-12 16:00:00,0.0001,44492.64061702
BTCUSDT,2024-01-13 00:00:00,0.0001,42789.00000000
BTCUSDT,2024-01-13 08:00:00,0.0001,43102.10000000
BTCUSDT,2024-01-13 16:00:00,0.0001,43159.76276596
BTCUSDT,2024-01-14 00:00:00,0.0001,42847.30638298
BTCUSDT,2024-01-14 08:00:00,0.0001,43011.58925532
BTCUSDT,2024-01-14 16:00:00,0.0001,42908.40000000
BTCUSDT,2024-01-15 00:00:00,0.0001,41739.60000000
BTCUSDT,2024-01-15 08:00:00,0.0001,42716.86510638
BTCUSDT,2024-01-15 16:00:00,0.0001,42278.82404255
BTCUSDT,2024-01-16 00:00:00,0.0001,42519.39276596
BTCUSDT,2024-01-16 08:00:00,0.0001,42785.20319149
BTCUSDT,2024-01-16 16:00:00,0.0001,43252.80000000
BTCUSDT,2024-01-17 00:00:00,0.0001,43140.21576950
BTCUSDT,2024-01-17 08:00:00,0.0001,42657.36403546
BTCUSDT,2024-01-17 16:00:00,0.0001,42480.14668590
BTCUSDT,2024-01-18 00:00:00,0.0001,42781.95793262
BTCUSDT,2024-01-18 08:00:00,0.0001,42915.94085106
BTCUSDT,2024-01-18 16:00:00,0.0001,42618.30000000
BTCUSDT,2024-01-19 00:00:00,0.0001,41312.34723404
BTCUSDT,2024-01-19 08:00:00,0.0001,41282.00000000
BTCUSDT,2024-01-19 16:00:00,0.0001,40897.10000000
BTCUSDT,2024-01-20 00:00:00,0.0001,41662.10000000
BTCUSDT,2024-01-20 08:00:00,0.0001,41650.68431818
BTCUSDT,2024-01-20 16:00:00,0.0001,41568.28595745
BTCUSDT,2024-01-21 00:00:00,0.0001,41693.91453546
BTCUSDT,2024-01-21 08:00:00,0.0001,41648.18463415
BTCUSDT,2024-01-21 16:00:00,0.0001,41652.70000000
BTCUSDT,2024-01-22 00:00:00,0.0001,41578.57680851
BTCUSDT,2024-01-22 08:00:00,0.0001,41041.20808511
BTCUSDT,2024-01-22 16:00:00,0.0001,40767.10361702
BTCUSDT,2024-01-23 00:00:00,0.0001,39566.15381552
BTCUSDT,2024-01-23 08:00:00,0.0001,39777.14965957
BTCUSDT,2024-01-23 16:00:00,0.0001,39204.77723404
BTCUSDT,2024-01-24 00:00:00,0.0001,39891.92865530
BTCUSDT,2024-01-24 08:00:00,0.0001,39973.35340426
BTCUSDT,2024-01-24 16:00:00,0.0001,40048.44006491
BTCUSDT,2024-01-25 00:00:00,0.0001,40078.80000000
BTCUSDT,2024-01-25 08:00:00,0.0001,40122.98766288
BTCUSDT,2024-01-25 16:00:00,0.0001,39799.30407092
BTCUSDT,2024-01-26 00:00:00,0.0001,39953.30000000
BTCUSDT,2024-01-26 08:00:00,0.0001,39957.97820833
BTCUSDT,2024-01-26 16:00:00,0.0001,41408.24000758
BTCUSDT,2024-01-27 00:00:00,8.966e-05,41806.40000000
BTCUSDT,2024-01-27 08:00:00,0.0001,41699.00000000
BTCUSDT,2024-01-27 16:00:00,8.3e-05,41797.40000000
BTCUSDT,2024-01-28 00:00:00,0.0001,42102.20000000
BTCUSDT,2024-01-28 08:00:00,4.725e-05,42370.00000000
BTCUSDT,2024-01-28 16:00:00,0.0001,42244.50000000
BTCUSDT,2024-01-29 00:00:00,0.0001,42021.30000000
BTCUSDT,2024-01-29 08:00:00,9.142e-05,42040.00000000
BTCUSDT,2024-01-29 16:00:00,0.0001,42626.51582979
BTCUSDT,2024-01-30 00:00:00,0.0001,43287.70000000
BTCUSDT,2024-01-30 08:00:00,9.492e-05,43346.60000000
BTCUSDT,2024-01-30 16:00:00,5.149e-05,43355.40000000
BTCUSDT,2024-01-31 00:00:00,2.154e-05,42925.49865957
BTCUSDT,2024-01-31 08:00:00,0.0001,43040.12039716
BTCUSDT,2024-01-31 16:00:00,0.0001,43348.20000000
BTCUSDT,2024-02-01 00:00:00,0.0001,42563.08635461
BTCUSDT,2024-02-01 08:00:00,0.0001,42182.20000000
BTCUSDT,2024-02-01 16:00:00,0.0001,42500.13148936
BTCUSDT,2024-02-02 00:00:00,0.0001,43072.60000000
BTCUSDT,2024-02-02 08:00:00,0.0001,43085.75394326
BTCUSDT,2024-02-02 16:00:00,0.0001,43224.06110638
BTCUSDT,2024-02-03 00:00:00,7.627e-05,43182.00000000
BTCUSDT,2024-02-03 08:00:00,9.042e-05,43037.00000000
BTCUSDT,2024-02-03 16:00:00,8.028e-05,43098.79023050
BTCUSDT,2024-02-04 00:00:00,8.307e-05,42993.33852128
BTCUSDT,2024-02-04 08:00:00,8.846e-05,42824.48293972
BTCUSDT,2024-02-04 16:00:00,0.0001,42926.70000000
BTCUSDT,2024-02-05 00:00:00,0.0001,42570.40000000
BTCUSDT,2024-02-05 08:00:00,0.0001,43059.00000000
BTCUSDT,2024-02-05 16:00:00,0.0001,42629.60000000
BTCUSDT,2024-02-06 00:00:00,0.0001,42693.59276950
BTCUSDT,2024-02-06 08:00:00,6.723e-05,42875.22371986
BTCUSDT,2024-02-06 16:00:00,0.0001,43232.25541135
BTCUSDT,2024-02-07 00:00:00,7.527e-05,43079.10000000
BTCUSDT,2024-02-07 08:00:00,5.373e-05,42904.80000000
BTCUSDT,2024-02-07 16:00:00,8.306e-05,43052.50000000
BTCUSDT,2024-02-08 00:00:00,0.0001,44326.22497872
BTCUSDT,2024-02-08 08:00:00,6.535e-05,44499.74975887
BTCUSDT,2024-02-08 16:00:00,2.59e-05,45411.12230496
BTCUSDT,2024-02-09 00:00:00,3.16e-05,45269.20000000
BTCUSDT,2024-02-09 08:00:00,0.0001,46189.13810284
BTCUSDT,2024-02-09 16:00:00,9.801e-05,47136.90000000
BTCUSDT,2024-02-10 00:00:00,8.041e-05,47116.64691288
BTCUSDT,2024-02-10 08:00:00,0.0001,47132.38896970
BTCUSDT,2024-02-10 16:00:00,0.0001,47334.57771120
BTCUSDT,2024-02-11 00:00:00,0.0001,47734.61973485
BTCUSDT,2024-02-11 08:00:00,0.0001,48169.53924621
BTCUSDT,2024-02-11 16:00:00,0.0001,48145.85068561
BTCUSDT,2024-02-12 00:00:00,0.0001,48298.07332955
BTCUSDT,2024-02-12 08:00:00,0.0001,48206.78867803
BTCUSDT,2024-02-12 16:00:00,0.0001,49919.40000000
BTCUSDT,2024-02-13 00:00:00,0.0001,49935.64595076
BTCUSDT,2024-02-13 08:00:00,0.0001,50016.04285106
BTCUSDT,2024-02-13 16:00:00,0.0001,48753.20000000
BTCUSDT,2024-02-14 00:00:00,0.0001,49697.29248227
BTCUSDT,2024-02-14 08:00:00,0.0001,49841.90018794
BTCUSDT,2024-02-14 16:00:00,0.00012283,51610.33415603
BTCUSDT,2024-02-15 00:00:00,0.0001,51816.90327305
BTCUSDT,2024-02-15 08:00:00,0.0001,51802.40000000
BTCUSDT,2024-02-15 16:00:00,0.0001,51961.58883688
BTCUSDT,2024-02-16 00:00:00,0.0001,51899.10000000
BTCUSDT,2024-02-16 08:00:00,0.0001,51779.57268794
BTCUSDT,2024-02-16 16:00:00,0.0001,51909.30000000
BTCUSDT,2024-02-17 00:00:00,0.0001,52145.88278014
BTCUSDT,2024-02-17 08:00:00,0.0001,51934.00000000
BTCUSDT,2024-02-17 16:00:00,0.00016041,51013.40000000
BTCUSDT,2024-02-18 00:00:00,0.0001724,51675.01974242
BTCUSDT,2024-02-18 08:00:00,0.00015305,51697.70652273
BTCUSDT,2024-02-18 16:00:00,0.00017095,51809.00000000
BTCUSDT,2024-02-19 00:00:00,0.00023064,52163.39962677
BTCUSDT,2024-02-19 08:00:00,0.00019594,52423.90000000
BTCUSDT,2024-02-19 16:00:00,0.00013327,52158.90000000
BTCUSDT,2024-02-20 00:00:00,0.00010461,51813.08142803
BTCUSDT,2024-02-20 08:00:00,0.00010912,51868.89496454
BTCUSDT,2024-02-20 16:00:00,0.00020259,51703.73815248
BTCUSDT,2024-02-21 00:00:00,0.0001,52297.40000000
BTCUSDT,2024-02-21 08:00:00,0.00011242,51595.13521986
BTCUSDT,2024-02-21 16:00:00,0.0001,51183.70000000
BTCUSDT,2024-02-22 00:00:00,0.0001,51877.90000000
BTCUSDT,2024-02-22 08:00:00,0.0001348,51856.75509429
BTCUSDT,2024-02-22 16:00:00,0.00012557,51630.00000000
BTCUSDT,2024-02-23 00:00:00,0.0001,51315.77902837
BTCUSDT,2024-02-23 08:00:00,0.0001,50947.90000721
BTCUSDT,2024-02-23 16:00:00,0.00012991,50934.48172469
BTCUSDT,2024-02-24 00:00:00,0.0001,50759.00207801
BTCUSDT,2024-02-24 08:00:00,0.0001,51094.97830142
BTCUSDT,2024-02-24 16:00:00,0.0001,51124.60000000
BTCUSDT,2024-02-25 00:00:00,0.00011438,51601.57573485
BTCUSDT,2024-02-25 08:00:00,0.00015012,51747.27246212
BTCUSDT,2024-02-25 16:00:00,0.00015062,51547.90000000
BTCUSDT,2024-02-26 00:00:00,0.00026761,51758.94718182
BTCUSDT,2024-02-26 08:00:00,0.00021567,51326.60957197
BTCUSDT,2024-02-26 16:00:00,0.00027227,52868.43844318
BTCUSDT,2024-02-27 00:00:00,0.00032262,54511.60000000
BTCUSDT,2024-02-27 08:00:00,0.00073521,56100.10000000
BTCUSDT,2024-02-27 16:00:00,0.00022965,56772.28422340
BTCUSDT,2024-02-28 00:00:00,0.00026729,57074.35007447
BTCUSDT,2024-02-28 08:00:00,0.00023682,58285.92319504
BTCUSDT,2024-02-28 16:00:00,0.00053538,60999.30823050
BTCUSDT,2024-02-29 00:00:00,0.00069091,62477.48158640
BTCUSDT,2024-02-29 08:00:00,0.00076337,62755.48857737
BTCUSDT,2024-02-29 16:00:00,0.00057031,62809.10000000
BTCUSDT,2024-03-01 00:00:00,0.00053322,61203.40000000
BTCUSDT,2024-03-01 08:00:00,0.00064824,61474.21160638
BTCUSDT,2024-03-01 16:00:00,0.0004601,61335.40000000
BTCUSDT,2024-03-02 00:00:00,0.00033426,62426.84994681
BTCUSDT,2024-03-02 08:00:00,0.00057174,62071.90000000
BTCUSDT,2024-03-02 16:00:00,0.00056396,61834.60000000
BTCUSDT,2024-03-03 00:00:00,0.00046267,62039.90000000
BTCUSDT,2024-03-03 08:00:00,0.00042989,61641.10000000
BTCUSDT,2024-03-03 16:00:00,0.00044598,62210.70000000
BTCUSDT,2024-03-04 00:00:00,0.00055071,63178.60000000
BTCUSDT,2024-03-04 08:00:00,0.00046833,64120.50000000
BTCUSDT,2024-03-04 16:00:00,0.0006362,66504.19310494
BTCUSDT,2024-03-05 00:00:00,0.0004896,68296.40000000
BTCUSDT,2024-03-05 08:00:00,0.00082969,66223.70000000
BTCUSDT,2024-03-05 16:00:00,0.00088148,66840.70000000
BTCUSDT,2024-03-06 00:00:00,0.0003628,63737.46570213
BTCUSDT,2024-03-06 08:00:00,0.00033876,66733.45835461
BTCUSDT,2024-03-06 16:00:00,0.00049354,66534.41841489
BTCUSDT,2024-03-07 00:00:00,0.00030311,66118.62122727
BTCUSDT,2024-03-07 08:00:00,0.00040984,66447.80000000
BTCUSDT,2024-03-07 16:00:00,0.00054217,67317.10000000
BTCUSDT,2024-03-08 00:00:00,0.00034819,66869.90000000
BTCUSDT,2024-03-08 08:00:00,0.00043497,67302.03139394
BTCUSDT,2024-03-08 16:00:00,0.00062913,67699.70000000
BTCUSDT,2024-03-09 00:00:00,0.00019134,68174.99267730
BTCUSDT,2024-03-09 08:00:00,0.00031281,68336.40000000
BTCUSDT,2024-03-09 16:00:00,0.00026407,68340.09113121
BTCUSDT,2024-03-10 00:00:00,0.0003101,68360.10000000
BTCUSDT,2024-03-10 08:00:00,0.00063451,69424.70837234
BTCUSDT,2024-03-10 16:00:00,0.00054479,69254.70000000
BTCUSDT,2024-03-11 00:00:00,0.00035489,69000.00000000
BTCUSDT,2024-03-11 08:00:00,0.00078428,71203.54634442
BTCUSDT,2024-03-11 16:00:00,0.00066396,72056.40000000
BTCUSDT,2024-03-12 00:00:00,0.0004447,72153.90000000
BTCUSDT,2024-03-12 08:00:00,0.000453,72175.50000000
BTCUSDT,2024-03-12 16:00:00,0.00047935,71771.34852113
BTCUSDT,2024-03-13 00:00:00,0.00033224,71506.80000000
BTCUSDT,2024-03-13 08:00:00,0.0006442,72962.13824516
BTCUSDT,2024-03-13 16:00:00,0.00045402,72670.20000000
BTCUSDT,2024-03-14 00:00:00,0.00024393,73120.70119365
BTCUSDT,2024-03-14 08:00:00,0.00038753,73280.70000000
BTCUSDT,2024-03-14 16:00:00,0.00038258,70904.40000000
BTCUSDT,2024-03-15 00:00:00,0.00038515,71453.22446454
BTCUSDT,2024-03-15 08:00:00,0.00014328,68487.40000000
BTCUSDT,2024-03-15 16:00:00,0.00015306,68191.10550016
BTCUSDT,2024-03-16 00:00:00,0.0001,69517.88923404
BTCUSDT,2024-03-16 08:00:00,0.00023202,69477.38707245
BTCUSDT,2024-03-16 16:00:00,0.00020813,68423.44776418
BTCUSDT,2024-03-17 00:00:00,0.00013089,65350.90000000
BTCUSDT,2024-03-17 08:00:00,0.00017773,65688.60000000
BTCUSDT,2024-03-17 16:00:00,0.00024827,68006.97658156
BTCUSDT,2024-03-18 00:00:00,0.00020181,68448.00000000
BTCUSDT,2024-03-18 08:00:00,0.00030597,68259.58774823
BTCUSDT,2024-03-18 16:00:00,0.00027195,67509.10000000
BTCUSDT,2024-03-19 00:00:00,0.00026923,67648.11833623
BTCUSDT,2024-03-19 08:00:00,0.00029065,64738.78331206
BTCUSDT,2024-03-19 16:00:00,0.00024018,64080.74999621
BTCUSDT,2024-03-20 00:00:00,0.00015847,61974.00000000
BTCUSDT,2024-03-20 08:00:00,0.00018388,62996.50000000
BTCUSDT,2024-03-20 16:00:00,0.0001,63641.40592860
BTCUSDT,2024-03-21 00:00:00,0.00010403,67863.70000000
BTCUSDT,2024-03-21 08:00:00,0.00019304,67030.14523864
BTCUSDT,2024-03-21 16:00:00,0.0001951,66589.30761364
BTCUSDT,2024-03-22 00:00:00,0.00016271,65538.70000000
BTCUSDT,2024-03-22 08:00:00,0.0001,66217.13622340
BTCUSDT,2024-03-22 16:00:00,0.00011993,63904.42918440
BTCUSDT,2024-03-23 00:00:00,0.0001,63813.37344681
BTCUSDT,2024-03-23 08:00:00,0.0001,64606.50000000
BTCUSDT,2024-03-23 16:00:00,0.00010806,65141.71509220
BTCUSDT,2024-03-24 00:00:00,0.00010351,64020.30000000
BTCUSDT,2024-03-24 08:00:00,0.00014616,64622.20133333
BTCUSDT,2024-03-24 16:00:00,0.00015884,65710.93932745
BTCUSDT,2024-03-25 00:00:00,0.00025549,67255.74783333
BTCUSDT,2024-03-25 08:00:00,0.00016324,66866.60000000
BTCUSDT,2024-03-25 16:00:00,0.00028815,69837.28693262
BTCUSDT,2024-03-26 00:00:00,0.00021963,69920.50000000
BTCUSDT,2024-03-26 08:00:00,0.00018348,70516.73747518
BTCUSDT,2024-03-26 16:00:00,0.00026764,70307.10000000
BTCUSDT,2024-03-27 00:00:00,0.00028757,70039.82099291
BTCUSDT,2024-03-27 08:00:00,0.00029551,69776.11503546
BTCUSDT,2024-03-27 16:00:00,0.00043631,68921.69195390
BTCUSDT,2024-03-28 00:00:00,0.00024195,69532.60000000
BTCUSDT,2024-03-28 08:00:00,0.00029899,70449.15108511
BTCUSDT,2024-03-28 16:00:00,0.0002943,71320.02090780
BTCUSDT,2024-03-29 00:00:00,0.0001825,70833.58536170
BTCUSDT,2024-03-29 08:00:00,0.00025456,69853.35957447
BTCUSDT,2024-03-29 16:00:00,0.0003017,69219.28912057
BTCUSDT,2024-03-30 00:00:00,0.00019624,69898.73039007
BTCUSDT,2024-03-30 08:00:00,0.00032267,69902.00000000
BTCUSDT,2024-03-30 16:00:00,0.0003436,70057.72494050
BTCUSDT,2024-03-31 00:00:00,0.00032351,69636.36575177
BTCUSDT,2024-03-31 08:00:00,0.00039889,70353.76273404
BTCUSDT,2024-03-31 16:00:00,0.00040301,70446.10000000
BTCUSDT,2024-04-01 00:00:00,0.00070161,71363.00000000
BTCUSDT,2024-04-01 08:00:00,0.00033491,69636.12130851
BTCUSDT,2024-04-01 16:00:00,0.00027469,68284.83075177
BTCUSDT,2024-04-02 00:00:00,0.00010926,69700.00000000
BTCUSDT,2024-04-02 08:00:00,0.0001,66501.27906028
BTCUSDT,2024-04-02 16:00:00,0.00016456,64922.16995035
BTCUSDT,2024-04-03 00:00:00,0.0001,65488.95697163
BTCUSDT,2024-04-03 08:00:00,0.0001,66172.55866471
BTCUSDT,2024-04-03 16:00:00,0.0001,65867.40000000
BTCUSDT,2024-04-04 00:00:00,0.0001,65971.50290071
BTCUSDT,2024-04-04 08:00:00,0.0001,66097.48730496
BTCUSDT,2024-04-04 16:00:00,0.0001,67631.70000000
BTCUSDT,2024-04-05 00:00:00,0.0001,68489.80000000
BTCUSDT,2024-04-05 08:00:00,0.0001,66931.37729274
BTCUSDT,2024-04-05 16:00:00,0.0001,68207.38882979
BTCUSDT,2024-04-06 00:00:00,0.0001,67823.48319149
BTCUSDT,2024-04-06 08:00:00,0.0001,67985.20000000
BTCUSDT,2024-04-06 16:00:00,0.0001,68094.00000000
BTCUSDT,2024-04-07 00:00:00,0.0001,68892.19809220
BTCUSDT,2024-04-07 08:00:00,0.0001,69367.40000000
BTCUSDT,2024-04-07 16:00:00,0.0001,69560.34690071
BTCUSDT,2024-04-08 00:00:00,0.0001,69362.70000000
BTCUSDT,2024-04-08 08:00:00,0.0001,70726.91580142
BTCUSDT,2024-04-08 16:00:00,0.00035189,71815.70000000
BTCUSDT,2024-04-09 00:00:00,0.00020915,71675.67700000
BTCUSDT,2024-04-09 08:00:00,0.00020603,70434.57300709
BTCUSDT,2024-04-09 16:00:00,0.00019061,69302.80935461
BTCUSDT,2024-04-10 00:00:00,0.00011929,69189.20000000
BTCUSDT,2024-04-10 08:00:00,0.00012457,69375.34143262
BTCUSDT,2024-04-10 16:00:00,0.0001,68687.90000000
BTCUSDT,2024-04-11 00:00:00,0.00013979,70674.32305943
BTCUSDT,2024-04-11 08:00:00,0.00020153,70780.71202837
BTCUSDT,2024-04-11 16:00:00,0.00019763,70045.90000000
BTCUSDT,2024-04-12 00:00:00,0.00011258,70048.05615603
BTCUSDT,2024-04-12 08:00:00,0.0002563,70825.90000000
BTCUSDT,2024-04-12 16:00:00,0.00012214,69375.10000000
BTCUSDT,2024-04-13 00:00:00,0.0001,67148.90000000
BTCUSDT,2024-04-13 08:00:00,0.0001,67466.10000000
BTCUSDT,2024-04-13 16:00:00,0.0001,67683.10000000
BTCUSDT,2024-04-14 00:00:00,0.0001,63925.03126241
BTCUSDT,2024-04-14 08:00:00,0.0001,64455.64639007
BTCUSDT,2024-04-14 16:00:00,0.0001,64164.20358156
BTCUSDT,2024-04-15 00:00:00,0.0001,65624.38156028
BTCUSDT,2024-04-15 08:00:00,1.759e-05,66235.58104965
BTCUSDT,2024-04-15 16:00:00,0.0001,64545.80000000
BTCUSDT,2024-04-16 00:00:00,5.953e-05,63392.80000000
BTCUSDT,2024-04-16 08:00:00,9.525e-05,63487.90000000
BTCUSDT,2024-04-16 16:00:00,3.513e-05,61753.05706383
BTCUSDT,2024-04-17 00:00:00,6.375e-05,63775.62900000
BTCUSDT,2024-04-17 08:00:00,3.574e-05,63257.26621277
BTCUSDT,2024-04-17 16:00:00,6.534e-05,60280.74173759
BTCUSDT,2024-04-18 00:00:00,6.937e-05,61254.50000000
BTCUSDT,2024-04-18 08:00:00,5.982e-05,61154.70000000
BTCUSDT,2024-04-18 16:00:00,-3.334e-05,63474.00000000
BTCUSDT,2024-04-19 00:00:00,-3.12e-05,63445.00000000
BTCUSDT,2024-04-19 08:00:00,6.641e-05,64517.90000000
BTCUSDT,2024-04-19 16:00:00,5.88e-05,64425.67251773
BTCUSDT,2024-04-20 00:00:00,0.0001,63787.40000000
BTCUSDT,2024-04-20 08:00:00,-7.66e-06,63937.90000000
BTCUSDT,2024-04-20 16:00:00,4.204e-05,64779.48886525
BTCUSDT,2024-04-21 00:00:00,3.186e-05,64905.14994326
BTCUSDT,2024-04-21 08:00:00,-2.093e-05,65110.09575935
BTCUSDT,2024-04-21 16:00:00,8.271e-05,65016.22880142
BTCUSDT,2024-04-22 00:00:00,4.409e-05,64912.60000000
BTCUSDT,2024-04-22 08:00:00,2.497e-05,65943.87257447
BTCUSDT,2024-04-22 16:00:00,8.98e-06,65964.30000000
BTCUSDT,2024-04-23 00:00:00,-1.236e-05,66788.36807801
BTCUSDT,2024-04-23 08:00:00,5.24e-05,66080.00000000
BTCUSDT,2024-04-23 16:00:00,-1.083e-05,66380.60000000
BTCUSDT,2024-04-24 00:00:00,1.413e-05,66386.30000000
BTCUSDT,2024-04-24 08:00:00,5.302e-05,66593.33268794
BTCUSDT,2024-04-24 16:00:00,7.047e-05,64598.80000000
BTCUSDT,2024-04-25 00:00:00,7.02e-05,64255.45886525
BTCUSDT,2024-04-25 08:00:00,4.069e-05,63991.24963830
BTCUSDT,2024-04-25 16:00:00,1.14e-05,64103.02705674
BTCUSDT,2024-04-26 00:00:00,1.709e-05,64478.70000000
BTCUSDT,2024-04-26 08:00:00,6.85e-06,64238.35636879
BTCUSDT,2024-04-26 16:00:00,5.562e-05,63481.30000000
BTCUSDT,2024-04-27 00:00:00,0.0001,63748.80000000
BTCUSDT,2024-04-27 08:00:00,7.47e-05,62944.20000000
BTCUSDT,2024-04-27 16:00:00,2.834e-05,62930.38454610
BTCUSDT,2024-04-28 00:00:00,1.006e-05,63426.63009929
BTCUSDT,2024-04-28 08:00:00,-2.081e-05,63883.10000000
BTCUSDT,2024-04-28 16:00:00,2.782e-05,63508.60000000
BTCUSDT,2024-04-29 00:00:00,2.472e-05,63088.40000000
BTCUSDT,2024-04-29 08:00:00,5.544e-05,62367.26310638
BTCUSDT,2024-04-29 16:00:00,6.828e-05,63012.00000000
BTCUSDT,2024-04-30 00:00:00,9.74e-05,63832.20000000
BTCUSDT,2024-04-30 08:00:00,9.154e-05,63123.70000000
BTCUSDT,2024-04-30 16:00:00,0.0001,60771.32493617
BTCUSDT,2024-05-01 00:00:00,0.0001,60651.10000000
BTCUSDT,2024-05-01 08:00:00,8.946e-05,57476.70000000
BTCUSDT,2024-05-01 16:00:00,9.902e-05,56865.26551064
BTCUSDT,2024-05-02 00:00:00,6.634e-05,58312.12589362
BTCUSDT,2024-05-02 08:00:00,6.169e-05,57646.04275887
BTCUSDT,2024-05-02 16:00:00,-1.23e-06,59229.39228369
BTCUSDT,2024-05-03 00:00:00,-1.549e-05,59037.02063121
BTCUSDT,2024-05-03 08:00:00,-3.764e-05,59158.10000000
BTCUSDT,2024-05-03 16:00:00,8.091e-05,61662.10000000
BTCUSDT,2024-05-04 00:00:00,2.703e-05,62853.70000000
BTCUSDT,2024-05-04 08:00:00,7.455e-05,62933.77334752
BTCUSDT,2024-05-04 16:00:00,6.265e-05,63590.00000000
BTCUSDT,2024-05-05 00:00:00,6.906e-05,63864.20000000
BTCUSDT,2024-05-05 08:00:00,6.47e-06,63702.80847518
BTCUSDT,2024-05-05 16:00:00,3.893e-05,64398.10000000
BTCUSDT,2024-05-06 00:00:00,6.02e-06,63988.00000000
BTCUSDT,2024-05-06 08:00:00,-1.031e-05,64510.20934752
BTCUSDT,2024-05-06 16:00:00,7.746e-05,63607.85171631
BTCUSDT,2024-05-07 00:00:00,6.064e-05,63142.80000000
BTCUSDT,2024-05-07 08:00:00,1.581e-05,63649.00000000
BTCUSDT,2024-05-07 16:00:00,9.028e-05,63715.90033333
BTCUSDT,2024-05-08 00:00:00,4.891e-05,62295.90000000
BTCUSDT,2024-05-08 08:00:00,5.553e-05,62186.70000000
BTCUSDT,2024-05-08 16:00:00,9.292e-05,62251.90000000
BTCUSDT,2024-05-09 00:00:00,5.648e-05,61162.48592199
BTCUSDT,2024-05-09 08:00:00,3.315e-05,61227.65535461
BTCUSDT,2024-05-09 16:00:00,7.253e-05,62124.75106383
BTCUSDT,2024-05-10 00:00:00,1.026e-05,63050.10000000
BTCUSDT,2024-05-10 08:00:00,5.934e-05,63053.80000000
BTCUSDT,2024-05-10 16:00:00,7.653e-05,60902.45242553
BTCUSDT,2024-05-11 00:00:00,8.881e-05,60778.10000000
BTCUSDT,2024-05-11 08:00:00,3.771e-05,60989.66753191
BTCUSDT,2024-05-11 16:00:00,5.067e-05,61148.13121277
BTCUSDT,2024-05-12 00:00:00,2.604e-05,60809.20000000
BTCUSDT,2024-05-12 08:00:00,2.83e-05,60804.40000000
BTCUSDT,2024-05-12 16:00:00,0.0001,61395.90000000
BTCUSDT,2024-05-13 00:00:00,0.0001,61455.70000000
BTCUSDT,2024-05-13 08:00:00,8.469e-05,62307.64358156
BTCUSDT,2024-05-13 16:00:00,9.151e-05,62977.10000000
BTCUSDT,2024-05-14 00:00:00,9.866e-05,62917.60000000
BTCUSDT,2024-05-14 08:00:00,0.0001,62003.15186525
BTCUSDT,2024-05-14 16:00:00,4.392e-05,61749.90000000
BTCUSDT,2024-05-15 00:00:00,0.0001,61551.95992663
BTCUSDT,2024-05-15 08:00:00,-3.85e-06,62161.81007092
BTCUSDT,2024-05-15 16:00:00,2.373e-05,64699.90000000
BTCUSDT,2024-05-16 00:00:00,2.103e-05,66176.31760993
BTCUSDT,2024-05-16 08:00:00,5.148e-05,66106.70102128
BTCUSDT,2024-05-16 16:00:00,3.543e-05,65800.00000000
BTCUSDT,2024-05-17 00:00:00,4.647e-05,65217.80000000
BTCUSDT,2024-05-17 08:00:00,8.15e-06,66352.72417461
BTCUSDT,2024-05-17 16:00:00,-2.98e-06,67165.60000000
BTCUSDT,2024-05-18 00:00:00,6.28e-06,66981.43681585
BTCUSDT,2024-05-18 08:00:00,8.012e-05,66856.73875177
BTCUSDT,2024-05-18 16:00:00,-7.92e-06,66782.78803546
BTCUSDT,2024-05-19 00:00:00,3.339e-05,66889.61222695
BTCUSDT,2024-05-19 08:00:00,5.21e-05,67299.09055319
BTCUSDT,2024-05-19 16:00:00,4.779e-05,66863.00000000
BTCUSDT,2024-05-20 00:00:00,5.607e-05,66239.40000000
BTCUSDT,2024-05-20 08:00:00,2.479e-05,66793.11759574
BTCUSDT,2024-05-20 16:00:00,2.552e-05,67388.60888652
BTCUSDT,2024-05-21 00:00:00,0.0001,71464.47075887
BTCUSDT,2024-05-21 08:00:00,0.00010517,70922.67915603
BTCUSDT,2024-05-21 16:00:00,0.0001,69865.29020567
BTCUSDT,2024-05-22 00:00:00,0.0001,70161.66021986
BTCUSDT,2024-05-22 08:00:00,0.00015759,69757.98929787
BTCUSDT,2024-05-22 16:00:00,0.0001,70485.70000000
BTCUSDT,2024-05-23 00:00:00,0.0001,69216.74829078
BTCUSDT,2024-05-23 08:00:00,0.0001,69769.14902128
BTCUSDT,2024-05-23 16:00:00,0.0001,68101.47424823
BTCUSDT,2024-05-24 00:00:00,0.0001,67999.90000000
BTCUSDT,2024-05-24 08:00:00,0.0001,67186.21074468
BTCUSDT,2024-05-24 16:00:00,0.0001,68340.20000000
BTCUSDT,2024-05-25 00:00:00,0.0001,68575.85285816
BTCUSDT,2024-05-25 08:00:00,0.0001,68775.00000000
BTCUSDT,2024-05-25 16:00:00,0.0001,68945.95530496
BTCUSDT,2024-05-26 00:00:00,0.0001,69310.33024113
BTCUSDT,2024-05-26 08:00:00,0.0001,69359.20000000
BTCUSDT,2024-05-26 16:00:00,0.0001,68863.88640426
BTCUSDT,2024-05-27 00:00:00,0.0001,68524.30000000
BTCUSDT,2024-05-27 08:00:00,0.0001,68661.10000000
BTCUSDT,2024-05-27 16:00:00,0.0001,70420.53890071
BTCUSDT,2024-05-28 00:00:00,0.0001,69461.60000000
BTCUSDT,2024-05-28 08:00:00,0.0001,67712.00000000
BTCUSDT,2024-05-28 16:00:00,0.0001,68397.00000000
BTCUSDT,2024-05-29 00:00:00,0.0001,68437.69424823
BTCUSDT,2024-05-29 08:00:00,0.0001,67984.30000000
BTCUSDT,2024-05-29 16:00:00,0.00012558,67420.50000000
BTCUSDT,2024-05-30 00:00:00,0.0001,67686.70000000
BTCUSDT,2024-05-30 08:00:00,0.0001,67624.98587234
BTCUSDT,2024-05-30 16:00:00,0.0001,68559.01355319
BTCUSDT,2024-05-31 00:00:00,0.00014599,68397.31618440
BTCUSDT,2024-05-31 08:00:00,0.00012268,68221.71889362
BTCUSDT,2024-05-31 16:00:00,0.0001,67252.70000000
BTCUSDT,2024-06-01 00:00:00,0.0001,67570.93117730
BTCUSDT,2024-06-01 08:00:00,0.0001,67672.36980851
BTCUSDT,2024-06-01 16:00:00,0.0001025,67722.94709929
BTCUSDT,2024-06-02 00:00:00,0.0001,67799.30000000
BTCUSDT,2024-06-02 08:00:00,0.0001,67743.00000000
BTCUSDT,2024-06-02 16:00:00,0.0001,68189.90000000
BTCUSDT,2024-06-03 00:00:00,0.0001,67806.00000000
BTCUSDT,2024-06-03 08:00:00,0.00014135,68949.97496454
BTCUSDT,2024-06-03 16:00:00,0.0001,69637.74636879
BTCUSDT,2024-06-04 00:00:00,0.00012008,68851.30000000
BTCUSDT,2024-06-04 08:00:00,0.0001,69048.97910492
BTCUSDT,2024-06-04 16:00:00,0.0001,70485.89790071
BTCUSDT,2024-06-05 00:00:00,0.0001,70580.10000000
BTCUSDT,2024-06-05 08:00:00,0.00016387,71237.17573050
BTCUSDT,2024-06-05 16:00:00,0.00013226,71625.20000000
BTCUSDT,2024-06-06 00:00:00,0.0001,71133.30000000
BTCUSDT,2024-06-06 08:00:00,0.00010438,71073.71043287
BTCUSDT,2024-06-06 16:00:00,0.0001177,71332.40630496
BTCUSDT,2024-06-07 00:00:00,0.0001,70830.00000000
BTCUSDT,2024-06-07 08:00:00,0.0001,71147.90000000
BTCUSDT,2024-06-07 16:00:00,0.00010166,71150.00000000
BTCUSDT,2024-06-08 00:00:00,0.0001,69377.00000000
BTCUSDT,2024-06-08 08:00:00,0.0001,69612.10561702
BTCUSDT,2024-06-08 16:00:00,0.0001,69462.10000000
BTCUSDT,2024-06-09 00:00:00,0.0001,69346.50000000
BTCUSDT,2024-06-09 08:00:00,0.0001,69331.90000000
BTCUSDT,2024-06-09 16:00:00,0.0001,69530.20000000
BTCUSDT,2024-06-10 00:00:00,0.0001,69667.10000000
BTCUSDT,2024-06-10 08:00:00,0.0001,69325.20000000
BTCUSDT,2024-06-10 16:00:00,0.0001,70074.60734043
BTCUSDT,2024-06-11 00:00:00,0.0001,69558.70000000
BTCUSDT,2024-06-11 08:00:00,0.0001,67582.10000000
BTCUSDT,2024-06-11 16:00:00,0.0001,66260.45943972
BTCUSDT,2024-06-12 00:00:00,0.0001,67316.36897872
BTCUSDT,2024-06-12 08:00:00,0.0001,67453.49152482
BTCUSDT,2024-06-12 16:00:00,0.0001,69735.43100000
BTCUSDT,2024-06-13 00:00:00,0.0001,68269.15138298
BTCUSDT,2024-06-13 08:00:00,0.0001,67724.69510638
BTCUSDT,2024-06-13 16:00:00,0.0001,66469.37042553
BTCUSDT,2024-06-14 00:00:00,0.0001,66782.29009220
BTCUSDT,2024-06-14 08:00:00,0.0001,66907.91765957
BTCUSDT,2024-06-14 16:00:00,0.0001,66387.61166667
BTCUSDT,2024-06-15 00:00:00,0.0001,66039.70000000
BTCUSDT,2024-06-15 08:00:00,0.0001,66076.87574468
BTCUSDT,2024-06-15 16:00:00,0.0001,66311.90000000
BTCUSDT,2024-06-16 00:00:00,0.0001,66213.73051773
BTCUSDT,2024-06-16 08:00:00,0.0001,66249.40000000
BTCUSDT,2024-06-16 16:00:00,0.0001,66693.21286525
BTCUSDT,2024-06-17 00:00:00,0.0001,66658.12655319
BTCUSDT,2024-06-17 08:00:00,0.0001,66147.30000000
BTCUSDT,2024-06-17 16:00:00,0.0001,65341.90000000
BTCUSDT,2024-06-18 00:00:00,0.0001,66472.00000000
BTCUSDT,2024-06-18 08:00:00,8.236e-05,65646.30000000
BTCUSDT,2024-06-18 16:00:00,0.0001,64676.43110638
BTCUSDT,2024-06-19 00:00:00,0.0001,65150.00000000
BTCUSDT,2024-06-19 08:00:00,4.127e-05,65295.00000000
BTCUSDT,2024-06-19 16:00:00,2.967e-05,64895.42413059
BTCUSDT,2024-06-20 00:00:00,3.934e-05,64946.30757887
BTCUSDT,2024-06-20 08:00:00,5.953e-05,65831.30000000
BTCUSDT,2024-06-20 16:00:00,6.879e-05,64801.04885816
BTCUSDT,2024-06-21 00:00:00,3.344e-05,64853.90000000
BTCUSDT,2024-06-21 08:00:00,7.328e-05,64180.80000000
BTCUSDT,2024-06-21 16:00:00,0.0001,63712.00000000
BTCUSDT,2024-06-22 00:00:00,0.0001,64124.00000000
BTCUSDT,2024-06-22 08:00:00,4.146e-05,64490.10000000
BTCUSDT,2024-06-22 16:00:00,0.0001,64283.46988652
BTCUSDT,2024-06-23 00:00:00,0.0001,64242.51785816
BTCUSDT,2024-06-23 08:00:00,2.307e-05,64390.00000000
BTCUSDT,2024-06-23 16:00:00,4.676e-05,64071.80000000
BTCUSDT,2024-06-24 00:00:00,9.534e-05,63195.00000000
BTCUSDT,2024-06-24 08:00:00,0.0001,62433.70000000
BTCUSDT,2024-06-24 16:00:00,7.488e-05,60823.20000000
BTCUSDT,2024-06-25 00:00:00,7.447e-05,60273.50000000
BTCUSDT,2024-06-25 08:00:00,5.949e-05,60660.00000000
BTCUSDT,2024-06-25 16:00:00,7.752e-05,61776.00000000
BTCUSDT,2024-06-26 00:00:00,0.0001,61780.09841844
BTCUSDT,2024-06-26 08:00:00,0.0001,61705.30000000
BTCUSDT,2024-06-26 16:00:00,0.0001,61440.20000000
BTCUSDT,2024-06-27 00:00:00,0.0001,60860.38514894
BTCUSDT,2024-06-27 08:00:00,0.0001,60787.35553191
BTCUSDT,2024-06-27 16:00:00,0.0001,61570.50000000
BTCUSDT,2024-06-28 00:00:00,0.0001,61682.00000000
BTCUSDT,2024-06-28 08:00:00,0.0001,61331.02739716
BTCUSDT,2024-06-28 16:00:00,0.0001,61048.94459574
BTCUSDT,2024-06-29 00:00:00,0.0001,60430.21393617
BTCUSDT,2024-06-29 08:00:00,0.0001,61049.49890071
BTCUSDT,2024-06-29 16:00:00,0.0001,61108.14415603
BTCUSDT,2024-06-30 00:00:00,0.0001,60982.40000000
BTCUSDT,2024-06-30 08:00:00,0.0001,61529.93914894
BTCUSDT,2024-06-30 16:00:00,0.0001,61714.61340426
BTCUSDT,2024-07-01 00:00:00,0.0001,62766.17652482
BTCUSDT,2024-07-01 08:00:00,0.0001,63263.85829787
BTCUSDT,2024-07-01 16:00:00,0.0001,63120.00000000
BTCUSDT,2024-07-02 00:00:00,0.0001,62892.46180142
BTCUSDT,2024-07-02 08:00:00,0.0001,62620.94928369
BTCUSDT,2024-07-02 16:00:00,0.0001,61944.23702128
BTCUSDT,2024-07-03 00:00:00,0.0001,62123.60000000
BTCUSDT,2024-07-03 08:00:00,0.0001,60874.01737589
BTCUSDT,2024-07-03 16:00:00,0.0001,60178.96865957
BTCUSDT,2024-07-04 00:00:00,0.0001,60207.90000000
BTCUSDT,2024-07-04 08:00:00,0.0001,58214.00000000
BTCUSDT,2024-07-04 16:00:00,0.0001,58124.90000000
BTCUSDT,2024-07-05 00:00:00,0.0001,57045.15234043
BTCUSDT,2024-07-05 08:00:00,0.0001,54397.50000000
BTCUSDT,2024-07-05 16:00:00,1.762e-05,56623.90000000
BTCUSDT,2024-07-06 00:00:00,5.729e-05,56609.00000000
BTCUSDT,2024-07-06 08:00:00,7.512e-05,56580.08132624
BTCUSDT,2024-07-06 16:00:00,3.25e-05,57289.27111519
BTCUSDT,2024-07-07 00:00:00,8.164e-05,58216.10000000
BTCUSDT,2024-07-07 08:00:00,0.0001,57346.86809929
BTCUSDT,2024-07-07 16:00:00,0.0001,56806.20000000
BTCUSDT,2024-07-08 00:00:00,7.905e-05,55831.00000000
BTCUSDT,2024-07-08 08:00:00,8.222e-05,55825.20000000
BTCUSDT,2024-07-08 16:00:00,0.0001,55736.19858865
BTCUSDT,2024-07-09 00:00:00,0.0001,56698.83177305
BTCUSDT,2024-07-09 08:00:00,8.61e-06,57102.60000000
BTCUSDT,2024-07-09 16:00:00,0.0001,57453.43046809
BTCUSDT,2024-07-10 00:00:00,0.0001,58026.14114894
BTCUSDT,2024-07-10 08:00:00,9.225e-05,58951.04627293
BTCUSDT,2024-07-10 16:00:00,5.485e-05,57662.34192199
BTCUSDT,2024-07-11 00:00:00,0.0001,57707.00000000
BTCUSDT,2024-07-11 08:00:00,0.0001,58164.76708511
BTCUSDT,2024-07-11 16:00:00,0.0001,57382.80000000
BTCUSDT,2024-07-12 00:00:00,6.378e-05,57315.50000000
BTCUSDT,2024-07-12 08:00:00,3.026e-05,57079.05523404
BTCUSDT,2024-07-12 16:00:00,4.037e-05,58188.90000000
BTCUSDT,2024-07-13 00:00:00,8.319e-05,57870.00000000
BTCUSDT,2024-07-13 08:00:00,6.865e-05,58141.96051064
BTCUSDT,2024-07-13 16:00:00,0.0001,58808.50000000
BTCUSDT,2024-07-14 00:00:00,8.737e-05,59174.73812179
BTCUSDT,2024-07-14 08:00:00,3.71e-05,60031.33100709
BTCUSDT,2024-07-14 16:00:00,8.342e-05,60057.37801174
BTCUSDT,2024-07-15 00:00:00,4.59e-05,60766.10000000
BTCUSDT,2024-07-15 08:00:00,3.202e-05,62821.11483688
BTCUSDT,2024-07-15 16:00:00,-5.14e-06,62992.91414894
BTCUSDT,2024-07-16 00:00:00,-5.062e-05,64698.64956738
BTCUSDT,2024-07-16 08:00:00,8.814e-05,62881.80000000
BTCUSDT,2024-07-16 16:00:00,2.717e-05,64838.40000000
BTCUSDT,2024-07-17 00:00:00,-3.419e-05,65003.03756738
BTCUSDT,2024-07-17 08:00:00,1.775e-05,65236.46422695
BTCUSDT,2024-07-17 16:00:00,2.143e-05,64695.80000000
BTCUSDT,2024-07-18 00:00:00,6.89e-06,64057.30000000
BTCUSDT,2024-07-18 08:00:00,1.546e-05,64643.70000000
BTCUSDT,2024-07-18 16:00:00,3.127e-05,63509.56961702
BTCUSDT,2024-07-19 00:00:00,4.029e-05,63959.90000000
BTCUSDT,2024-07-19 08:00:00,4.855e-05,63673.90000000
BTCUSDT,2024-07-19 16:00:00,4.606e-05,65799.90000000
BTCUSDT,2024-07-20 00:00:00,-3.077e-05,66630.29244681
BTCUSDT,2024-07-20 08:00:00,1.944e-05,66526.30000000
BTCUSDT,2024-07-20 16:00:00,1.622e-05,66796.90000000
BTCUSDT,2024-07-21 00:00:00,-5.313e-05,67097.72309220
BTCUSDT,2024-07-21 08:00:00,2.194e-05,66669.90000000
BTCUSDT,2024-07-21 16:00:00,6.46e-06,67132.78455319
BTCUSDT,2024-07-22 00:00:00,9.136e-05,68138.00000000
BTCUSDT,2024-07-22 08:00:00,5.953e-05,67210.40000000
BTCUSDT,2024-07-22 16:00:00,2.769e-05,67044.40000000
BTCUSDT,2024-07-23 00:00:00,4.709e-05,67506.49399291
BTCUSDT,2024-07-23 08:00:00,4.31e-05,66548.50000000
BTCUSDT,2024-07-23 16:00:00,4.642e-05,66569.95526950
BTCUSDT,2024-07-24 00:00:00,0.0001,65916.81524113
BTCUSDT,2024-07-24 08:00:00,0.0001,66049.92706383
BTCUSDT,2024-07-24 16:00:00,0.0001,66152.14151773
BTCUSDT,2024-07-25 00:00:00,0.0001,65361.80198582
BTCUSDT,2024-07-25 08:00:00,0.0001,64115.10000000
BTCUSDT,2024-07-25 16:00:00,0.0001,64773.30000000
BTCUSDT,2024-07-26 00:00:00,0.0001,65773.94198582
BTCUSDT,2024-07-26 08:00:00,0.0001,66873.70000000
BTCUSDT,2024-07-26 16:00:00,3.34e-05,67528.00000000
BTCUSDT,2024-07-27 00:00:00,6.547e-05,67882.60000000
BTCUSDT,2024-07-27 08:00:00,8.022e-05,68018.10331915
BTCUSDT,2024-07-27 16:00:00,9.109e-05,68821.90000000
BTCUSDT,2024-07-28 00:00:00,8.18e-05,67873.80000000
BTCUSDT,2024-07-28 08:00:00,9.177e-05,67521.26054610
BTCUSDT,2024-07-28 16:00:00,2.804e-05,67624.30000000
BTCUSDT,2024-07-29 00:00:00,8.361e-05,68217.60072340
BTCUSDT,2024-07-29 08:00:00,5.623e-05,69510.60000000
BTCUSDT,2024-07-29 16:00:00,0.0001,68069.42346099
BTCUSDT,2024-07-30 00:00:00,3.396e-05,66757.24782979
BTCUSDT,2024-07-30 08:00:00,3.562e-05,66914.00000000
BTCUSDT,2024-07-30 16:00:00,7.691e-05,66198.00000000
BTCUSDT,2024-07-31 00:00:00,3.063e-05,66159.40000000
BTCUSDT,2024-07-31 08:00:00,7.178e-05,66196.40000000
BTCUSDT,2024-07-31 16:00:00,3.826e-05,66354.40000000
BTCUSDT,2024-08-01 00:00:00,8.208e-05,64603.59964539
BTCUSDT,2024-08-01 08:00:00,0.0001,64307.13363121
BTCUSDT,2024-08-01 16:00:00,0.0001,62888.50000000
BTCUSDT,2024-08-02 00:00:00,0.0001,65328.90000000
BTCUSDT,2024-08-02 08:00:00,0.0001,64160.17275887
BTCUSDT,2024-08-02 16:00:00,0.0001,63400.10768182
BTCUSDT,2024-08-03 00:00:00,0.0001,61483.70000000
BTCUSDT,2024-08-03 08:00:00,9.788e-05,61636.00000000
BTCUSDT,2024-08-03 16:00:00,4.247e-05,60859.15415152
BTCUSDT,2024-08-04 00:00:00,0.0001,60684.50000000
BTCUSDT,2024-08-04 08:00:00,5.343e-05,60349.10000000
BTCUSDT,2024-08-04 16:00:00,0.0001,59053.40000000
BTCUSDT,2024-08-05 00:00:00,0.0001,58139.09001515
BTCUSDT,2024-08-05 08:00:00,4.429e-05,52660.00000000
BTCUSDT,2024-08-05 16:00:00,5.967e-05,54294.50000000
BTCUSDT,2024-08-06 00:00:00,3.566e-05,53971.90000000
BTCUSDT,2024-08-06 08:00:00,-2.845e-05,55979.00000000
BTCUSDT,2024-08-06 16:00:00,4.485e-05,56380.14818939
BTCUSDT,2024-08-07 00:00:00,-7.3e-06,56008.69646212
BTCUSDT,2024-08-07 08:00:00,-6.859e-05,56898.70000000
BTCUSDT,2024-08-07 16:00:00,3.241e-05,56071.41872727
BTCUSDT,2024-08-08 00:00:00,2.637e-05,55102.90000000
BTCUSDT,2024-08-08 08:00:00,3.086e-05,57165.60000000
BTCUSDT,2024-08-08 16:00:00,1.147e-05,59389.00000000
BTCUSDT,2024-08-09 00:00:00,4.994e-05,61663.62178788
BTCUSDT,2024-08-09 08:00:00,2.184e-05,60844.10000000
BTCUSDT,2024-08-09 16:00:00,4.846e-05,59787.29595455
BTCUSDT,2024-08-10 00:00:00,-3.942e-05,60808.70000000
BTCUSDT,2024-08-10 08:00:00,-1.379e-05,60811.14373041
BTCUSDT,2024-08-10 16:00:00,-1.949e-05,60480.60000000
BTCUSDT,2024-08-11 00:00:00,4.049e-05,60895.44640282
BTCUSDT,2024-08-11 08:00:00,-1.839e-05,61223.30000000
BTCUSDT,2024-08-11 16:00:00,1.185e-05,60099.90000000
BTCUSDT,2024-08-12 00:00:00,1.113e-05,58693.20000000
BTCUSDT,2024-08-12 08:00:00,8.783e-05,58648.02703788
BTCUSDT,2024-08-12 16:00:00,-2.238e-05,60168.80000000
BTCUSDT,2024-08-13 00:00:00,6.14e-05,59323.60000000
BTCUSDT,2024-08-13 08:00:00,5.21e-06,59209.36612879
BTCUSDT,2024-08-13 16:00:00,-3.902e-05,59442.45730303
BTCUSDT,2024-08-14 00:00:00,1.152e-05,60555.47966301
BTCUSDT,2024-08-14 08:00:00,-1.33e-05,60887.30000000
BTCUSDT,2024-08-14 16:00:00,-7.811e-05,59394.60000000
BTCUSDT,2024-08-15 00:00:00,-8.488e-05,58650.36321970
BTCUSDT,2024-08-15 08:00:00,6.339e-05,58031.90000000
BTCUSDT,2024-08-15 16:00:00,-6.181e-05,59650.62388636
BTCUSDT,2024-08-16 00:00:00,-0.00011235,57515.28405303
BTCUSDT,2024-08-16 08:00:00,-7.387e-05,58423.30000000
BTCUSDT,2024-08-16 16:00:00,-5.57e-06,58045.46367376
BTCUSDT,2024-08-17 00:00:00,1.912e-05,58854.90000000
BTCUSDT,2024-08-17 08:00:00,4.177e-05,59225.59061702
BTCUSDT,2024-08-17 16:00:00,-1.52e-06,59357.70000000
BTCUSDT,2024-08-18 00:00:00,3.966e-05,59468.40000000
BTCUSDT,2024-08-18 08:00:00,-1.323e-05,59545.70132624
BTCUSDT,2024-08-18 16:00:00,-3.149e-05,59828.80000000
BTCUSDT,2024-08-19 00:00:00,-3.616e-05,58390.10000000
BTCUSDT,2024-08-19 08:00:00,-6.75e-05,58475.40000000
BTCUSDT,2024-08-19 16:00:00,-1.957e-05,58509.48917021
BTCUSDT,2024-08-20 00:00:00,-2.656e-05,59400.10000000
BTCUSDT,2024-08-20 08:00:00,1.349e-05,60896.58465248
BTCUSDT,2024-08-20 16:00:00,1.419e-05,58792.37545390
BTCUSDT,2024-08-21 00:00:00,-6.756e-05,58985.38036170
BTCUSDT,2024-08-21 08:00:00,-5.91e-06,59691.00000000
BTCUSDT,2024-08-21 16:00:00,3.96e-06,59485.90000000
BTCUSDT,2024-08-22 00:00:00,-2.229e-05,61120.00000000
BTCUSDT,2024-08-22 08:00:00,1.338e-05,60952.89699291
BTCUSDT,2024-08-22 16:00:00,-7.261e-05,60380.30032624
BTCUSDT,2024-08-23 00:00:00,-3.329e-05,60349.90000000
BTCUSDT,2024-08-23 08:00:00,2.391e-05,61045.00000000
BTCUSDT,2024-08-23 16:00:00,-4.317e-05,61506.00000000
BTCUSDT,2024-08-24 00:00:00,-7.72e-06,64019.90000000
BTCUSDT,2024-08-24 08:00:00,-7.23e-06,64275.98188652
BTCUSDT,2024-08-24 16:00:00,6.395e-05,63943.40000000
BTCUSDT,2024-08-25 00:00:00,-4.806e-05,64121.80289362
BTCUSDT,2024-08-25 08:00:00,-1.531e-05,63838.28217730
BTCUSDT,2024-08-25 16:00:00,3.108e-05,64099.90000000
BTCUSDT,2024-08-26 00:00:00,2.439e-05,64199.94505674
BTCUSDT,2024-08-26 08:00:00,3.448e-05,63603.30000000
BTCUSDT,2024-08-26 16:00:00,3.789e-05,63497.83796772
BTCUSDT,2024-08-27 00:00:00,2.795e-05,62814.12365957
BTCUSDT,2024-08-27 08:00:00,1.751e-05,62881.10000000
BTCUSDT,2024-08-27 16:00:00,7.753e-05,61679.03746099
BTCUSDT,2024-08-28 00:00:00,-6.803e-05,59384.40000000
BTCUSDT,2024-08-28 08:00:00,2.433e-05,58578.22751773
BTCUSDT,2024-08-28 16:00:00,1.143e-05,58971.68549645
BTCUSDT,2024-08-29 00:00:00,-9.76e-06,59009.80000000
BTCUSDT,2024-08-29 08:00:00,-1.644e-05,59548.90000000
BTCUSDT,2024-08-29 16:00:00,5.59e-06,60751.00000000
BTCUSDT,2024-08-30 00:00:00,9.36e-06,59327.53246099
BTCUSDT,2024-08-30 08:00:00,3.578e-05,59250.58815603
BTCUSDT,2024-08-30 16:00:00,2.927e-05,58062.70000000
BTCUSDT,2024-08-31 00:00:00,-1.749e-05,59096.30000000
BTCUSDT,2024-08-31 08:00:00,3.578e-05,59064.62867843
BTCUSDT,2024-08-31 16:00:00,3.8e-05,58984.31889362
BTCUSDT,2024-09-01 00:00:00,4.113e-05,58946.20000000
BTCUSDT,2024-09-01 08:00:00,-3.432e-05,58444.10000000
BTCUSDT,2024-09-01 16:00:00,-3.82e-06,58184.10000000
BTCUSDT,2024-09-02 00:00:00,-3.386e-05,57282.92417730
BTCUSDT,2024-09-02 08:00:00,2.48e-06,57523.30000000
BTCUSDT,2024-09-02 16:00:00,-3.63e-06,58508.00000000
BTCUSDT,2024-09-03 00:00:00,6.245e-05,59112.20000000
BTCUSDT,2024-09-03 08:00:00,5.123e-05,59081.16408511
BTCUSDT,2024-09-03 16:00:00,4.598e-05,57707.54824823
BTCUSDT,2024-09-04 00:00:00,2.209e-05,57459.26375177
BTCUSDT,2024-09-04 08:00:00,1.05e-05,56717.40000000
BTCUSDT,2024-09-04 16:00:00,-1.47e-05,58106.16636170
BTCUSDT,2024-09-05 00:00:00,9.016e-05,57944.70000000
BTCUSDT,2024-09-05 08:00:00,2.025e-05,57133.18525532
BTCUSDT,2024-09-05 16:00:00,2.49e-05,55956.39174468
BTCUSDT,2024-09-06 00:00:00,2.28e-05,56152.37044681
BTCUSDT,2024-09-06 08:00:00,-1e-08,55768.60000000
BTCUSDT,2024-09-06 16:00:00,1.428e-05,54026.02394326
BTCUSDT,2024-09-07 00:00:00,-5.57e-06,53930.71899291
BTCUSDT,2024-09-07 08:00:00,-7.634e-05,54264.40569504
BTCUSDT,2024-09-07 16:00:00,-7.236e-05,54749.71812057
BTCUSDT,2024-09-08 00:00:00,3.745e-05,54134.90000000
BTCUSDT,2024-09-08 08:00:00,-5.999e-05,54411.50000000
BTCUSDT,2024-09-08 16:00:00,-5.245e-05,53664.80000000
BTCUSDT,2024-09-09 00:00:00,-7.585e-05,54843.61724113
BTCUSDT,2024-09-09 08:00:00,-7.108e-05,54949.93416312
BTCUSDT,2024-09-09 16:00:00,-3.875e-05,55360.30000000
BTCUSDT,2024-09-10 00:00:00,-6.028e-05,57013.68687234
BTCUSDT,2024-09-10 08:00:00,-2.93e-05,57184.48985106
BTCUSDT,2024-09-10 16:00:00,-1.126e-05,56563.08885816
BTCUSDT,2024-09-11 00:00:00,-8.953e-05,57609.10000000
BTCUSDT,2024-09-11 08:00:00,-2.247e-05,56675.10000000
BTCUSDT,2024-09-11 16:00:00,-5.212e-05,56681.42923404
BTCUSDT,2024-09-12 00:00:00,-1.951e-05,57307.10000000
BTCUSDT,2024-09-12 08:00:00,-5.46e-06,58106.41579433
BTCUSDT,2024-09-12 16:00:00,-2.95e-05,57475.10176596
BTCUSDT,2024-09-13 00:00:00,-6.9e-07,58097.00000000
BTCUSDT,2024-09-13 08:00:00,-8.69e-06,58079.80000000
BTCUSDT,2024-09-13 16:00:00,-2.443e-05,59630.00000000
BTCUSDT,2024-09-14 00:00:00,-8.699e-05,60456.10000000
BTCUSDT,2024-09-14 08:00:00,8.59e-06,60110.40000000
BTCUSDT,2024-09-14 16:00:00,2.326e-05,59845.55360993
BTCUSDT,2024-09-15 00:00:00,-4.91e-06,59964.00000000
BTCUSDT,2024-09-15 08:00:00,1e-08,60167.31814380
BTCUSDT,2024-09-15 16:00:00,4.02e-06,60304.70000000
BTCUSDT,2024-09-16 00:00:00,2.402e-05,59100.61031206
BTCUSDT,2024-09-16 08:00:00,3.564e-05,58874.99142553
BTCUSDT,2024-09-16 16:00:00,6.762e-05,57861.15358865
BTCUSDT,2024-09-17 00:00:00,8.529e-05,58186.90000000
BTCUSDT,2024-09-17 08:00:00,1.911e-05,58668.20000000
BTCUSDT,2024-09-17 16:00:00,5.327e-05,61111.00000000
BTCUSDT,2024-09-18 00:00:00,1.344e-05,60281.00000000
BTCUSDT,2024-09-18 08:00:00,1.678e-05,60402.69697726
BTCUSDT,2024-09-18 16:00:00,4.648e-05,59407.05478014
BTCUSDT,2024-09-19 00:00:00,3.512e-05,61728.59070213
BTCUSDT,2024-09-19 08:00:00,2.949e-05,62054.80000000
BTCUSDT,2024-09-19 16:00:00,4.072e-05,63127.98222695
BTCUSDT,2024-09-20 00:00:00,8.065e-05,62929.30000000
BTCUSDT,2024-09-20 08:00:00,-5.03e-06,63494.40000000
BTCUSDT,2024-09-20 16:00:00,5.543e-05,63115.60000000
BTCUSDT,2024-09-21 00:00:00,4.638e-05,63181.22999291
BTCUSDT,2024-09-21 08:00:00,0.0001,63062.62952171
BTCUSDT,2024-09-21 16:00:00,8.234e-05,63146.60000000
BTCUSDT,2024-09-22 00:00:00,6.285e-05,63320.70000000
BTCUSDT,2024-09-22 08:00:00,9.254e-05,62909.30000000
BTCUSDT,2024-09-22 16:00:00,5.537e-05,62628.23061702
BTCUSDT,2024-09-23 00:00:00,6.546e-05,63558.50000000
BTCUSDT,2024-09-23 08:00:00,1.364e-05,63519.90000000
BTCUSDT,2024-09-23 16:00:00,5.304e-05,63589.80000000
BTCUSDT,2024-09-24 00:00:00,2.324e-05,63303.39994326
BTCUSDT,2024-09-24 08:00:00,2.895e-05,63531.97252482
BTCUSDT,2024-09-24 16:00:00,-1.82e-06,63128.90000000
BTCUSDT,2024-09-25 00:00:00,1.223e-05,64243.20000000
BTCUSDT,2024-09-25 08:00:00,1.141e-05,63815.43419858
BTCUSDT,2024-09-25 16:00:00,1.336e-05,63470.00000000
BTCUSDT,2024-09-26 00:00:00,1.65e-05,63121.20731206
BTCUSDT,2024-09-26 08:00:00,6.246e-05,63823.40000000
BTCUSDT,2024-09-26 16:00:00,0.0001,65195.98735461
BTCUSDT,2024-09-27 00:00:00,0.0001,65144.38297872
BTCUSDT,2024-09-27 08:00:00,6.722e-05,65443.46173050
BTCUSDT,2024-09-27 16:00:00,2.275e-05,65974.85614184
BTCUSDT,2024-09-28 00:00:00,5.455e-05,65749.60000000
BTCUSDT,2024-09-28 08:00:00,8.3e-05,65794.28179433
BTCUSDT,2024-09-28 16:00:00,1.414e-05,65595.27422695
BTCUSDT,2024-09-29 00:00:00,7.25e-06,65826.65036170
BTCUSDT,2024-09-29 08:00:00,3.128e-05,65444.82504255
BTCUSDT,2024-09-29 16:00:00,7.253e-05,65720.00000000
BTCUSDT,2024-09-30 00:00:00,3.077e-05,65571.63404255
BTCUSDT,2024-09-30 08:00:00,7.939e-05,64539.00000000
BTCUSDT,2024-09-30 16:00:00,0.0001,63535.70000000
BTCUSDT,2024-10-01 00:00:00,0.0001,63313.79948227
BTCUSDT,2024-10-01 08:00:00,0.0001,64017.00000000
BTCUSDT,2024-10-01 16:00:00,0.0001,62631.58188652
BTCUSDT,2024-10-02 00:00:00,6.632e-05,60789.16184397
BTCUSDT,2024-10-02 08:00:00,8.409e-05,61703.76278014
BTCUSDT,2024-10-02 16:00:00,8.191e-05,61851.64026950
BTCUSDT,2024-10-03 00:00:00,4.381e-05,60622.60000000
BTCUSDT,2024-10-03 08:00:00,3.746e-05,60908.25041844
BTCUSDT,2024-10-03 16:00:00,4.99e-05,60606.40000000
BTCUSDT,2024-10-04 00:00:00,7.097e-05,60727.20000000
BTCUSDT,2024-10-04 08:00:00,2.119e-05,61405.54564539
BTCUSDT,2024-10-04 16:00:00,2.43e-06,61839.90000000
BTCUSDT,2024-10-05 00:00:00,-1.596e-05,62056.30000000
BTCUSDT,2024-10-05 08:00:00,1.088e-05,62049.40834043
BTCUSDT,2024-10-05 16:00:00,8.61e-06,62137.44147431
BTCUSDT,2024-10-06 00:00:00,5.72e-06,62030.78465150
BTCUSDT,2024-10-06 08:00:00,3.288e-05,61921.90959612
BTCUSDT,2024-10-06 16:00:00,4.18e-05,62692.35314894
BTCUSDT,2024-10-07 00:00:00,4.573e-05,62791.83731206
BTCUSDT,2024-10-07 08:00:00,-9.52e-06,63510.00000000
BTCUSDT,2024-10-07 16:00:00,2.177e-05,63633.19230496
BTCUSDT,2024-10-08 00:00:00,-1.678e-05,62199.75722695
BTCUSDT,2024-10-08 08:00:00,7.094e-05,62291.40000000
BTCUSDT,2024-10-08 16:00:00,8.1e-05,62259.90000000
BTCUSDT,2024-10-09 00:00:00,0.0001,62133.03330496
BTCUSDT,2024-10-09 08:00:00,5.138e-05,62243.96385816
BTCUSDT,2024-10-09 16:00:00,7.939e-05,62285.30000000
BTCUSDT,2024-10-10 00:00:00,2.09e-05,60607.48575935
BTCUSDT,2024-10-10 08:00:00,1.532e-05,60874.85382979
BTCUSDT,2024-10-10 16:00:00,0.0001,60768.62359574
BTCUSDT,2024-10-11 00:00:00,2.231e-05,60293.80800440
BTCUSDT,2024-10-11 08:00:00,-1.874e-05,60648.44046099
BTCUSDT,2024-10-11 16:00:00,1.2e-06,62225.57043262
BTCUSDT,2024-10-12 00:00:00,4.558e-05,62509.00000000
BTCUSDT,2024-10-12 08:00:00,7.664e-05,62734.47038298
BTCUSDT,2024-10-12 16:00:00,-1.489e-05,63124.80000000
BTCUSDT,2024-10-13 00:00:00,6.93e-06,63175.90000000
BTCUSDT,2024-10-13 08:00:00,1.638e-05,62818.90000000
BTCUSDT,2024-10-13 16:00:00,3.938e-05,62195.20000000
BTCUSDT,2024-10-14 00:00:00,5.429e-05,62841.10753191
BTCUSDT,2024-10-14 08:00:00,0.0001,64603.73577305
BTCUSDT,2024-10-14 16:00:00,0.0001,65853.81444681
BTCUSDT,2024-10-15 00:00:00,0.0001,66064.90000000
BTCUSDT,2024-10-15 08:00:00,0.0001,65638.30000000
BTCUSDT,2024-10-15 16:00:00,0.0001,65994.70000000
BTCUSDT,2024-10-16 00:00:00,8.325e-05,67048.63902128
BTCUSDT,2024-10-16 08:00:00,8.5e-05,66948.90000000
BTCUSDT,2024-10-16 16:00:00,0.0001,67726.00000000
BTCUSDT,2024-10-17 00:00:00,0.0001,67594.01401418
BTCUSDT,2024-10-17 08:00:00,0.0001,67281.31711348
BTCUSDT,2024-10-17 16:00:00,0.0001,67561.80000000
BTCUSDT,2024-10-18 00:00:00,0.0001,67406.17999291
BTCUSDT,2024-10-18 08:00:00,0.0001,67956.37085840
BTCUSDT,2024-10-18 16:00:00,0.0001,68710.00000000
BTCUSDT,2024-10-19 00:00:00,0.0001,68407.90000000
BTCUSDT,2024-10-19 08:00:00,0.0001,68328.80000000
BTCUSDT,2024-10-19 16:00:00,0.0001,68210.10911959
BTCUSDT,2024-10-20 00:00:00,0.0001,68357.10000000
BTCUSDT,2024-10-20 08:00:00,0.0001,68350.38066857
BTCUSDT,2024-10-20 16:00:00,0.0001,68605.00000000
BTCUSDT,2024-10-21 00:00:00,0.0001,69021.90495965
BTCUSDT,2024-10-21 08:00:00,0.0001,68513.88736170
BTCUSDT,2024-10-21 16:00:00,0.0001,67349.29462411
BTCUSDT,2024-10-22 00:00:00,0.0001,67368.70000000
BTCUSDT,2024-10-22 08:00:00,0.0001,67387.30000000
BTCUSDT,2024-10-22 16:00:00,0.0001,67271.54104965
BTCUSDT,2024-10-23 00:00:00,0.0001,67410.62232624
BTCUSDT,2024-10-23 08:00:00,0.0001,66838.00000000
BTCUSDT,2024-10-23 16:00:00,0.0001,66207.10773050
BTCUSDT,2024-10-24 00:00:00,0.0001,66649.66592908
BTCUSDT,2024-10-24 08:00:00,0.0001,67104.50000000
BTCUSDT,2024-10-24 16:00:00,0.0001,67672.84020567
BTCUSDT,2024-10-25 00:00:00,0.0001,68175.57805674
BTCUSDT,2024-10-25 08:00:00,0.0001,67503.60000000
BTCUSDT,2024-10-25 16:00:00,0.0001,67667.15595745
BTCUSDT,2024-10-26 00:00:00,4.755e-05,66679.84317682
BTCUSDT,2024-10-26 08:00:00,7.569e-05,66982.64575316
BTCUSDT,2024-10-26 16:00:00,0.0001,66864.20000000
BTCUSDT,2024-10-27 00:00:00,0.0001,67071.90000000
BTCUSDT,2024-10-27 08:00:00,9.724e-05,67174.80000000
BTCUSDT,2024-10-27 16:00:00,0.0001,67760.95565906
BTCUSDT,2024-10-28 00:00:00,9.425e-05,67997.20000000
BTCUSDT,2024-10-28 08:00:00,0.0001,68395.69875177
BTCUSDT,2024-10-28 16:00:00,8.946e-05,68463.40000000
BTCUSDT,2024-10-29 00:00:00,0.0001,69940.00000000
BTCUSDT,2024-10-29 08:00:00,0.0001,70992.07872340
BTCUSDT,2024-10-29 16:00:00,0.0001,72382.82027660
BTCUSDT,2024-10-30 00:00:00,0.0001,72738.79255319
BTCUSDT,2024-10-30 08:00:00,0.0001,72244.90000000
BTCUSDT,2024-10-30 16:00:00,0.0001,72060.36978723
BTCUSDT,2024-10-31 00:00:00,0.0001,72350.66829787
BTCUSDT,2024-10-31 08:00:00,0.0001,72417.80000000
BTCUSDT,2024-10-31 16:00:00,0.0001,70637.76350697
BTCUSDT,2024-11-01 00:00:00,0.0001,70318.15929787
BTCUSDT,2024-11-01 08:00:00,0.0001,69300.16876596
BTCUSDT,2024-11-01 16:00:00,0.0001,69380.64255319
BTCUSDT,2024-11-02 00:00:00,0.0001,69496.19465248
BTCUSDT,2024-11-02 08:00:00,0.0001,69813.99829787
BTCUSDT,2024-11-02 16:00:00,0.0001,69396.79744681
BTCUSDT,2024-11-03 00:00:00,0.0001,69366.60000000
BTCUSDT,2024-11-03 08:00:00,0.0001,68395.17851064
BTCUSDT,2024-11-03 16:00:00,0.0001,68096.02508511
BTCUSDT,2024-11-04 00:00:00,0.0001,68762.50000000
BTCUSDT,2024-11-04 08:00:00,0.0001,68602.86114394
BTCUSDT,2024-11-04 16:00:00,0.0001,68623.66917730
BTCUSDT,2024-11-05 00:00:00,0.0001,67836.62865957
BTCUSDT,2024-11-05 08:00:00,0.0001,68876.00000000
BTCUSDT,2024-11-05 16:00:00,0.0001,69604.99425532
BTCUSDT,2024-11-06 00:00:00,0.0001,69353.10000000
BTCUSDT,2024-11-06 08:00:00,0.0001,73423.50465248
BTCUSDT,2024-11-06 16:00:00,0.0001,74299.90773050
BTCUSDT,2024-11-07 00:00:00,0.0001,75575.32614894
BTCUSDT,2024-11-07 08:00:00,0.0001,74800.00000000
BTCUSDT,2024-11-07 16:00:00,0.0001,76075.60378723
BTCUSDT,2024-11-08 00:00:00,0.0001,75854.54638298
BTCUSDT,2024-11-08 08:00:00,0.0001,76170.90000000
BTCUSDT,2024-11-08 16:00:00,0.0001,76423.30000000
BTCUSDT,2024-11-09 00:00:00,0.0001,76485.96961235
BTCUSDT,2024-11-09 08:00:00,0.0001,76525.24098582
BTCUSDT,2024-11-09 16:00:00,0.0001,76305.60000000
BTCUSDT,2024-11-10 00:00:00,0.0001,76676.09297872
BTCUSDT,2024-11-10 08:00:00,0.00025603,78858.20000000
BTCUSDT,2024-11-10 16:00:00,0.00014113,79735.10000000
BTCUSDT,2024-11-11 00:00:00,0.00036878,80409.90000000
BTCUSDT,2024-11-11 08:00:00,0.0001,81147.80000000
BTCUSDT,2024-11-11 16:00:00,0.0001,84108.24075887
BTCUSDT,2024-11-12 00:00:00,0.00049133,88729.00000000
BTCUSDT,2024-11-12 08:00:00,0.00043737,89095.40000000
BTCUSDT,2024-11-12 16:00:00,0.00038754,86642.44216434
BTCUSDT,2024-11-13 00:00:00,0.0001,87964.81392908
BTCUSDT,2024-11-13 08:00:00,0.00013101,87398.59256270
BTCUSDT,2024-11-13 16:00:00,0.00021856,92602.70000000
BTCUSDT,2024-11-14 00:00:00,0.0001,90413.12446212
BTCUSDT,2024-11-14 08:00:00,0.0001,90818.90000000
BTCUSDT,2024-11-14 16:00:00,0.0001,87998.09286364
BTCUSDT,2024-11-15 00:00:00,0.0001,87376.26048485
BTCUSDT,2024-11-15 08:00:00,0.0001,87691.73393182
BTCUSDT,2024-11-15 16:00:00,0.00010977,88485.40000000
BTCUSDT,2024-11-16 00:00:00,0.0001,91074.60000000
BTCUSDT,2024-11-16 08:00:00,0.0001,91172.07627273
BTCUSDT,2024-11-16 16:00:00,0.00013231,90578.00000000
BTCUSDT,2024-11-17 00:00:00,0.00015765,90607.94334091
BTCUSDT,2024-11-17 08:00:00,0.0001,90599.90000000
BTCUSDT,2024-11-17 16:00:00,0.00010577,90309.70000000
BTCUSDT,2024-11-18 00:00:00,0.0001,89891.57867424
BTCUSDT,2024-11-18 08:00:00,0.0003645,91793.76963166
BTCUSDT,2024-11-18 16:00:00,0.00021318,92413.93032576
BTCUSDT,2024-11-19 00:00:00,0.00021606,90502.14808333
BTCUSDT,2024-11-19 08:00:00,0.00030216,91680.59587879
BTCUSDT,2024-11-19 16:00:00,0.00017959,92442.80000000
BTCUSDT,2024-11-20 00:00:00,0.0001,92314.05812121
BTCUSDT,2024-11-20 08:00:00,0.0001,92855.88699242
BTCUSDT,2024-11-20 16:00:00,0.0001,94737.50000000
BTCUSDT,2024-11-21 00:00:00,0.0001,94279.51894697
BTCUSDT,2024-11-21 08:00:00,0.0001,96950.00000000
BTCUSDT,2024-11-21 16:00:00,0.0001,96677.04645768
BTCUSDT,2024-11-22 00:00:00,0.0001,98365.10186364
BTCUSDT,2024-11-22 08:00:00,0.0001,99242.81251773
BTCUSDT,2024-11-22 16:00:00,0.0001,98699.90000000
BTCUSDT,2024-11-23 00:00:00,0.0001,98918.67765957
BTCUSDT,2024-11-23 08:00:00,0.0001,98599.83297163
BTCUSDT,2024-11-23 16:00:00,0.0001,98426.00000000
BTCUSDT,2024-11-24 00:00:00,0.0001,97725.50000000
BTCUSDT,2024-11-24 08:00:00,0.00016148,98483.95812057
BTCUSDT,2024-11-24 16:00:00,0.00023228,95996.21422597
BTCUSDT,2024-11-25 00:00:00,0.00021035,97960.50000000
BTCUSDT,2024-11-25 08:00:00,0.0001,98106.56588652
BTCUSDT,2024-11-25 16:00:00,0.00025233,96029.20382270
BTCUSDT,2024-11-26 00:00:00,0.00021902,93064.10000000
BTCUSDT,2024-11-26 08:00:00,0.00017936,93837.30000000
BTCUSDT,2024-11-26 16:00:00,0.00029599,92870.07960284
BTCUSDT,2024-11-27 00:00:00,0.00031205,92013.70000000
BTCUSDT,2024-11-27 08:00:00,0.00016795,93652.10000000
BTCUSDT,2024-11-27 16:00:00,0.0001,95605.80000000
BTCUSDT,2024-11-28 00:00:00,0.0001,95904.89554610
BTCUSDT,2024-11-28 08:00:00,0.00014326,95360.15442553
BTCUSDT,2024-11-28 16:00:00,0.00011859,95057.36946809
BTCUSDT,2024-11-29 00:00:00,0.00020619,95693.94427733
BTCUSDT,2024-11-29 08:00:00,0.00011747,95692.14071631
BTCUSDT,2024-11-29 16:00:00,0.00021921,98075.20000000
BTCUSDT,2024-11-30 00:00:00,0.0001,97516.30000000
BTCUSDT,2024-11-30 08:00:00,0.00015909,96843.30000000
BTCUSDT,2024-11-30 16:00:00,0.00012063,96707.40000000
BTCUSDT,2024-12-01 00:00:00,0.00015901,96462.19087234
BTCUSDT,2024-12-01 08:00:00,0.00019581,96522.20604965
BTCUSDT,2024-12-01 16:00:00,0.0001,97081.50000000
BTCUSDT,2024-12-02 00:00:00,0.00025726,97265.10000000
BTCUSDT,2024-12-02 08:00:00,0.00024556,96046.45249645
BTCUSDT,2024-12-02 16:00:00,0.00013387,97120.00000000
BTCUSDT,2024-12-03 00:00:00,0.00012779,95889.10653191
BTCUSDT,2024-12-03 08:00:00,0.00024926,95616.20000000
BTCUSDT,2024-12-03 16:00:00,0.00011952,95746.09226241
BTCUSDT,2024-12-04 00:00:00,0.00026634,95913.27097163
BTCUSDT,2024-12-04 08:00:00,0.00026254,96652.10000000
BTCUSDT,2024-12-04 16:00:00,0.00023234,95801.60480851
BTCUSDT,2024-12-05 00:00:00,0.00027625,98689.14430496
BTCUSDT,2024-12-05 08:00:00,0.00072446,102283.62766667
BTCUSDT,2024-12-05 16:00:00,0.00047059,101350.10000000
BTCUSDT,2024-12-06 00:00:00,0.0001,97001.60000000
BTCUSDT,2024-12-06 08:00:00,0.00014634,98207.61513475
BTCUSDT,2024-12-06 16:00:00,0.0001,99357.34402837
BTCUSDT,2024-12-07 00:00:00,0.00031972,99802.50000000
BTCUSDT,2024-12-07 08:00:00,0.00012374,99442.60000000
BTCUSDT,2024-12-07 16:00:00,0.0001409,99811.50000000
BTCUSDT,2024-12-08 00:00:00,0.00016985,99899.10000000
BTCUSDT,2024-12-08 08:00:00,0.00016572,99741.60000000
BTCUSDT,2024-12-08 16:00:00,0.0001758,99975.00000000
BTCUSDT,2024-12-09 00:00:00,0.00030413,101193.94399291
BTCUSDT,2024-12-09 08:00:00,0.00021032,99633.40225532
BTCUSDT,2024-12-09 16:00:00,0.00011115,97835.11267376
BTCUSDT,2024-12-10 00:00:00,0.0001,97349.10000000
BTCUSDT,2024-12-10 08:00:00,0.0001,97217.70000000
BTCUSDT,2024-12-10 16:00:00,0.0001,95657.98175887
BTCUSDT,2024-12-11 00:00:00,0.0001,96602.30000000
BTCUSDT,2024-12-11 08:00:00,0.0001,97336.18173050
BTCUSDT,2024-12-11 16:00:00,0.0001,100361.01297872
BTCUSDT,2024-12-12 00:00:00,0.0001,101106.90000000
BTCUSDT,2024-12-12 08:00:00,0.0001,100486.46369504
BTCUSDT,2024-12-12 16:00:00,0.0001,101775.10000000
BTCUSDT,2024-12-13 00:00:00,0.0001,99982.30000000
BTCUSDT,2024-12-13 08:00:00,0.0001,100099.90000000
BTCUSDT,2024-12-13 16:00:00,0.0001,99840.10000000
BTCUSDT,2024-12-14 00:00:00,6.75e-05,101371.90000000
BTCUSDT,2024-12-14 08:00:00,0.0001,101787.00000000
BTCUSDT,2024-12-14 16:00:00,0.0001,101610.85002837
BTCUSDT,2024-12-15 00:00:00,0.0001,101391.60376371
BTCUSDT,2024-12-15 08:00:00,8.194e-05,101673.93346099
BTCUSDT,2024-12-15 16:00:00,0.0001,102674.84886525
BTCUSDT,2024-12-16 00:00:00,0.0001,104449.00000000
BTCUSDT,2024-12-16 08:00:00,0.0001,104960.31446809
BTCUSDT,2024-12-16 16:00:00,9.181e-05,106285.31279433
BTCUSDT,2024-12-17 00:00:00,7.866e-05,106023.30000000
BTCUSDT,2024-12-17 08:00:00,0.0001,106789.01585106
BTCUSDT,2024-12-17 16:00:00,0.0001,106438.49711348
BTCUSDT,2024-12-18 00:00:00,0.0001,106083.97803546
BTCUSDT,2024-12-18 08:00:00,9.159e-05,104203.79516312
BTCUSDT,2024-12-18 16:00:00,0.0001,104395.10000000
BTCUSDT,2024-12-19 00:00:00,0.0001,100180.74653901
BTCUSDT,2024-12-19 08:00:00,0.0001,101625.15913475
BTCUSDT,2024-12-19 16:00:00,0.0001,100657.71907801
BTCUSDT,2024-12-20 00:00:00,0.0001,97434.40000000
BTCUSDT,2024-12-20 08:00:00,0.0001,97822.91234043
BTCUSDT,2024-12-20 16:00:00,0.0001,96968.45573050
BTCUSDT,2024-12-21 00:00:00,0.0001,97764.50000000
BTCUSDT,2024-12-21 08:00:00,1.206e-05,98985.40130496
BTCUSDT,2024-12-21 16:00:00,0.0001,97486.50000000
BTCUSDT,2024-12-22 00:00:00,0.0001,97261.80000000
BTCUSDT,2024-12-22 08:00:00,0.0001,96182.08468085
BTCUSDT,2024-12-22 16:00:00,9.629e-05,95340.90000000
BTCUSDT,2024-12-23 00:00:00,0.0001,95155.89321986
BTCUSDT,2024-12-23 08:00:00,0.0001,95360.40000000
BTCUSDT,2024-12-23 16:00:00,8.981e-05,93217.60000000
BTCUSDT,2024-12-24 00:00:00,0.0001,94861.10000000
BTCUSDT,2024-12-24 08:00:00,0.0001,94199.90000000
BTCUSDT,2024-12-24 16:00:00,0.0001,98246.90943972
BTCUSDT,2024-12-25 00:00:00,0.0001,98633.62231915
BTCUSDT,2024-12-25 08:00:00,0.0001,98052.36726950
BTCUSDT,2024-12-25 16:00:00,0.0001,98485.70000000
BTCUSDT,2024-12-26 00:00:00,9.827e-05,99379.60000000
BTCUSDT,2024-12-26 08:00:00,7.453e-05,97682.41824113
BTCUSDT,2024-12-26 16:00:00,8.585e-05,96006.00000000
BTCUSDT,2024-12-27 00:00:00,0.0001,95754.23556738
BTCUSDT,2024-12-27 08:00:00,0.0001,95074.97113475
BTCUSDT,2024-12-27 16:00:00,0.0001,94529.41337589
BTCUSDT,2024-12-28 00:00:00,0.0001,94263.83920567
BTCUSDT,2024-12-28 08:00:00,7.639e-05,94339.82516312
BTCUSDT,2024-12-28 16:00:00,5.173e-05,94407.80000000
BTCUSDT,2024-12-29 00:00:00,8.013e-05,95262.82075887
BTCUSDT,2024-12-29 08:00:00,0.0001,95233.30000000
BTCUSDT,2024-12-29 16:00:00,0.0001,94468.77931206
BTCUSDT,2024-12-30 00:00:00,-4.2e-07,93699.90000000
BTCUSDT,2024-12-30 08:00:00,8.791e-05,93700.13509929
BTCUSDT,2024-12-30 16:00:00,0.0001,92087.24777305
BTCUSDT,2024-12-31 00:00:00,0.0001,92760.38528369
BTCUSDT,2024-12-31 08:00:00,0.0001,92819.50000000
BTCUSDT,2024-12-31 16:00:00,0.0001,95389.40000000
BTCUSDT,2025-01-01 00:00:00,0.0001,93549.66175177
BTCUSDT,2025-01-01 08:00:00,0.0001,93660.97108511
BTCUSDT,2025-01-01 16:00:00,0.0001,94413.60000000
BTCUSDT,2025-01-02 00:00:00,0.0001,94581.00000000
BTCUSDT,2025-01-02 08:00:00,0.0001,95815.30000000
BTCUSDT,2025-01-02 16:00:00,0.0001,96438.30000000
BTCUSDT,2025-01-03 00:00:00,0.0001,96967.50000000
BTCUSDT,2025-01-03 08:00:00,0.0001,96275.00000000
BTCUSDT,2025-01-03 16:00:00,5.242e-05,97481.09407092
BTCUSDT,2025-01-04 00:00:00,7.699e-05,98145.80000000
BTCUSDT,2025-01-04 08:00:00,0.0001,98244.20000000
BTCUSDT,2025-01-04 16:00:00,7.98e-06,97632.05677305
BTCUSDT,2025-01-05 00:00:00,0.0001,98173.20000000
BTCUSDT,2025-01-05 08:00:00,0.0001,98225.73287943
BTCUSDT,2025-01-05 16:00:00,8.32e-05,97981.80000000
BTCUSDT,2025-01-06 00:00:00,0.0001,98340.10000000
BTCUSDT,2025-01-06 08:00:00,0.0001,99280.00000000
BTCUSDT,2025-01-06 16:00:00,0.0001,102091.31002128
BTCUSDT,2025-01-07 00:00:00,0.0001,102189.30633333
BTCUSDT,2025-01-07 08:00:00,8.903e-05,101649.30000000
BTCUSDT,2025-01-07 16:00:00,8.279e-05,97916.61911959
BTCUSDT,2025-01-08 00:00:00,0.0001,96920.20000000
BTCUSDT,2025-01-08 08:00:00,0.0001,95628.40000000
BTCUSDT,2025-01-08 16:00:00,0.0001,95454.56275887
BTCUSDT,2025-01-09 00:00:00,0.0001,95036.11944681
BTCUSDT,2025-01-09 08:00:00,9.834e-05,93180.20612057
BTCUSDT,2025-01-09 16:00:00,-5.44e-06,94195.10000000
BTCUSDT,2025-01-10 00:00:00,3.966e-05,92515.04219149
BTCUSDT,2025-01-10 08:00:00,-1.06e-05,94460.50000000
BTCUSDT,2025-01-10 16:00:00,8.078e-05,93697.90000000
BTCUSDT,2025-01-11 00:00:00,5.68e-05,94680.94309929
BTCUSDT,2025-01-11 08:00:00,4.055e-05,94211.97412183
BTCUSDT,2025-01-11 16:00:00,2.608e-05,94365.80000000
BTCUSDT,2025-01-12 00:00:00,5.009e-05,94565.09560993
BTCUSDT,2025-01-12 08:00:00,3.21e-05,94291.30000000
BTCUSDT,2025-01-12 16:00:00,6.647e-05,95036.75903546
BTCUSDT,2025-01-13 00:00:00,5.266e-05,94499.90000000
BTCUSDT,2025-01-13 08:00:00,6.989e-05,93557.90000000
BTCUSDT,2025-01-13 16:00:00,8.81e-06,92108.14175000
BTCUSDT,2025-01-14 00:00:00,0.0001,94487.76413636
BTCUSDT,2025-01-14 08:00:00,0.0001,94824.19737879
BTCUSDT,2025-01-14 16:00:00,9.496e-05,96420.52184091
BTCUSDT,2025-01-15 00:00:00,4.989e-05,96515.00000000
BTCUSDT,2025-01-15 08:00:00,8.795e-05,97253.80000000
BTCUSDT,2025-01-15 16:00:00,5.844e-05,98943.30000000
BTCUSDT,2025-01-16 00:00:00,7.28e-06,100461.91109848
BTCUSDT,2025-01-16 08:00:00,7.568e-05,99762.50000000
BTCUSDT,2025-01-16 16:00:00,4.598e-05,99258.31843182
BTCUSDT,2025-01-17 00:00:00,4.597e-05,99937.40000000
BTCUSDT,2025-01-17 08:00:00,9.386e-05,101406.90000000
BTCUSDT,2025-01-17 16:00:00,3.432e-05,103946.30000000
BTCUSDT,2025-01-18 00:00:00,6.707e-05,104042.50000000
BTCUSDT,2025-01-18 08:00:00,0.0001,102781.74468182
BTCUSDT,2025-01-18 16:00:00,0.0001,104537.59208333
BTCUSDT,2025-01-19 00:00:00,0.0001,104535.24007576
BTCUSDT,2025-01-19 08:00:00,0.0001,105153.39980303
BTCUSDT,2025-01-19 16:00:00,0.0001,104957.60477273
BTCUSDT,2025-01-20 00:00:00,0.0001,101308.10000000
BTCUSDT,2025-01-20 08:00:00,0.0001,107128.89547022
BTCUSDT,2025-01-20 16:00:00,0.0001,104989.60000000
BTCUSDT,2025-01-21 00:00:00,0.0001,102253.89548485
BTCUSDT,2025-01-21 08:00:00,0.0001,101983.49471970
BTCUSDT,2025-01-21 16:00:00,0.0001,103929.10000000
BTCUSDT,2025-01-22 00:00:00,0.0001,106114.40000000
BTCUSDT,2025-01-22 08:00:00,0.0001,105063.80000000
BTCUSDT,2025-01-22 16:00:00,0.0001,104138.91605185
BTCUSDT,2025-01-23 00:00:00,8.654e-05,103665.00000000
BTCUSDT,2025-01-23 08:00:00,0.0001,102668.30000000
BTCUSDT,2025-01-23 16:00:00,8.616e-05,105209.90000000
BTCUSDT,2025-01-24 00:00:00,3.34e-06,103867.57431111
BTCUSDT,2025-01-24 08:00:00,7.537e-05,104999.90000000
BTCUSDT,2025-01-24 16:00:00,9.54e-05,105821.80000000
BTCUSDT,2025-01-25 00:00:00,5.702e-05,104811.52457037
BTCUSDT,2025-01-25 08:00:00,8.495e-05,104349.40000000
BTCUSDT,2025-01-25 16:00:00,7.782e-05,104856.23635556
BTCUSDT,2025-01-26 00:00:00,8.363e-05,104701.90000000
BTCUSDT,2025-01-26 08:00:00,0.0001,104963.80000000
BTCUSDT,2025-01-26 16:00:00,8.443e-05,104920.00000000
BTCUSDT,2025-01-27 00:00:00,9.084e-05,102590.39013333
BTCUSDT,2025-01-27 08:00:00,3.712e-05,98996.40000000
BTCUSDT,2025-01-27 16:00:00,9.8e-07,101075.16971111
BTCUSDT,2025-01-28 00:00:00,0.0001,102034.61963704
BTCUSDT,2025-01-28 08:00:00,3.714e-05,102748.81021481
BTCUSDT,2025-01-28 16:00:00,9.848e-05,102732.49048889
BTCUSDT,2025-01-29 00:00:00,0.0001,101296.47861481
BTCUSDT,2025-01-29 08:00:00,0.0001,102723.30000000
BTCUSDT,2025-01-29 16:00:00,9.949e-05,101942.29171111
BTCUSDT,2025-01-30 00:00:00,7.59e-05,103698.20000000
BTCUSDT,2025-01-30 08:00:00,0.0001,105085.20000000
BTCUSDT,2025-01-30 16:00:00,9.499e-05,105521.20000000
BTCUSDT,2025-01-31 00:00:00,1.225e-05,104677.00000000
BTCUSDT,2025-01-31 08:00:00,0.0001,104167.68758519
BTCUSDT,2025-01-31 16:00:00,0.0001,105417.40000000
BTCUSDT,2025-02-01 00:00:00,8.098e-05,102379.70000000
BTCUSDT,2025-02-01 08:00:00,5.369e-05,102127.00000000
BTCUSDT,2025-02-01 16:00:00,5.968e-05,102033.72678519
BTCUSDT,2025-02-02 00:00:00,5.824e-05,100603.60000000
BTCUSDT,2025-02-02 08:00:00,3.38e-05,99595.81932593
BTCUSDT,2025-02-02 16:00:00,-8.61e-06,99298.60000000
BTCUSDT,2025-02-03 00:00:00,0.0001,97665.05852593
BTCUSDT,2025-02-03 08:00:00,0.0001,95278.94922222
BTCUSDT,2025-02-03 16:00:00,4.845e-05,98799.90000000
BTCUSDT,2025-02-04 00:00:00,2.612e-05,101293.70000000
BTCUSDT,2025-02-04 08:00:00,6.8e-05,98428.05392593
BTCUSDT,2025-02-04 16:00:00,4.138e-05,99308.65560920
BTCUSDT,2025-02-05 00:00:00,-4.61e-06,97709.90000000
BTCUSDT,2025-02-05 08:00:00,4.774e-05,97816.06753333
BTCUSDT,2025-02-05 16:00:00,1.61e-05,98063.30000000
BTCUSDT,2025-02-06 00:00:00,2.186e-05,96558.04809630
BTCUSDT,2025-02-06 08:00:00,-2.38e-06,98164.90000000
BTCUSDT,2025-02-06 16:00:00,5.903e-05,97285.60000000
BTCUSDT,2025-02-07 00:00:00,7.983e-05,96515.00000000
BTCUSDT,2025-02-07 08:00:00,6.989e-05,96714.18992337
BTCUSDT,2025-02-07 16:00:00,5.167e-05,98249.70000000
BTCUSDT,2025-02-08 00:00:00,-4.1e-05,96456.01788889
BTCUSDT,2025-02-08 08:00:00,1.137e-05,96153.40000000
BTCUSDT,2025-02-08 16:00:00,3.24e-06,95798.35988889
BTCUSDT,2025-02-09 00:00:00,3.873e-05,96411.90000000
BTCUSDT,2025-02-09 08:00:00,9.6e-05,97019.90000000
BTCUSDT,2025-02-09 16:00:00,2.839e-05,96443.79991852
BTCUSDT,2025-02-10 00:00:00,1.802e-05,96425.48585185
BTCUSDT,2025-02-10 08:00:00,9.176e-05,97393.10000000
BTCUSDT,2025-02-10 16:00:00,7.457e-05,97187.70000000
BTCUSDT,2025-02-11 00:00:00,4.218e-05,97384.53994815
BTCUSDT,2025-02-11 08:00:00,7.09e-05,98230.70305185
BTCUSDT,2025-02-11 16:00:00,-2.446e-05,96963.30000000
BTCUSDT,2025-02-12 00:00:00,1.298e-05,95731.40000000
BTCUSDT,2025-02-12 08:00:00,4.899e-05,96032.10000000
BTCUSDT,2025-02-12 16:00:00,4.96e-05,95768.97002963
BTCUSDT,2025-02-13 00:00:00,0.0001,97828.71390370
BTCUSDT,2025-02-13 08:00:00,4.117e-05,96022.13023704
BTCUSDT,2025-02-13 16:00:00,8.05e-06,95950.00000000
BTCUSDT,2025-02-14 00:00:00,4.1e-05,96560.60000000
BTCUSDT,2025-02-14 08:00:00,5.51e-05,96894.37109630
BTCUSDT,2025-02-14 16:00:00,7.093e-05,96886.60000000
BTCUSDT,2025-02-15 00:00:00,5.5e-07,97449.10151111
BTCUSDT,2025-02-15 08:00:00,3.297e-05,97312.50000000
BTCUSDT,2025-02-15 16:00:00,3.735e-05,97594.40000000
BTCUSDT,2025-02-16 00:00:00,3.39e-05,97537.90000000
BTCUSDT,2025-02-16 08:00:00,1.82e-06,97207.40000000
BTCUSDT,2025-02-16 16:00:00,3.799e-05,96859.04847692
BTCUSDT,2025-02-17 00:00:00,6.239e-05,96073.53976296
BTCUSDT,2025-02-17 08:00:00,6.397e-05,96031.56637778
BTCUSDT,2025-02-17 16:00:00,2.009e-05,95610.58525185
BTCUSDT,2025-02-18 00:00:00,9.488e-05,95743.10000000
BTCUSDT,2025-02-18 08:00:00,0.0001,95416.39865926
BTCUSDT,2025-02-18 16:00:00,0.0001,95510.84027407
BTCUSDT,2025-02-19 00:00:00,7.007e-05,95621.90000000
BTCUSDT,2025-02-19 08:00:00,7.779e-05,95640.40000000
BTCUSDT,2025-02-19 16:00:00,8.96e-05,95895.50000000
BTCUSDT,2025-02-20 00:00:00,2.42e-05,96605.40166667
BTCUSDT,2025-02-20 08:00:00,3.269e-05,96825.70000000
BTCUSDT,2025-02-20 16:00:00,7.346e-05,96860.90000000
BTCUSDT,2025-02-21 00:00:00,1.23e-06,98252.90000000
BTCUSDT,2025-02-21 08:00:00,2.286e-05,98128.40000000
BTCUSDT,2025-02-21 16:00:00,-9.7e-07,98057.70000000
BTCUSDT,2025-02-22 00:00:00,0.0001,96131.40247407
BTCUSDT,2025-02-22 08:00:00,6.466e-05,96241.70000000
BTCUSDT,2025-02-22 16:00:00,2.318e-05,96552.60310370
BTCUSDT,2025-02-23 00:00:00,4.112e-05,96503.38967407
BTCUSDT,2025-02-23 08:00:00,3.14e-05,96455.97020000
BTCUSDT,2025-02-23 16:00:00,1.478e-05,95392.57762963
BTCUSDT,2025-02-24 00:00:00,-2.97e-05,96218.40000000
BTCUSDT,2025-02-24 08:00:00,6.881e-05,95838.02390370
BTCUSDT,2025-02-24 16:00:00,2.05e-05,94296.00000000
BTCUSDT,2025-02-25 00:00:00,0.0001,91524.67726667
BTCUSDT,2025-02-25 08:00:00,5.245e-05,89304.14428352
BTCUSDT,2025-02-25 16:00:00,1.385e-05,87188.93212261
BTCUSDT,2025-02-26 00:00:00,3.521e-05,88639.10000000
BTCUSDT,2025-02-26 08:00:00,6.005e-05,88688.89924444
BTCUSDT,2025-02-26 16:00:00,0.0001,87534.92208148
BTCUSDT,2025-02-27 00:00:00,9.305e-05,84203.99431111
BTCUSDT,2025-02-27 08:00:00,-6.17e-06,86227.86960741
BTCUSDT,2025-02-27 16:00:00,9.433e-05,85473.85978519
BTCUSDT,2025-02-28 00:00:00,9.444e-05,84667.50000000
BTCUSDT,2025-02-28 08:00:00,9.521e-05,79174.50011852
BTCUSDT,2025-02-28 16:00:00,-3.73e-06,83971.85852874
BTCUSDT,2025-03-01 00:00:00,-1.4e-07,84300.62248148
BTCUSDT,2025-03-01 08:00:00,-6.108e-05,84707.63182963
BTCUSDT,2025-03-01 16:00:00,-8.58e-06,84758.97667407
BTCUSDT,2025-03-02 00:00:00,-1.094e-05,86017.75225185
BTCUSDT,2025-03-02 08:00:00,-2.783e-05,86191.40000000
BTCUSDT,2025-03-02 16:00:00,-2.869e-05,87376.32577037
BTCUSDT,2025-03-03 00:00:00,-5.518e-05,94228.90026667
BTCUSDT,2025-03-03 08:00:00,7.91e-06,92325.20000000
BTCUSDT,2025-03-03 16:00:00,5.272e-05,90009.40000000
BTCUSDT,2025-03-04 00:00:00,-1.526e-05,86181.90000000
BTCUSDT,2025-03-04 08:00:00,-2.7e-06,83159.40000000
BTCUSDT,2025-03-04 16:00:00,1.306e-05,82949.73682963
BTCUSDT,2025-03-05 00:00:00,4.113e-05,87246.00000000
BTCUSDT,2025-03-05 08:00:00,2.722e-05,87579.60000000
BTCUSDT,2025-03-05 16:00:00,5.028e-05,88312.60000000
BTCUSDT,2025-03-06 00:00:00,3.538e-05,90567.40845926
BTCUSDT,2025-03-06 08:00:00,6.413e-05,91314.75866667
BTCUSDT,2025-03-06 16:00:00,6.818e-05,90770.91326667
BTCUSDT,2025-03-07 00:00:00,-6.12e-06,89887.90000000
BTCUSDT,2025-03-07 08:00:00,-1.539e-05,88311.88999259
BTCUSDT,2025-03-07 16:00:00,2.028e-05,88417.95212593
BTCUSDT,2025-03-08 00:00:00,5.328e-05,86753.80000000
BTCUSDT,2025-03-08 08:00:00,3.73e-06,86159.98070370
BTCUSDT,2025-03-08 16:00:00,1.208e-05,86360.00000000
BTCUSDT,2025-03-09 00:00:00,-2.779e-05,86184.80000000
BTCUSDT,2025-03-09 08:00:00,3.218e-05,85973.77313333
BTCUSDT,2025-03-09 16:00:00,0.0001,83040.22277037
BTCUSDT,2025-03-10 00:00:00,3.952e-05,80688.70000000
